2026-07-19 10:36:59.821 | ERROR    | app.services.auth.auth_service:signup:46 - HTTP request to Supabase failed: [Errno -2] Name or service not known
2026-07-19 10:36:59.823 | ERROR    | app.middleware.error_handlers:http_exception_handler:11 - HTTP 503 - POST /api/v1/auth/signup - Detail: Auth provider is currently unreachable.
2026-07-19 10:37:22.160 | ERROR    | app.services.auth.auth_service:login:74 - HTTP request to Supabase failed: [Errno -2] Name or service not known
2026-07-19 10:37:22.161 | ERROR    | app.middleware.error_handlers:http_exception_handler:11 - HTTP 503 - POST /api/v1/auth/login - Detail: Auth provider is currently unreachable.
2026-07-19 10:37:23.990 | ERROR    | app.services.auth.auth_service:login:74 - HTTP request to Supabase failed: [Errno -2] Name or service not known
2026-07-19 10:37:23.991 | ERROR    | app.middleware.error_handlers:http_exception_handler:11 - HTTP 503 - POST /api/v1/auth/login - Detail: Auth provider is currently unreachable.
2026-07-19 10:38:00.609 | ERROR    | app.api.health.router:system_health_check:41 - Database health check failed: [Errno 101] Network is unreachable
2026-07-19 10:39:00.975 | ERROR    | app.services.auth.auth_service:login:74 - HTTP request to Supabase failed: [Errno -2] Name or service not known
2026-07-19 10:39:00.978 | ERROR    | app.middleware.error_handlers:http_exception_handler:11 - HTTP 503 - POST /api/v1/auth/login - Detail: Auth provider is currently unreachable.
2026-07-19 10:39:22.005 | ERROR    | app.api.health.router:system_health_check:41 - Database health check failed: [Errno 101] Network is unreachable
2026-07-19 10:41:53.559 | ERROR    | app.api.health.router:system_health_check:41 - Database health check failed: (ENOTFOUND) tenant/user postgres.audplcczltbpjgrpjxwn not found
2026-07-19 10:55:12.600 | ERROR    | app.services.auth.auth_service:login:67 - Supabase Login error: {'message': 'Invalid API key', 'hint': 'Double check your Supabase `anon` or `service_role` API key.'}
2026-07-19 10:55:12.603 | ERROR    | app.middleware.error_handlers:http_exception_handler:11 - HTTP 401 - POST /api/v1/auth/login - Detail: Invalid login credentials.
2026-07-19 10:55:26.338 | ERROR    | app.services.auth.auth_service:refresh_token:94 - Supabase Refresh Token error: {'message': 'Invalid API key', 'hint': 'Double check your Supabase `anon` or `service_role` API key.'}
2026-07-19 10:55:26.342 | ERROR    | app.middleware.error_handlers:http_exception_handler:11 - HTTP 401 - POST /api/v1/auth/refresh - Detail: Invalid refresh token.
2026-07-19 11:01:02.827 | ERROR    | app.services.auth.auth_service:signup:39 - Supabase Signup error: {'message': 'Invalid API key', 'hint': 'Double check your Supabase `anon` or `service_role` API key.'}
2026-07-19 11:01:02.830 | ERROR    | app.middleware.error_handlers:http_exception_handler:11 - HTTP 401 - POST /api/v1/auth/signup - Detail: Error during signup process.
2026-07-19 11:01:03.012 | ERROR    | app.services.auth.auth_service:login:67 - Supabase Login error: {'message': 'Invalid API key', 'hint': 'Double check your Supabase `anon` or `service_role` API key.'}
2026-07-19 11:01:03.015 | ERROR    | app.middleware.error_handlers:http_exception_handler:11 - HTTP 401 - POST /api/v1/auth/login - Detail: Invalid login credentials.
2026-07-19 11:01:38.041 | ERROR    | app.services.auth.auth_service:signup:40 - Supabase Signup error: {'message': 'Invalid API key', 'hint': 'Double check your Supabase `anon` or `service_role` API key.'}
2026-07-19 11:01:38.043 | ERROR    | app.middleware.error_handlers:http_exception_handler:11 - HTTP 401 - POST /api/v1/auth/signup - Detail: Error during signup process.
2026-07-19 11:01:38.236 | ERROR    | app.services.auth.auth_service:login:68 - Supabase Login error: {'message': 'Invalid API key', 'hint': 'Double check your Supabase `anon` or `service_role` API key.'}
2026-07-19 11:01:38.240 | ERROR    | app.middleware.error_handlers:http_exception_handler:11 - HTTP 401 - POST /api/v1/auth/login - Detail: Invalid login credentials.
2026-07-19 11:02:06.483 | ERROR    | app.services.auth.auth_service:login:68 - Supabase Login error: {'code': 400, 'error_code': 'email_not_confirmed', 'msg': 'Email not confirmed'}
2026-07-19 11:02:06.487 | ERROR    | app.middleware.error_handlers:http_exception_handler:11 - HTTP 400 - POST /api/v1/auth/login - Detail: Invalid login credentials.
2026-07-19 11:02:17.056 | ERROR    | app.middleware.logging:dispatch:27 - Exception during request POST /api/v1/auth/login: For many-to-one relationship Folder.subfolders, delete-orphan cascade is normally configured only on the "one" side of a one-to-many relationship, and not on the "many" side of a many-to-one or many-to-many relationship.  To force this relationship to allow a particular "Folder" object to be referenced by only a single "Folder" object at a time via the Folder.subfolders relationship, which would allow delete-orphan cascade to take place in this direction, set the single_parent=True flag. (Background on this error at: https://sqlalche.me/e/20/bbf0) | Latency: 3.2166s
2026-07-19 11:02:17.057 | ERROR    | app.middleware.error_handlers:general_exception_handler:52 - Unhandled system error - POST /api/v1/auth/login - Error: For many-to-one relationship Folder.subfolders, delete-orphan cascade is normally configured only on the "one" side of a one-to-many relationship, and not on the "many" side of a many-to-one or many-to-many relationship.  To force this relationship to allow a particular "Folder" object to be referenced by only a single "Folder" object at a time via the Folder.subfolders relationship, which would allow delete-orphan cascade to take place in this direction, set the single_parent=True flag. (Background on this error at: https://sqlalche.me/e/20/bbf0)
Traceback (most recent call last):

  File "<string>", line 1, in <module>
  File "/usr/local/lib/python3.13/multiprocessing/spawn.py", line 122, in spawn_main
    exitcode = _main(fd, parent_sentinel)
               │     │   └ 4
               │     └ 7
               └ <function _main at 0x71a82b400400>
  File "/usr/local/lib/python3.13/multiprocessing/spawn.py", line 135, in _main
    return self._bootstrap(parent_sentinel)
           │    │          └ 4
           │    └ <function BaseProcess._bootstrap at 0x71a82b53f9c0>
           └ <SpawnProcess name='SpawnProcess-1' parent=1 started>
  File "/usr/local/lib/python3.13/multiprocessing/process.py", line 313, in _bootstrap
    self.run()
    │    └ <function BaseProcess.run at 0x71a82b53ef20>
    └ <SpawnProcess name='SpawnProcess-1' parent=1 started>
  File "/usr/local/lib/python3.13/multiprocessing/process.py", line 108, in run
    self._target(*self._args, **self._kwargs)
    │    │        │    │        │    └ {'config': <uvicorn.config.Config object at 0x71a82b52f0e0>, 'target': <bound method Server.run of <uvicorn.server.Server obj...
    │    │        │    │        └ <SpawnProcess name='SpawnProcess-1' parent=1 started>
    │    │        │    └ ()
    │    │        └ <SpawnProcess name='SpawnProcess-1' parent=1 started>
    │    └ <function subprocess_started at 0x71a82a579d00>
    └ <SpawnProcess name='SpawnProcess-1' parent=1 started>
  File "/usr/local/lib/python3.13/site-packages/uvicorn/_subprocess.py", line 80, in subprocess_started
    target(sockets=sockets)
    │              └ [<socket.socket fd=3, family=2, type=1, proto=0, laddr=('0.0.0.0', 8000)>]
    └ <bound method Server.run of <uvicorn.server.Server object at 0x71a82a4a9160>>
  File "/usr/local/lib/python3.13/site-packages/uvicorn/server.py", line 74, in run
    return asyncio_run(self.serve(sockets=sockets), loop_factory=self.config.get_loop_factory())
           │           │    │             │                      │    │      └ <function Config.get_loop_factory at 0x71a82a768fe0>
           │           │    │             │                      │    └ <uvicorn.config.Config object at 0x71a82b52f0e0>
           │           │    │             │                      └ <uvicorn.server.Server object at 0x71a82a4a9160>
           │           │    │             └ [<socket.socket fd=3, family=2, type=1, proto=0, laddr=('0.0.0.0', 8000)>]
           │           │    └ <function Server.serve at 0x71a82a578fe0>
           │           └ <uvicorn.server.Server object at 0x71a82a4a9160>
           └ <function run at 0x71a82b11cf40>
  File "/usr/local/lib/python3.13/asyncio/runners.py", line 196, in run
    return runner.run(main)
           │      │   └ <coroutine object Server.serve at 0x71a82a4da340>
           │      └ <function Runner.run at 0x71a82b138720>
           └ <asyncio.runners.Runner object at 0x71a82b5feba0>
  File "/usr/local/lib/python3.13/asyncio/runners.py", line 119, in run
    return self._loop.run_until_complete(task)
           │    │     │                  └ <Task pending name='Task-1' coro=<Server.serve() running at /usr/local/lib/python3.13/site-packages/uvicorn/server.py:78> wai...
           │    │     └ <cyfunction Loop.run_until_complete at 0x71a82a53c040>
           │    └ <uvloop.Loop running=True closed=False debug=False>
           └ <asyncio.runners.Runner object at 0x71a82b5feba0>
  File "/usr/local/lib/python3.13/site-packages/uvicorn/protocols/http/httptools_impl.py", line 422, in run_asgi
    result = await app(  # type: ignore[func-returns-value]
                   └ <uvicorn.middleware.proxy_headers.ProxyHeadersMiddleware object at 0x71a8268a1400>
  File "/usr/local/lib/python3.13/site-packages/uvicorn/middleware/proxy_headers.py", line 63, in __call__
    return await self.app(scope, receive, send)
                 │    │   │      │        └ <bound method RequestResponseCycle.send of <uvicorn.protocols.http.httptools_impl.RequestResponseCycle object at 0x71a826604a...
                 │    │   │      └ <bound method RequestResponseCycle.receive of <uvicorn.protocols.http.httptools_impl.RequestResponseCycle object at 0x71a8266...
                 │    │   └ {'type': 'http', 'asgi': {'version': '3.0', 'spec_version': '2.3'}, 'http_version': '1.1', 'server': ('127.0.0.1', 8000), 'cl...
                 │    └ <fastapi.applications.FastAPI object at 0x71a8268a0050>
                 └ <uvicorn.middleware.proxy_headers.ProxyHeadersMiddleware object at 0x71a8268a1400>
  File "/usr/local/lib/python3.13/site-packages/fastapi/applications.py", line 1163, in __call__
    await super().__call__(scope, receive, send)
                           │      │        └ <bound method RequestResponseCycle.send of <uvicorn.protocols.http.httptools_impl.RequestResponseCycle object at 0x71a826604a...
                           │      └ <bound method RequestResponseCycle.receive of <uvicorn.protocols.http.httptools_impl.RequestResponseCycle object at 0x71a8266...
                           └ {'type': 'http', 'asgi': {'version': '3.0', 'spec_version': '2.3'}, 'http_version': '1.1', 'server': ('127.0.0.1', 8000), 'cl...
  File "/usr/local/lib/python3.13/site-packages/starlette/applications.py", line 90, in __call__
    await self.middleware_stack(scope, receive, send)
          │    │                │      │        └ <bound method RequestResponseCycle.send of <uvicorn.protocols.http.httptools_impl.RequestResponseCycle object at 0x71a826604a...
          │    │                │      └ <bound method RequestResponseCycle.receive of <uvicorn.protocols.http.httptools_impl.RequestResponseCycle object at 0x71a8266...
          │    │                └ {'type': 'http', 'asgi': {'version': '3.0', 'spec_version': '2.3'}, 'http_version': '1.1', 'server': ('127.0.0.1', 8000), 'cl...
          │    └ <starlette.middleware.errors.ServerErrorMiddleware object at 0x71a8268a1fd0>
          └ <fastapi.applications.FastAPI object at 0x71a8268a0050>
> File "/usr/local/lib/python3.13/site-packages/starlette/middleware/errors.py", line 164, in __call__
    await self.app(scope, receive, _send)
          │    │   │      │        └ <function ServerErrorMiddleware.__call__.<locals>._send at 0x71a82442e660>
          │    │   │      └ <bound method RequestResponseCycle.receive of <uvicorn.protocols.http.httptools_impl.RequestResponseCycle object at 0x71a8266...
          │    │   └ {'type': 'http', 'asgi': {'version': '3.0', 'spec_version': '2.3'}, 'http_version': '1.1', 'server': ('127.0.0.1', 8000), 'cl...
          │    └ <app.middleware.logging.LoggingAndTrackingMiddleware object at 0x71a8268a1e80>
          └ <starlette.middleware.errors.ServerErrorMiddleware object at 0x71a8268a1fd0>
  File "/usr/local/lib/python3.13/site-packages/starlette/middleware/base.py", line 193, in __call__
    response = await self.dispatch_func(request, call_next)
                     │    │             │        └ <function BaseHTTPMiddleware.__call__.<locals>.call_next at 0x71a82442dc60>
                     │    │             └ <starlette.middleware.base._CachedRequest object at 0x71a826604f50>
                     │    └ <bound method LoggingAndTrackingMiddleware.dispatch of <app.middleware.logging.LoggingAndTrackingMiddleware object at 0x71a82...
                     └ <app.middleware.logging.LoggingAndTrackingMiddleware object at 0x71a8268a1e80>

  File "/workspace/app/middleware/logging.py", line 30, in dispatch
    raise e

  File "/workspace/app/middleware/logging.py", line 23, in dispatch
    response = await call_next(request)
                     │         └ <starlette.middleware.base._CachedRequest object at 0x71a826604f50>
                     └ <function BaseHTTPMiddleware.__call__.<locals>.call_next at 0x71a82442dc60>

  File "/usr/local/lib/python3.13/site-packages/starlette/middleware/base.py", line 168, in call_next
    raise app_exc from app_exc.__cause__ or app_exc.__context__
          │            │       │            │       └ <attribute '__context__' of 'BaseException' objects>
          │            │       │            └ ArgumentError('For many-to-one relationship Folder.subfolders, delete-orphan cascade is normally configured only on the "one"...
          │            │       └ <attribute '__cause__' of 'BaseException' objects>
          │            └ ArgumentError('For many-to-one relationship Folder.subfolders, delete-orphan cascade is normally configured only on the "one"...
          └ ArgumentError('For many-to-one relationship Folder.subfolders, delete-orphan cascade is normally configured only on the "one"...
  File "/usr/local/lib/python3.13/site-packages/starlette/middleware/base.py", line 144, in coro
    await self.app(scope, receive_or_disconnect, send_no_error)
          │    │   │      │                      └ <function BaseHTTPMiddleware.__call__.<locals>.call_next.<locals>.send_no_error at 0x71a82442e8e0>
          │    │   │      └ <function BaseHTTPMiddleware.__call__.<locals>.call_next.<locals>.receive_or_disconnect at 0x71a82442dbc0>
          │    │   └ {'type': 'http', 'asgi': {'version': '3.0', 'spec_version': '2.3'}, 'http_version': '1.1', 'server': ('127.0.0.1', 8000), 'cl...
          │    └ <starlette.middleware.cors.CORSMiddleware object at 0x71a8268a1d30>
          └ <app.middleware.logging.LoggingAndTrackingMiddleware object at 0x71a8268a1e80>
  File "/usr/local/lib/python3.13/site-packages/starlette/middleware/cors.py", line 88, in __call__
    await self.app(scope, receive, send)
          │    │   │      │        └ <function BaseHTTPMiddleware.__call__.<locals>.call_next.<locals>.send_no_error at 0x71a82442e8e0>
          │    │   │      └ <function BaseHTTPMiddleware.__call__.<locals>.call_next.<locals>.receive_or_disconnect at 0x71a82442dbc0>
          │    │   └ {'type': 'http', 'asgi': {'version': '3.0', 'spec_version': '2.3'}, 'http_version': '1.1', 'server': ('127.0.0.1', 8000), 'cl...
          │    └ <starlette.middleware.exceptions.ExceptionMiddleware object at 0x71a8268a1be0>
          └ <starlette.middleware.cors.CORSMiddleware object at 0x71a8268a1d30>
  File "/usr/local/lib/python3.13/site-packages/starlette/middleware/exceptions.py", line 63, in __call__
    await wrap_app_handling_exceptions(self.app, conn)(scope, receive, send)
          │                            │    │    │     │      │        └ <function BaseHTTPMiddleware.__call__.<locals>.call_next.<locals>.send_no_error at 0x71a82442e8e0>
          │                            │    │    │     │      └ <function BaseHTTPMiddleware.__call__.<locals>.call_next.<locals>.receive_or_disconnect at 0x71a82442dbc0>
          │                            │    │    │     └ {'type': 'http', 'asgi': {'version': '3.0', 'spec_version': '2.3'}, 'http_version': '1.1', 'server': ('127.0.0.1', 8000), 'cl...
          │                            │    │    └ <starlette.requests.Request object at 0x71a826605310>
          │                            │    └ <fastapi.middleware.asyncexitstack.AsyncExitStackMiddleware object at 0x71a8268a1a90>
          │                            └ <starlette.middleware.exceptions.ExceptionMiddleware object at 0x71a8268a1be0>
          └ <function wrap_app_handling_exceptions at 0x71a829415ee0>
  File "/usr/local/lib/python3.13/site-packages/starlette/_exception_handler.py", line 53, in wrapped_app
    raise exc
  File "/usr/local/lib/python3.13/site-packages/starlette/_exception_handler.py", line 42, in wrapped_app
    await app(scope, receive, sender)
          │   │      │        └ <function wrap_app_handling_exceptions.<locals>.wrapped_app.<locals>.sender at 0x71a82442e0c0>
          │   │      └ <function BaseHTTPMiddleware.__call__.<locals>.call_next.<locals>.receive_or_disconnect at 0x71a82442dbc0>
          │   └ {'type': 'http', 'asgi': {'version': '3.0', 'spec_version': '2.3'}, 'http_version': '1.1', 'server': ('127.0.0.1', 8000), 'cl...
          └ <fastapi.middleware.asyncexitstack.AsyncExitStackMiddleware object at 0x71a8268a1a90>
  File "/usr/local/lib/python3.13/site-packages/fastapi/middleware/asyncexitstack.py", line 18, in __call__
    await self.app(scope, receive, send)
          │    │   │      │        └ <function wrap_app_handling_exceptions.<locals>.wrapped_app.<locals>.sender at 0x71a82442e0c0>
          │    │   │      └ <function BaseHTTPMiddleware.__call__.<locals>.call_next.<locals>.receive_or_disconnect at 0x71a82442dbc0>
          │    │   └ {'type': 'http', 'asgi': {'version': '3.0', 'spec_version': '2.3'}, 'http_version': '1.1', 'server': ('127.0.0.1', 8000), 'cl...
          │    └ <fastapi.routing.APIRouter object at 0x71a8265e8050>
          └ <fastapi.middleware.asyncexitstack.AsyncExitStackMiddleware object at 0x71a8268a1a90>
  File "/usr/local/lib/python3.13/site-packages/starlette/routing.py", line 660, in __call__
    await self.middleware_stack(scope, receive, send)
          │    │                │      │        └ <function wrap_app_handling_exceptions.<locals>.wrapped_app.<locals>.sender at 0x71a82442e0c0>
          │    │                │      └ <function BaseHTTPMiddleware.__call__.<locals>.call_next.<locals>.receive_or_disconnect at 0x71a82442dbc0>
          │    │                └ {'type': 'http', 'asgi': {'version': '3.0', 'spec_version': '2.3'}, 'http_version': '1.1', 'server': ('127.0.0.1', 8000), 'cl...
          │    └ <bound method APIRouter.app of <fastapi.routing.APIRouter object at 0x71a8265e8050>>
          └ <fastapi.routing.APIRouter object at 0x71a8265e8050>
  File "/usr/local/lib/python3.13/site-packages/fastapi/routing.py", line 2685, in app
    await route.handle(scope, receive, send)
          │     │      │      │        └ <function wrap_app_handling_exceptions.<locals>.wrapped_app.<locals>.sender at 0x71a82442e0c0>
          │     │      │      └ <function BaseHTTPMiddleware.__call__.<locals>.call_next.<locals>.receive_or_disconnect at 0x71a82442dbc0>
          │     │      └ {'type': 'http', 'asgi': {'version': '3.0', 'spec_version': '2.3'}, 'http_version': '1.1', 'server': ('127.0.0.1', 8000), 'cl...
          │     └ <function _IncludedRouter.handle at 0x71a829284900>
          └ _IncludedRouter(original_router=<fastapi.routing.APIRouter object at 0x71a82774b8c0>, include_context=_RouterIncludeContext(i...
  File "/usr/local/lib/python3.13/site-packages/fastapi/routing.py", line 1766, in handle
    await self.original_router.handle(scope, receive, send)
          │    │               │      │      │        └ <function wrap_app_handling_exceptions.<locals>.wrapped_app.<locals>.sender at 0x71a82442e0c0>
          │    │               │      │      └ <function BaseHTTPMiddleware.__call__.<locals>.call_next.<locals>.receive_or_disconnect at 0x71a82442dbc0>
          │    │               │      └ {'type': 'http', 'asgi': {'version': '3.0', 'spec_version': '2.3'}, 'http_version': '1.1', 'server': ('127.0.0.1', 8000), 'cl...
          │    │               └ <function APIRouter.handle at 0x71a8292867a0>
          │    └ <fastapi.routing.APIRouter object at 0x71a82774b8c0>
          └ _IncludedRouter(original_router=<fastapi.routing.APIRouter object at 0x71a82774b8c0>, include_context=_RouterIncludeContext(i...
  File "/usr/local/lib/python3.13/site-packages/fastapi/routing.py", line 2740, in handle
    await included_router._handle_selected(scope, receive, send)
          │               │                │      │        └ <function wrap_app_handling_exceptions.<locals>.wrapped_app.<locals>.sender at 0x71a82442e0c0>
          │               │                │      └ <function BaseHTTPMiddleware.__call__.<locals>.call_next.<locals>.receive_or_disconnect at 0x71a82442dbc0>
          │               │                └ {'type': 'http', 'asgi': {'version': '3.0', 'spec_version': '2.3'}, 'http_version': '1.1', 'server': ('127.0.0.1', 8000), 'cl...
          │               └ <function _IncludedRouter._handle_selected at 0x71a8292849a0>
          └ _IncludedRouter(original_router=<fastapi.routing.APIRouter object at 0x71a82774b8c0>, include_context=_RouterIncludeContext(i...
  File "/usr/local/lib/python3.13/site-packages/fastapi/routing.py", line 1786, in _handle_selected
    await original_route.handle(scope, receive, send)
          │              │      │      │        └ <function wrap_app_handling_exceptions.<locals>.wrapped_app.<locals>.sender at 0x71a82442e0c0>
          │              │      │      └ <function BaseHTTPMiddleware.__call__.<locals>.call_next.<locals>.receive_or_disconnect at 0x71a82442dbc0>
          │              │      └ {'type': 'http', 'asgi': {'version': '3.0', 'spec_version': '2.3'}, 'http_version': '1.1', 'server': ('127.0.0.1', 8000), 'cl...
          │              └ <function APIRoute.handle at 0x71a829262a20>
          └ APIRoute(path='/auth/login', name='login', methods=['POST'])
  File "/usr/local/lib/python3.13/site-packages/fastapi/routing.py", line 1265, in handle
    await app(scope, receive, send)
          │   │      │        └ <function wrap_app_handling_exceptions.<locals>.wrapped_app.<locals>.sender at 0x71a82442e0c0>
          │   │      └ <function BaseHTTPMiddleware.__call__.<locals>.call_next.<locals>.receive_or_disconnect at 0x71a82442dbc0>
          │   └ {'type': 'http', 'asgi': {'version': '3.0', 'spec_version': '2.3'}, 'http_version': '1.1', 'server': ('127.0.0.1', 8000), 'cl...
          └ <function request_response.<locals>.app at 0x71a82442e7a0>
  File "/usr/local/lib/python3.13/site-packages/fastapi/routing.py", line 151, in app
    await wrap_app_handling_exceptions(app, request)(scope, receive, send)
          │                            │    │        │      │        └ <function wrap_app_handling_exceptions.<locals>.wrapped_app.<locals>.sender at 0x71a82442e0c0>
          │                            │    │        │      └ <function BaseHTTPMiddleware.__call__.<locals>.call_next.<locals>.receive_or_disconnect at 0x71a82442dbc0>
          │                            │    │        └ {'type': 'http', 'asgi': {'version': '3.0', 'spec_version': '2.3'}, 'http_version': '1.1', 'server': ('127.0.0.1', 8000), 'cl...
          │                            │    └ <starlette.requests.Request object at 0x71a82443c2b0>
          │                            └ <function request_response.<locals>.app.<locals>.app at 0x71a8265f7c40>
          └ <function wrap_app_handling_exceptions at 0x71a829415ee0>
  File "/usr/local/lib/python3.13/site-packages/starlette/_exception_handler.py", line 53, in wrapped_app
    raise exc
  File "/usr/local/lib/python3.13/site-packages/starlette/_exception_handler.py", line 42, in wrapped_app
    await app(scope, receive, sender)
          │   │      │        └ <function wrap_app_handling_exceptions.<locals>.wrapped_app.<locals>.sender at 0x71a8265f7ba0>
          │   │      └ <function BaseHTTPMiddleware.__call__.<locals>.call_next.<locals>.receive_or_disconnect at 0x71a82442dbc0>
          │   └ {'type': 'http', 'asgi': {'version': '3.0', 'spec_version': '2.3'}, 'http_version': '1.1', 'server': ('127.0.0.1', 8000), 'cl...
          └ <function request_response.<locals>.app.<locals>.app at 0x71a8265f7c40>
  File "/usr/local/lib/python3.13/site-packages/fastapi/routing.py", line 137, in app
    response = await f(request)
                     │ └ <starlette.requests.Request object at 0x71a82443c2b0>
                     └ <function get_request_handler.<locals>.app at 0x71a82442e160>
  File "/usr/local/lib/python3.13/site-packages/fastapi/routing.py", line 691, in app
    raw_response = await run_endpoint_function(
                         └ <function run_endpoint_function at 0x71a829261da0>
  File "/usr/local/lib/python3.13/site-packages/fastapi/routing.py", line 345, in run_endpoint_function
    return await dependant.call(**values)
                 │         │      └ {'db': <sqlalchemy.ext.asyncio.session.AsyncSession object at 0x71a826607110>, 'body': UserLoginRequest(email='admin-test@kru...
                 │         └ <function login at 0x71a8278b63e0>
                 └ Dependant(path_params=[], query_params=[], header_params=[], cookie_params=[], body_params=[ModelField(field_info=Body(Pydant...

  File "/workspace/app/api/auth/router.py", line 93, in login
    existing = await db.execute(stmt)
                     │  │       └ <sqlalchemy.sql.selectable.Select object at 0x71a8266074d0>
                     │  └ <function AsyncSession.execute at 0x71a827d853a0>
                     └ <sqlalchemy.ext.asyncio.session.AsyncSession object at 0x71a826607110>

  File "/usr/local/lib/python3.13/site-packages/sqlalchemy/ext/asyncio/session.py", line 448, in execute
    result = await greenlet_spawn(
                   └ <function greenlet_spawn at 0x71a828cc32e0>
  File "/usr/local/lib/python3.13/site-packages/sqlalchemy/util/_concurrency_py3k.py", line 203, in greenlet_spawn
    result = context.switch(value)
             │       │      └ None
             │       └ <method 'switch' of 'greenlet.greenlet' objects>
             └ <_AsyncIoGreenlet object at 0x71a82677ce80 (otid=0x5b1d09056fe0) dead>
  File "/usr/local/lib/python3.13/site-packages/sqlalchemy/orm/session.py", line 2373, in execute
    return self._execute_internal(
           │    └ <function Session._execute_internal at 0x71a827ea6c00>
           └ <sqlalchemy.orm.session.Session object at 0x71a826607250>
  File "/usr/local/lib/python3.13/site-packages/sqlalchemy/orm/session.py", line 2271, in _execute_internal
    result: Result[Any] = compile_state_cls.orm_execute_statement(
                   │      │                 └ <classmethod(<function AbstractORMCompileState.orm_execute_statement at 0x71a82811d260>)>
                   │      └ <class 'sqlalchemy.orm.context.ORMSelectCompileState'>
                   └ typing.Any
  File "/usr/local/lib/python3.13/site-packages/sqlalchemy/orm/context.py", line 306, in orm_execute_statement
    result = conn.execute(
             │    └ <function Connection.execute at 0x71a8282cef20>
             └ <sqlalchemy.engine.base.Connection object at 0x71a82664de80>
  File "/usr/local/lib/python3.13/site-packages/sqlalchemy/engine/base.py", line 1421, in execute
    return meth(
           └ <bound method ClauseElement._execute_on_connection of <sqlalchemy.sql.selectable.Select object at 0x71a8266074d0>>
  File "/usr/local/lib/python3.13/site-packages/sqlalchemy/sql/elements.py", line 526, in _execute_on_connection
    return connection._execute_clauseelement(
           │          └ <function Connection._execute_clauseelement at 0x71a8282cf240>
           └ <sqlalchemy.engine.base.Connection object at 0x71a82664de80>
  File "/usr/local/lib/python3.13/site-packages/sqlalchemy/engine/base.py", line 1635, in _execute_clauseelement
    compiled_sql, extracted_params, cache_hit = elem._compile_w_cache(
                                                │    └ <function ClauseElement._compile_w_cache at 0x71a8284c31a0>
                                                └ <sqlalchemy.sql.selectable.Select object at 0x71a8266074d0>
  File "/usr/local/lib/python3.13/site-packages/sqlalchemy/sql/elements.py", line 715, in _compile_w_cache
    compiled_sql = self._compiler(
                   │    └ <function CompilerElement._compiler at 0x71a8284c2160>
                   └ <sqlalchemy.sql.selectable.Select object at 0x71a8266074d0>
  File "/usr/local/lib/python3.13/site-packages/sqlalchemy/sql/elements.py", line 323, in _compiler
    return dialect.statement_compiler(dialect, self, **kw)
           │       │                  │        │       └ {'cache_key': CacheKey(key=('0', <class 'sqlalchemy.sql.selectable.Select'>, '_raw_columns', ((Table('users', MetaData(), Col...
           │       │                  │        └ <sqlalchemy.sql.selectable.Select object at 0x71a8266074d0>
           │       │                  └ <sqlalchemy.dialects.postgresql.asyncpg.PGDialect_asyncpg object at 0x71a827bf0980>
           │       └ <class 'sqlalchemy.dialects.postgresql.asyncpg.PGCompiler_asyncpg'>
           └ <sqlalchemy.dialects.postgresql.asyncpg.PGDialect_asyncpg object at 0x71a827bf0980>
  File "/usr/local/lib/python3.13/site-packages/sqlalchemy/sql/compiler.py", line 1462, in __init__
    Compiled.__init__(self, dialect, statement, **kwargs)
    │        │        │     │        │            └ {'schema_translate_map': None}
    │        │        │     │        └ <sqlalchemy.sql.selectable.Select object at 0x71a8266074d0>
    │        │        │     └ <sqlalchemy.dialects.postgresql.asyncpg.PGDialect_asyncpg object at 0x71a827bf0980>
    │        │        └ <sqlalchemy.dialects.postgresql.asyncpg.PGCompiler_asyncpg object at 0x71a82664dbe0>
    │        └ <function Compiled.__init__ at 0x71a828258ae0>
    └ <class 'sqlalchemy.sql.compiler.Compiled'>
  File "/usr/local/lib/python3.13/site-packages/sqlalchemy/sql/compiler.py", line 902, in __init__
    self.string = self.process(self.statement, **compile_kwargs)
    │    │        │    │       │    │            └ immutabledict({})
    │    │        │    │       │    └ <sqlalchemy.sql.selectable.Select object at 0x71a8266074d0>
    │    │        │    │       └ <sqlalchemy.dialects.postgresql.asyncpg.PGCompiler_asyncpg object at 0x71a82664dbe0>
    │    │        │    └ <function Compiled.process at 0x71a828258ea0>
    │    │        └ <sqlalchemy.dialects.postgresql.asyncpg.PGCompiler_asyncpg object at 0x71a82664dbe0>
    │    └ ''
    └ <sqlalchemy.dialects.postgresql.asyncpg.PGCompiler_asyncpg object at 0x71a82664dbe0>
  File "/usr/local/lib/python3.13/site-packages/sqlalchemy/sql/compiler.py", line 948, in process
    return obj._compiler_dispatch(self, **kwargs)
           │   │                  │       └ {}
           │   │                  └ <sqlalchemy.dialects.postgresql.asyncpg.PGCompiler_asyncpg object at 0x71a82664dbe0>
           │   └ <function Visitable._generate_compiler_dispatch.<locals>._compiler_dispatch at 0x71a8283edc60>
           └ <sqlalchemy.sql.selectable.Select object at 0x71a8266074d0>
  File "/usr/local/lib/python3.13/site-packages/sqlalchemy/sql/visitors.py", line 138, in _compiler_dispatch
    return meth(self, **kw)  # type: ignore  # noqa: E501
           │    │       └ {}
           │    └ <sqlalchemy.sql.selectable.Select object at 0x71a8266074d0>
           └ <bound method SQLCompiler.visit_select of <sqlalchemy.dialects.postgresql.asyncpg.PGCompiler_asyncpg object at 0x71a82664dbe0>>
  File "/usr/local/lib/python3.13/site-packages/sqlalchemy/sql/compiler.py", line 4811, in visit_select
    compile_state = select_stmt._compile_state_factory(
                    │           └ <bound method CompileState.create_for_statement of <class 'sqlalchemy.sql.base.CompileState'>>
                    └ <sqlalchemy.sql.selectable.Select object at 0x71a8266074d0>
  File "/usr/local/lib/python3.13/site-packages/sqlalchemy/sql/base.py", line 774, in create_for_statement
    return klass.create_for_statement(statement, compiler, **kw)
           │     │                    │          │           └ {'within_columns_clause': False}
           │     │                    │          └ <sqlalchemy.dialects.postgresql.asyncpg.PGCompiler_asyncpg object at 0x71a82664dbe0>
           │     │                    └ <sqlalchemy.sql.selectable.Select object at 0x71a8266074d0>
           │     └ <classmethod(<function ORMCompileState.create_for_statement at 0x71a82811d620>)>
           └ <class 'sqlalchemy.orm.context.ORMSelectCompileState'>
  File "/usr/local/lib/python3.13/site-packages/sqlalchemy/orm/context.py", line 447, in create_for_statement
    return cls._create_orm_context(
           │   └ <classmethod(<function ORMSelectCompileState._create_orm_context at 0x71a82811e980>)>
           └ <class 'sqlalchemy.orm.context.ORMSelectCompileState'>
  File "/usr/local/lib/python3.13/site-packages/sqlalchemy/orm/context.py", line 1175, in _create_orm_context
    _QueryEntity.to_compile_state(
    │            └ <classmethod(<function _QueryEntity.to_compile_state at 0x71a8281440e0>)>
    └ <class 'sqlalchemy.orm.context._QueryEntity'>
  File "/usr/local/lib/python3.13/site-packages/sqlalchemy/orm/context.py", line 2628, in to_compile_state
    _MapperEntity(
    └ <class 'sqlalchemy.orm.context._MapperEntity'>
  File "/usr/local/lib/python3.13/site-packages/sqlalchemy/orm/context.py", line 2708, in __init__
    entity._post_inspect
    │      └ <sqlalchemy.util.langhelpers.HasMemoized.memoized_attribute object at 0x71a827e8d4f0>
    └ <Mapper at 0x71a827bf1fd0; User>
  File "/usr/local/lib/python3.13/site-packages/sqlalchemy/util/langhelpers.py", line 1234, in __get__
    obj.__dict__[self.__name__] = result = self.fget(obj)
    │   │        │    │                    │    │    └ <Mapper at 0x71a827bf1fd0; User>
    │   │        │    │                    │    └ <function Mapper._post_inspect at 0x71a827ec2200>
    │   │        │    │                    └ <sqlalchemy.util.langhelpers.HasMemoized.memoized_attribute object at 0x71a827e8d4f0>
    │   │        │    └ '_post_inspect'
    │   │        └ <sqlalchemy.util.langhelpers.HasMemoized.memoized_attribute object at 0x71a827e8d4f0>
    │   └ <attribute '__dict__' of 'Mapper' objects>
    └ <Mapper at 0x71a827bf1fd0; User>
  File "/usr/local/lib/python3.13/site-packages/sqlalchemy/orm/mapper.py", line 2734, in _post_inspect
    self._check_configure()
    │    └ <function Mapper._check_configure at 0x71a827ec14e0>
    └ <Mapper at 0x71a827bf1fd0; User>
  File "/usr/local/lib/python3.13/site-packages/sqlalchemy/orm/mapper.py", line 2411, in _check_configure
    _configure_registries({self.registry}, cascade=True)
    │                      │    └ <sqlalchemy.orm.decl_api.registry object at 0x71a827bf12b0>
    │                      └ <Mapper at 0x71a827bf1fd0; User>
    └ <function _configure_registries at 0x71a827ec5260>
  File "/usr/local/lib/python3.13/site-packages/sqlalchemy/orm/mapper.py", line 4228, in _configure_registries
    _do_configure_registries(registries, cascade)
    │                        │           └ True
    │                        └ set()
    └ <function _do_configure_registries at 0x71a827ec53a0>
  File "/usr/local/lib/python3.13/site-packages/sqlalchemy/orm/mapper.py", line 4269, in _do_configure_registries
    mapper._post_configure_properties()
    │      └ <function Mapper._post_configure_properties at 0x71a827ec13a0>
    └ <Mapper at 0x71a827a447d0; Folder>
  File "/usr/local/lib/python3.13/site-packages/sqlalchemy/orm/mapper.py", line 2428, in _post_configure_properties
    prop.init()
    │    └ <function MapperProperty.init at 0x71a8280a67a0>
    └ <_RelationshipDeclared at 0x71a827a598b0; subfolders>
  File "/usr/local/lib/python3.13/site-packages/sqlalchemy/orm/interfaces.py", line 595, in init
    self.do_init()
    │    └ <function RelationshipProperty.do_init at 0x71a827fe9120>
    └ <_RelationshipDeclared at 0x71a827a598b0; subfolders>
  File "/usr/local/lib/python3.13/site-packages/sqlalchemy/orm/relationships.py", line 1659, in do_init
    self._check_cascade_settings(self._cascade)
    │    │                       │    └ CascadeOptions('delete,delete-orphan,expunge,merge,refresh-expire,save-update')
    │    │                       └ <_RelationshipDeclared at 0x71a827a598b0; subfolders>
    │    └ <function RelationshipProperty._check_cascade_settings at 0x71a827fe9940>
    └ <_RelationshipDeclared at 0x71a827a598b0; subfolders>
  File "/usr/local/lib/python3.13/site-packages/sqlalchemy/orm/relationships.py", line 2000, in _check_cascade_settings
    raise sa_exc.ArgumentError(
          │      └ <class 'sqlalchemy.exc.ArgumentError'>
          └ <module 'sqlalchemy.exc' from '/usr/local/lib/python3.13/site-packages/sqlalchemy/exc.py'>

sqlalchemy.exc.ArgumentError: For many-to-one relationship Folder.subfolders, delete-orphan cascade is normally configured only on the "one" side of a one-to-many relationship, and not on the "many" side of a many-to-one or many-to-many relationship.  To force this relationship to allow a particular "Folder" object to be referenced by only a single "Folder" object at a time via the Folder.subfolders relationship, which would allow delete-orphan cascade to take place in this direction, set the single_parent=True flag. (Background on this error at: https://sqlalche.me/e/20/bbf0)
2026-07-19 11:07:51.062 | ERROR    | app.services.auth.auth_service:signup:40 - Supabase Signup error: {'code': 400, 'error_code': 'email_address_invalid', 'msg': 'Email address "user@example.com" is invalid'}
2026-07-19 11:07:51.067 | ERROR    | app.middleware.error_handlers:http_exception_handler:11 - HTTP 400 - POST /api/v1/auth/signup - Detail: Email address "user@example.com" is invalid
2026-07-19 11:10:10.618 | ERROR    | app.services.auth.auth_service:login:68 - Supabase Login error: {'code': 400, 'error_code': 'invalid_credentials', 'msg': 'Invalid login credentials'}
2026-07-19 11:10:10.621 | ERROR    | app.middleware.error_handlers:http_exception_handler:11 - HTTP 400 - POST /api/v1/auth/login - Detail: Invalid login credentials.
2026-07-19 11:11:20.794 | ERROR    | app.services.auth.auth_service:signup:40 - Supabase Signup error: {'code': 429, 'error_code': 'over_email_send_rate_limit', 'msg': 'email rate limit exceeded'}
2026-07-19 11:11:20.797 | ERROR    | app.middleware.error_handlers:http_exception_handler:11 - HTTP 429 - POST /api/v1/auth/signup - Detail: email rate limit exceeded
2026-07-19 11:12:19.124 | ERROR    | app.services.auth.auth_service:refresh_token:95 - Supabase Refresh Token error: {'code': 400, 'error_code': 'validation_failed', 'msg': 'Refresh token is not valid'}
2026-07-19 11:12:19.126 | ERROR    | app.middleware.error_handlers:http_exception_handler:11 - HTTP 400 - POST /api/v1/auth/refresh - Detail: Invalid refresh token.
2026-07-19 11:12:51.485 | ERROR    | app.middleware.error_handlers:http_exception_handler:11 - HTTP 401 - GET /api/v1/auth/me - Detail: Invalid or expired authentication token.
2026-07-19 11:13:47.678 | ERROR    | app.middleware.logging:dispatch:27 - Exception during request GET /api/v1/auth/me: 'coroutine' object has no attribute 'first' | Latency: 0.0210s
2026-07-19 11:13:47.679 | ERROR    | app.middleware.error_handlers:general_exception_handler:52 - Unhandled system error - GET /api/v1/auth/me - Error: 'coroutine' object has no attribute 'first'
Traceback (most recent call last):

  File "/usr/local/lib/python3.13/threading.py", line 1015, in _bootstrap
    self._bootstrap_inner()
    │    └ <function Thread._bootstrap_inner at 0x731fdb4e8ea0>
    └ <Thread(asyncio-portal-731fd66b5fd0, started daemon 126580575844032)>
  File "/usr/local/lib/python3.13/threading.py", line 1044, in _bootstrap_inner
    self.run()
    │    └ <function Thread.run at 0x731fdb4e8c20>
    └ <Thread(asyncio-portal-731fd66b5fd0, started daemon 126580575844032)>
  File "/usr/local/lib/python3.13/threading.py", line 995, in run
    self._target(*self._args, **self._kwargs)
    │    │        │    │        │    └ {}
    │    │        │    │        └ <Thread(asyncio-portal-731fd66b5fd0, started daemon 126580575844032)>
    │    │        │    └ ()
    │    │        └ <Thread(asyncio-portal-731fd66b5fd0, started daemon 126580575844032)>
    │    └ <function start_blocking_portal.<locals>.run_blocking_portal at 0x731fd642cfe0>
    └ <Thread(asyncio-portal-731fd66b5fd0, started daemon 126580575844032)>
  File "/usr/local/lib/python3.13/site-packages/anyio/from_thread.py", line 536, in run_blocking_portal
    run_eventloop(
    └ <function run at 0x731fdbb30900>
  File "/usr/local/lib/python3.13/site-packages/anyio/_core/_eventloop.py", line 83, in run
    return async_backend.run(func, args, {}, backend_options)
           │             │   │     │         └ {}
           │             │   │     └ ()
           │             │   └ <function start_blocking_portal.<locals>.run_portal at 0x731fd642ce00>
           │             └ <classmethod(<function AsyncIOBackend.run at 0x731fda0c16c0>)>
           └ <class 'anyio._backends._asyncio.AsyncIOBackend'>
  File "/usr/local/lib/python3.13/site-packages/anyio/_backends/_asyncio.py", line 2481, in run
    return runner.run(wrapper())
           │      │   └ <function start_blocking_portal.<locals>.run_portal at 0x731fd642d300>
           │      └ <function Runner.run at 0x731fd9d32340>
           └ <asyncio.runners.Runner object at 0x731fd64342d0>
  File "/usr/local/lib/python3.13/asyncio/runners.py", line 119, in run
    return self._loop.run_until_complete(task)
           │    │     │                  └ <Task pending name='anyio.from_thread.start_blocking_portal.<locals>.run_portal' coro=<start_blocking_portal.<locals>.run_por...
           │    │     └ <function BaseEventLoop.run_until_complete at 0x731fd9d2be20>
           │    └ <_UnixSelectorEventLoop running=True closed=False debug=False>
           └ <asyncio.runners.Runner object at 0x731fd64342d0>
  File "/usr/local/lib/python3.13/asyncio/base_events.py", line 712, in run_until_complete
    self.run_forever()
    │    └ <function BaseEventLoop.run_forever at 0x731fd9d2bd80>
    └ <_UnixSelectorEventLoop running=True closed=False debug=False>
  File "/usr/local/lib/python3.13/asyncio/base_events.py", line 683, in run_forever
    self._run_once()
    │    └ <function BaseEventLoop._run_once at 0x731fd9d31bc0>
    └ <_UnixSelectorEventLoop running=True closed=False debug=False>
  File "/usr/local/lib/python3.13/asyncio/base_events.py", line 2060, in _run_once
    handle._run()
    │      └ <function Handle._run at 0x731fdabcb880>
    └ <Handle Task.task_wakeup()>
  File "/usr/local/lib/python3.13/asyncio/events.py", line 89, in _run
    self._context.run(self._callback, *self._args)
    │    │            │    │           │    └ <member '_args' of 'Handle' objects>
    │    │            │    │           └ <Handle Task.task_wakeup()>
    │    │            │    └ <member '_callback' of 'Handle' objects>
    │    │            └ <Handle Task.task_wakeup()>
    │    └ <member '_context' of 'Handle' objects>
    └ <Handle Task.task_wakeup()>
  File "/usr/local/lib/python3.13/site-packages/anyio/_core/_tasks.py", line 275, in _run_coro
    retval = await self._coro
                   │    └ <member '_coro' of 'TaskHandle' objects>
                   └ <TaskHandle pending name='anyio.from_thread.BlockingPortal._call_func' coro=<coroutine object BlockingPortal._call_func at 0x...
  File "/usr/local/lib/python3.13/site-packages/anyio/from_thread.py", line 263, in _call_func
    retval = await retval_or_awaitable
                   └ <coroutine object FastAPI.__call__ at 0x731fd64d5e40>
  File "/usr/local/lib/python3.13/site-packages/fastapi/applications.py", line 1163, in __call__
    await super().__call__(scope, receive, send)
                           │      │        └ <function _TestClientTransport.handle_request.<locals>.send at 0x731fd642df80>
                           │      └ <function _TestClientTransport.handle_request.<locals>.receive at 0x731fd667b740>
                           └ {'type': 'http', 'http_version': '1.1', 'method': 'GET', 'path': '/api/v1/auth/me', 'raw_path': b'/api/v1/auth/me', 'root_pat...
  File "/usr/local/lib/python3.13/site-packages/starlette/applications.py", line 90, in __call__
    await self.middleware_stack(scope, receive, send)
          │    │                │      │        └ <function _TestClientTransport.handle_request.<locals>.send at 0x731fd642df80>
          │    │                │      └ <function _TestClientTransport.handle_request.<locals>.receive at 0x731fd667b740>
          │    │                └ {'type': 'http', 'http_version': '1.1', 'method': 'GET', 'path': '/api/v1/auth/me', 'raw_path': b'/api/v1/auth/me', 'root_pat...
          │    └ <starlette.middleware.errors.ServerErrorMiddleware object at 0x731fd66b6e40>
          └ <fastapi.applications.FastAPI object at 0x731fd6af6ba0>
> File "/usr/local/lib/python3.13/site-packages/starlette/middleware/errors.py", line 164, in __call__
    await self.app(scope, receive, _send)
          │    │   │      │        └ <function ServerErrorMiddleware.__call__.<locals>._send at 0x731fd64b82c0>
          │    │   │      └ <function _TestClientTransport.handle_request.<locals>.receive at 0x731fd667b740>
          │    │   └ {'type': 'http', 'http_version': '1.1', 'method': 'GET', 'path': '/api/v1/auth/me', 'raw_path': b'/api/v1/auth/me', 'root_pat...
          │    └ <app.middleware.logging.LoggingAndTrackingMiddleware object at 0x731fd66b6cf0>
          └ <starlette.middleware.errors.ServerErrorMiddleware object at 0x731fd66b6e40>
  File "/usr/local/lib/python3.13/site-packages/starlette/middleware/base.py", line 193, in __call__
    response = await self.dispatch_func(request, call_next)
                     │    │             │        └ <function BaseHTTPMiddleware.__call__.<locals>.call_next at 0x731fd64b84a0>
                     │    │             └ <starlette.middleware.base._CachedRequest object at 0x731fd64b0ec0>
                     │    └ <bound method LoggingAndTrackingMiddleware.dispatch of <app.middleware.logging.LoggingAndTrackingMiddleware object at 0x731fd...
                     └ <app.middleware.logging.LoggingAndTrackingMiddleware object at 0x731fd66b6cf0>

  File "/workspace/app/middleware/logging.py", line 30, in dispatch
    raise e

  File "/workspace/app/middleware/logging.py", line 23, in dispatch
    response = await call_next(request)
                     │         └ <starlette.middleware.base._CachedRequest object at 0x731fd64b0ec0>
                     └ <function BaseHTTPMiddleware.__call__.<locals>.call_next at 0x731fd64b84a0>

  File "/usr/local/lib/python3.13/site-packages/starlette/middleware/base.py", line 168, in call_next
    raise app_exc from app_exc.__cause__ or app_exc.__context__
          │            │       │            │       └ <attribute '__context__' of 'BaseException' objects>
          │            │       │            └ AttributeError("'coroutine' object has no attribute 'first'")
          │            │       └ <attribute '__cause__' of 'BaseException' objects>
          │            └ AttributeError("'coroutine' object has no attribute 'first'")
          └ AttributeError("'coroutine' object has no attribute 'first'")
  File "/usr/local/lib/python3.13/site-packages/starlette/middleware/base.py", line 144, in coro
    await self.app(scope, receive_or_disconnect, send_no_error)
          │    │   │      │                      └ <function BaseHTTPMiddleware.__call__.<locals>.call_next.<locals>.send_no_error at 0x731fd64b9080>
          │    │   │      └ <function BaseHTTPMiddleware.__call__.<locals>.call_next.<locals>.receive_or_disconnect at 0x731fd64b8fe0>
          │    │   └ {'type': 'http', 'http_version': '1.1', 'method': 'GET', 'path': '/api/v1/auth/me', 'raw_path': b'/api/v1/auth/me', 'root_pat...
          │    └ <starlette.middleware.cors.CORSMiddleware object at 0x731fd66b6ba0>
          └ <app.middleware.logging.LoggingAndTrackingMiddleware object at 0x731fd66b6cf0>
  File "/usr/local/lib/python3.13/site-packages/starlette/middleware/cors.py", line 88, in __call__
    await self.app(scope, receive, send)
          │    │   │      │        └ <function BaseHTTPMiddleware.__call__.<locals>.call_next.<locals>.send_no_error at 0x731fd64b9080>
          │    │   │      └ <function BaseHTTPMiddleware.__call__.<locals>.call_next.<locals>.receive_or_disconnect at 0x731fd64b8fe0>
          │    │   └ {'type': 'http', 'http_version': '1.1', 'method': 'GET', 'path': '/api/v1/auth/me', 'raw_path': b'/api/v1/auth/me', 'root_pat...
          │    └ <starlette.middleware.exceptions.ExceptionMiddleware object at 0x731fd66b6a50>
          └ <starlette.middleware.cors.CORSMiddleware object at 0x731fd66b6ba0>
  File "/usr/local/lib/python3.13/site-packages/starlette/middleware/exceptions.py", line 63, in __call__
    await wrap_app_handling_exceptions(self.app, conn)(scope, receive, send)
          │                            │    │    │     │      │        └ <function BaseHTTPMiddleware.__call__.<locals>.call_next.<locals>.send_no_error at 0x731fd64b9080>
          │                            │    │    │     │      └ <function BaseHTTPMiddleware.__call__.<locals>.call_next.<locals>.receive_or_disconnect at 0x731fd64b8fe0>
          │                            │    │    │     └ {'type': 'http', 'http_version': '1.1', 'method': 'GET', 'path': '/api/v1/auth/me', 'raw_path': b'/api/v1/auth/me', 'root_pat...
          │                            │    │    └ <starlette.requests.Request object at 0x731fd64b1160>
          │                            │    └ <fastapi.middleware.asyncexitstack.AsyncExitStackMiddleware object at 0x731fd66b6900>
          │                            └ <starlette.middleware.exceptions.ExceptionMiddleware object at 0x731fd66b6a50>
          └ <function wrap_app_handling_exceptions at 0x731fd94934c0>
  File "/usr/local/lib/python3.13/site-packages/starlette/_exception_handler.py", line 53, in wrapped_app
    raise exc
  File "/usr/local/lib/python3.13/site-packages/starlette/_exception_handler.py", line 42, in wrapped_app
    await app(scope, receive, sender)
          │   │      │        └ <function wrap_app_handling_exceptions.<locals>.wrapped_app.<locals>.sender at 0x731fd64b9300>
          │   │      └ <function BaseHTTPMiddleware.__call__.<locals>.call_next.<locals>.receive_or_disconnect at 0x731fd64b8fe0>
          │   └ {'type': 'http', 'http_version': '1.1', 'method': 'GET', 'path': '/api/v1/auth/me', 'raw_path': b'/api/v1/auth/me', 'root_pat...
          └ <fastapi.middleware.asyncexitstack.AsyncExitStackMiddleware object at 0x731fd66b6900>
  File "/usr/local/lib/python3.13/site-packages/fastapi/middleware/asyncexitstack.py", line 18, in __call__
    await self.app(scope, receive, send)
          │    │   │      │        └ <function wrap_app_handling_exceptions.<locals>.wrapped_app.<locals>.sender at 0x731fd64b9300>
          │    │   │      └ <function BaseHTTPMiddleware.__call__.<locals>.call_next.<locals>.receive_or_disconnect at 0x731fd64b8fe0>
          │    │   └ {'type': 'http', 'http_version': '1.1', 'method': 'GET', 'path': '/api/v1/auth/me', 'raw_path': b'/api/v1/auth/me', 'root_pat...
          │    └ <fastapi.routing.APIRouter object at 0x731fd663e8b0>
          └ <fastapi.middleware.asyncexitstack.AsyncExitStackMiddleware object at 0x731fd66b6900>
  File "/usr/local/lib/python3.13/site-packages/starlette/routing.py", line 660, in __call__
    await self.middleware_stack(scope, receive, send)
          │    │                │      │        └ <function wrap_app_handling_exceptions.<locals>.wrapped_app.<locals>.sender at 0x731fd64b9300>
          │    │                │      └ <function BaseHTTPMiddleware.__call__.<locals>.call_next.<locals>.receive_or_disconnect at 0x731fd64b8fe0>
          │    │                └ {'type': 'http', 'http_version': '1.1', 'method': 'GET', 'path': '/api/v1/auth/me', 'raw_path': b'/api/v1/auth/me', 'root_pat...
          │    └ <bound method APIRouter.app of <fastapi.routing.APIRouter object at 0x731fd663e8b0>>
          └ <fastapi.routing.APIRouter object at 0x731fd663e8b0>
  File "/usr/local/lib/python3.13/site-packages/fastapi/routing.py", line 2685, in app
    await route.handle(scope, receive, send)
          │     │      │      │        └ <function wrap_app_handling_exceptions.<locals>.wrapped_app.<locals>.sender at 0x731fd64b9300>
          │     │      │      └ <function BaseHTTPMiddleware.__call__.<locals>.call_next.<locals>.receive_or_disconnect at 0x731fd64b8fe0>
          │     │      └ {'type': 'http', 'http_version': '1.1', 'method': 'GET', 'path': '/api/v1/auth/me', 'raw_path': b'/api/v1/auth/me', 'root_pat...
          │     └ <function _IncludedRouter.handle at 0x731fd94cdf80>
          └ _IncludedRouter(original_router=<fastapi.routing.APIRouter object at 0x731fd77c2510>, include_context=_RouterIncludeContext(i...
  File "/usr/local/lib/python3.13/site-packages/fastapi/routing.py", line 1766, in handle
    await self.original_router.handle(scope, receive, send)
          │    │               │      │      │        └ <function wrap_app_handling_exceptions.<locals>.wrapped_app.<locals>.sender at 0x731fd64b9300>
          │    │               │      │      └ <function BaseHTTPMiddleware.__call__.<locals>.call_next.<locals>.receive_or_disconnect at 0x731fd64b8fe0>
          │    │               │      └ {'type': 'http', 'http_version': '1.1', 'method': 'GET', 'path': '/api/v1/auth/me', 'raw_path': b'/api/v1/auth/me', 'root_pat...
          │    │               └ <function APIRouter.handle at 0x731fd94cfe20>
          │    └ <fastapi.routing.APIRouter object at 0x731fd77c2510>
          └ _IncludedRouter(original_router=<fastapi.routing.APIRouter object at 0x731fd77c2510>, include_context=_RouterIncludeContext(i...
  File "/usr/local/lib/python3.13/site-packages/fastapi/routing.py", line 2740, in handle
    await included_router._handle_selected(scope, receive, send)
          │               │                │      │        └ <function wrap_app_handling_exceptions.<locals>.wrapped_app.<locals>.sender at 0x731fd64b9300>
          │               │                │      └ <function BaseHTTPMiddleware.__call__.<locals>.call_next.<locals>.receive_or_disconnect at 0x731fd64b8fe0>
          │               │                └ {'type': 'http', 'http_version': '1.1', 'method': 'GET', 'path': '/api/v1/auth/me', 'raw_path': b'/api/v1/auth/me', 'root_pat...
          │               └ <function _IncludedRouter._handle_selected at 0x731fd94ce020>
          └ _IncludedRouter(original_router=<fastapi.routing.APIRouter object at 0x731fd77c2510>, include_context=_RouterIncludeContext(i...
  File "/usr/local/lib/python3.13/site-packages/fastapi/routing.py", line 1786, in _handle_selected
    await original_route.handle(scope, receive, send)
          │              │      │      │        └ <function wrap_app_handling_exceptions.<locals>.wrapped_app.<locals>.sender at 0x731fd64b9300>
          │              │      │      └ <function BaseHTTPMiddleware.__call__.<locals>.call_next.<locals>.receive_or_disconnect at 0x731fd64b8fe0>
          │              │      └ {'type': 'http', 'http_version': '1.1', 'method': 'GET', 'path': '/api/v1/auth/me', 'raw_path': b'/api/v1/auth/me', 'root_pat...
          │              └ <function APIRoute.handle at 0x731fd94cc040>
          └ APIRoute(path='/auth/me', name='get_me', methods=['GET'])
  File "/usr/local/lib/python3.13/site-packages/fastapi/routing.py", line 1265, in handle
    await app(scope, receive, send)
          │   │      │        └ <function wrap_app_handling_exceptions.<locals>.wrapped_app.<locals>.sender at 0x731fd64b9300>
          │   │      └ <function BaseHTTPMiddleware.__call__.<locals>.call_next.<locals>.receive_or_disconnect at 0x731fd64b8fe0>
          │   └ {'type': 'http', 'http_version': '1.1', 'method': 'GET', 'path': '/api/v1/auth/me', 'raw_path': b'/api/v1/auth/me', 'root_pat...
          └ <function request_response.<locals>.app at 0x731fd64b93a0>
  File "/usr/local/lib/python3.13/site-packages/fastapi/routing.py", line 151, in app
    await wrap_app_handling_exceptions(app, request)(scope, receive, send)
          │                            │    │        │      │        └ <function wrap_app_handling_exceptions.<locals>.wrapped_app.<locals>.sender at 0x731fd64b9300>
          │                            │    │        │      └ <function BaseHTTPMiddleware.__call__.<locals>.call_next.<locals>.receive_or_disconnect at 0x731fd64b8fe0>
          │                            │    │        └ {'type': 'http', 'http_version': '1.1', 'method': 'GET', 'path': '/api/v1/auth/me', 'raw_path': b'/api/v1/auth/me', 'root_pat...
          │                            │    └ <starlette.requests.Request object at 0x731fd64bde50>
          │                            └ <function request_response.<locals>.app.<locals>.app at 0x731fd64b94e0>
          └ <function wrap_app_handling_exceptions at 0x731fd94934c0>
  File "/usr/local/lib/python3.13/site-packages/starlette/_exception_handler.py", line 53, in wrapped_app
    raise exc
  File "/usr/local/lib/python3.13/site-packages/starlette/_exception_handler.py", line 42, in wrapped_app
    await app(scope, receive, sender)
          │   │      │        └ <function wrap_app_handling_exceptions.<locals>.wrapped_app.<locals>.sender at 0x731fd64b9620>
          │   │      └ <function BaseHTTPMiddleware.__call__.<locals>.call_next.<locals>.receive_or_disconnect at 0x731fd64b8fe0>
          │   └ {'type': 'http', 'http_version': '1.1', 'method': 'GET', 'path': '/api/v1/auth/me', 'raw_path': b'/api/v1/auth/me', 'root_pat...
          └ <function request_response.<locals>.app.<locals>.app at 0x731fd64b94e0>
  File "/usr/local/lib/python3.13/site-packages/fastapi/routing.py", line 137, in app
    response = await f(request)
                     │ └ <starlette.requests.Request object at 0x731fd64bde50>
                     └ <function get_request_handler.<locals>.app at 0x731fd64b9440>
  File "/usr/local/lib/python3.13/site-packages/fastapi/routing.py", line 691, in app
    raw_response = await run_endpoint_function(
                         └ <function run_endpoint_function at 0x731fd94c3380>
  File "/usr/local/lib/python3.13/site-packages/fastapi/routing.py", line 345, in run_endpoint_function
    return await dependant.call(**values)
                 │         │      └ {'current_user': <app.database.models.User object at 0x731fd66b4830>, 'db': <MagicMock spec='AsyncSession' id='12658063975516...
                 │         └ <function get_me at 0x731fd6c18b80>
                 └ Dependant(path_params=[], query_params=[], header_params=[], cookie_params=[], body_params=[], dependencies=[Dependant(path_p...

  File "/workspace/app/api/auth/router.py", line 185, in get_me
    user = res.scalars().first()
           └ <AsyncMock name='mock.execute()' id='126580576425968'>

AttributeError: 'coroutine' object has no attribute 'first'
2026-07-19 11:13:48.623 | CRITICAL | main:lifespan:46 - Failed to ping Redis broker: Event loop is closed
2026-07-19 11:13:48.630 | ERROR    | app.middleware.logging:dispatch:27 - Exception during request POST /api/v1/auth/logout: object MagicMock can't be used in 'await' expression | Latency: 0.0033s
2026-07-19 11:13:48.631 | ERROR    | app.middleware.error_handlers:general_exception_handler:52 - Unhandled system error - POST /api/v1/auth/logout - Error: object MagicMock can't be used in 'await' expression
Traceback (most recent call last):

  File "/usr/local/lib/python3.13/threading.py", line 1015, in _bootstrap
    self._bootstrap_inner()
    │    └ <function Thread._bootstrap_inner at 0x731fdb4e8ea0>
    └ <Thread(asyncio-portal-731fd64bf9d0, started daemon 126580575844032)>
  File "/usr/local/lib/python3.13/threading.py", line 1044, in _bootstrap_inner
    self.run()
    │    └ <function Thread.run at 0x731fdb4e8c20>
    └ <Thread(asyncio-portal-731fd64bf9d0, started daemon 126580575844032)>
  File "/usr/local/lib/python3.13/threading.py", line 995, in run
    self._target(*self._args, **self._kwargs)
    │    │        │    │        │    └ {}
    │    │        │    │        └ <Thread(asyncio-portal-731fd64bf9d0, started daemon 126580575844032)>
    │    │        │    └ ()
    │    │        └ <Thread(asyncio-portal-731fd64bf9d0, started daemon 126580575844032)>
    │    └ <function start_blocking_portal.<locals>.run_blocking_portal at 0x731fd642dbc0>
    └ <Thread(asyncio-portal-731fd64bf9d0, started daemon 126580575844032)>
  File "/usr/local/lib/python3.13/site-packages/anyio/from_thread.py", line 536, in run_blocking_portal
    run_eventloop(
    └ <function run at 0x731fdbb30900>
  File "/usr/local/lib/python3.13/site-packages/anyio/_core/_eventloop.py", line 83, in run
    return async_backend.run(func, args, {}, backend_options)
           │             │   │     │         └ {}
           │             │   │     └ ()
           │             │   └ <function start_blocking_portal.<locals>.run_portal at 0x731fd642db20>
           │             └ <classmethod(<function AsyncIOBackend.run at 0x731fda0c16c0>)>
           └ <class 'anyio._backends._asyncio.AsyncIOBackend'>
  File "/usr/local/lib/python3.13/site-packages/anyio/_backends/_asyncio.py", line 2481, in run
    return runner.run(wrapper())
           │      │   └ <function start_blocking_portal.<locals>.run_portal at 0x731fd667b4c0>
           │      └ <function Runner.run at 0x731fd9d32340>
           └ <asyncio.runners.Runner object at 0x731fd643c2b0>
  File "/usr/local/lib/python3.13/asyncio/runners.py", line 119, in run
    return self._loop.run_until_complete(task)
           │    │     │                  └ <Task pending name='anyio.from_thread.start_blocking_portal.<locals>.run_portal' coro=<start_blocking_portal.<locals>.run_por...
           │    │     └ <function BaseEventLoop.run_until_complete at 0x731fd9d2be20>
           │    └ <_UnixSelectorEventLoop running=True closed=False debug=False>
           └ <asyncio.runners.Runner object at 0x731fd643c2b0>
  File "/usr/local/lib/python3.13/asyncio/base_events.py", line 712, in run_until_complete
    self.run_forever()
    │    └ <function BaseEventLoop.run_forever at 0x731fd9d2bd80>
    └ <_UnixSelectorEventLoop running=True closed=False debug=False>
  File "/usr/local/lib/python3.13/asyncio/base_events.py", line 683, in run_forever
    self._run_once()
    │    └ <function BaseEventLoop._run_once at 0x731fd9d31bc0>
    └ <_UnixSelectorEventLoop running=True closed=False debug=False>
  File "/usr/local/lib/python3.13/asyncio/base_events.py", line 2060, in _run_once
    handle._run()
    │      └ <function Handle._run at 0x731fdabcb880>
    └ <Handle Task.task_wakeup()>
  File "/usr/local/lib/python3.13/asyncio/events.py", line 89, in _run
    self._context.run(self._callback, *self._args)
    │    │            │    │           │    └ <member '_args' of 'Handle' objects>
    │    │            │    │           └ <Handle Task.task_wakeup()>
    │    │            │    └ <member '_callback' of 'Handle' objects>
    │    │            └ <Handle Task.task_wakeup()>
    │    └ <member '_context' of 'Handle' objects>
    └ <Handle Task.task_wakeup()>
  File "/usr/local/lib/python3.13/site-packages/anyio/_core/_tasks.py", line 275, in _run_coro
    retval = await self._coro
                   │    └ <member '_coro' of 'TaskHandle' objects>
                   └ <TaskHandle pending name='anyio.from_thread.BlockingPortal._call_func' coro=<coroutine object BlockingPortal._call_func at 0x...
  File "/usr/local/lib/python3.13/site-packages/anyio/from_thread.py", line 263, in _call_func
    retval = await retval_or_awaitable
                   └ <coroutine object FastAPI.__call__ at 0x731fd41e0310>
  File "/usr/local/lib/python3.13/site-packages/fastapi/applications.py", line 1163, in __call__
    await super().__call__(scope, receive, send)
                           │      │        └ <function _TestClientTransport.handle_request.<locals>.send at 0x731fd4222520>
                           │      └ <function _TestClientTransport.handle_request.<locals>.receive at 0x731fd642d440>
                           └ {'type': 'http', 'http_version': '1.1', 'method': 'POST', 'path': '/api/v1/auth/logout', 'raw_path': b'/api/v1/auth/logout', ...
  File "/usr/local/lib/python3.13/site-packages/starlette/applications.py", line 90, in __call__
    await self.middleware_stack(scope, receive, send)
          │    │                │      │        └ <function _TestClientTransport.handle_request.<locals>.send at 0x731fd4222520>
          │    │                │      └ <function _TestClientTransport.handle_request.<locals>.receive at 0x731fd642d440>
          │    │                └ {'type': 'http', 'http_version': '1.1', 'method': 'POST', 'path': '/api/v1/auth/logout', 'raw_path': b'/api/v1/auth/logout', ...
          │    └ <starlette.middleware.errors.ServerErrorMiddleware object at 0x731fd66b6e40>
          └ <fastapi.applications.FastAPI object at 0x731fd6af6ba0>
> File "/usr/local/lib/python3.13/site-packages/starlette/middleware/errors.py", line 164, in __call__
    await self.app(scope, receive, _send)
          │    │   │      │        └ <function ServerErrorMiddleware.__call__.<locals>._send at 0x731fd4222ac0>
          │    │   │      └ <function _TestClientTransport.handle_request.<locals>.receive at 0x731fd642d440>
          │    │   └ {'type': 'http', 'http_version': '1.1', 'method': 'POST', 'path': '/api/v1/auth/logout', 'raw_path': b'/api/v1/auth/logout', ...
          │    └ <app.middleware.logging.LoggingAndTrackingMiddleware object at 0x731fd66b6cf0>
          └ <starlette.middleware.errors.ServerErrorMiddleware object at 0x731fd66b6e40>
  File "/usr/local/lib/python3.13/site-packages/starlette/middleware/base.py", line 193, in __call__
    response = await self.dispatch_func(request, call_next)
                     │    │             │        └ <function BaseHTTPMiddleware.__call__.<locals>.call_next at 0x731fd4222b60>
                     │    │             └ <starlette.middleware.base._CachedRequest object at 0x731fd64379d0>
                     │    └ <bound method LoggingAndTrackingMiddleware.dispatch of <app.middleware.logging.LoggingAndTrackingMiddleware object at 0x731fd...
                     └ <app.middleware.logging.LoggingAndTrackingMiddleware object at 0x731fd66b6cf0>

  File "/workspace/app/middleware/logging.py", line 30, in dispatch
    raise e

  File "/workspace/app/middleware/logging.py", line 23, in dispatch
    response = await call_next(request)
                     │         └ <starlette.middleware.base._CachedRequest object at 0x731fd64379d0>
                     └ <function BaseHTTPMiddleware.__call__.<locals>.call_next at 0x731fd4222b60>

  File "/usr/local/lib/python3.13/site-packages/starlette/middleware/base.py", line 168, in call_next
    raise app_exc from app_exc.__cause__ or app_exc.__context__
          │            │       │            │       └ <attribute '__context__' of 'BaseException' objects>
          │            │       │            └ TypeError("object MagicMock can't be used in 'await' expression")
          │            │       └ <attribute '__cause__' of 'BaseException' objects>
          │            └ TypeError("object MagicMock can't be used in 'await' expression")
          └ TypeError("object MagicMock can't be used in 'await' expression")
  File "/usr/local/lib/python3.13/site-packages/starlette/middleware/base.py", line 144, in coro
    await self.app(scope, receive_or_disconnect, send_no_error)
          │    │   │      │                      └ <function BaseHTTPMiddleware.__call__.<locals>.call_next.<locals>.send_no_error at 0x731fd4222de0>
          │    │   │      └ <function BaseHTTPMiddleware.__call__.<locals>.call_next.<locals>.receive_or_disconnect at 0x731fd4222ca0>
          │    │   └ {'type': 'http', 'http_version': '1.1', 'method': 'POST', 'path': '/api/v1/auth/logout', 'raw_path': b'/api/v1/auth/logout', ...
          │    └ <starlette.middleware.cors.CORSMiddleware object at 0x731fd66b6ba0>
          └ <app.middleware.logging.LoggingAndTrackingMiddleware object at 0x731fd66b6cf0>
  File "/usr/local/lib/python3.13/site-packages/starlette/middleware/cors.py", line 88, in __call__
    await self.app(scope, receive, send)
          │    │   │      │        └ <function BaseHTTPMiddleware.__call__.<locals>.call_next.<locals>.send_no_error at 0x731fd4222de0>
          │    │   │      └ <function BaseHTTPMiddleware.__call__.<locals>.call_next.<locals>.receive_or_disconnect at 0x731fd4222ca0>
          │    │   └ {'type': 'http', 'http_version': '1.1', 'method': 'POST', 'path': '/api/v1/auth/logout', 'raw_path': b'/api/v1/auth/logout', ...
          │    └ <starlette.middleware.exceptions.ExceptionMiddleware object at 0x731fd66b6a50>
          └ <starlette.middleware.cors.CORSMiddleware object at 0x731fd66b6ba0>
  File "/usr/local/lib/python3.13/site-packages/starlette/middleware/exceptions.py", line 63, in __call__
    await wrap_app_handling_exceptions(self.app, conn)(scope, receive, send)
          │                            │    │    │     │      │        └ <function BaseHTTPMiddleware.__call__.<locals>.call_next.<locals>.send_no_error at 0x731fd4222de0>
          │                            │    │    │     │      └ <function BaseHTTPMiddleware.__call__.<locals>.call_next.<locals>.receive_or_disconnect at 0x731fd4222ca0>
          │                            │    │    │     └ {'type': 'http', 'http_version': '1.1', 'method': 'POST', 'path': '/api/v1/auth/logout', 'raw_path': b'/api/v1/auth/logout', ...
          │                            │    │    └ <starlette.requests.Request object at 0x731fd643f490>
          │                            │    └ <fastapi.middleware.asyncexitstack.AsyncExitStackMiddleware object at 0x731fd66b6900>
          │                            └ <starlette.middleware.exceptions.ExceptionMiddleware object at 0x731fd66b6a50>
          └ <function wrap_app_handling_exceptions at 0x731fd94934c0>
  File "/usr/local/lib/python3.13/site-packages/starlette/_exception_handler.py", line 53, in wrapped_app
    raise exc
  File "/usr/local/lib/python3.13/site-packages/starlette/_exception_handler.py", line 42, in wrapped_app
    await app(scope, receive, sender)
          │   │      │        └ <function wrap_app_handling_exceptions.<locals>.wrapped_app.<locals>.sender at 0x731fd4223240>
          │   │      └ <function BaseHTTPMiddleware.__call__.<locals>.call_next.<locals>.receive_or_disconnect at 0x731fd4222ca0>
          │   └ {'type': 'http', 'http_version': '1.1', 'method': 'POST', 'path': '/api/v1/auth/logout', 'raw_path': b'/api/v1/auth/logout', ...
          └ <fastapi.middleware.asyncexitstack.AsyncExitStackMiddleware object at 0x731fd66b6900>
  File "/usr/local/lib/python3.13/site-packages/fastapi/middleware/asyncexitstack.py", line 18, in __call__
    await self.app(scope, receive, send)
          │    │   │      │        └ <function wrap_app_handling_exceptions.<locals>.wrapped_app.<locals>.sender at 0x731fd4223240>
          │    │   │      └ <function BaseHTTPMiddleware.__call__.<locals>.call_next.<locals>.receive_or_disconnect at 0x731fd4222ca0>
          │    │   └ {'type': 'http', 'http_version': '1.1', 'method': 'POST', 'path': '/api/v1/auth/logout', 'raw_path': b'/api/v1/auth/logout', ...
          │    └ <fastapi.routing.APIRouter object at 0x731fd663e8b0>
          └ <fastapi.middleware.asyncexitstack.AsyncExitStackMiddleware object at 0x731fd66b6900>
  File "/usr/local/lib/python3.13/site-packages/starlette/routing.py", line 660, in __call__
    await self.middleware_stack(scope, receive, send)
          │    │                │      │        └ <function wrap_app_handling_exceptions.<locals>.wrapped_app.<locals>.sender at 0x731fd4223240>
          │    │                │      └ <function BaseHTTPMiddleware.__call__.<locals>.call_next.<locals>.receive_or_disconnect at 0x731fd4222ca0>
          │    │                └ {'type': 'http', 'http_version': '1.1', 'method': 'POST', 'path': '/api/v1/auth/logout', 'raw_path': b'/api/v1/auth/logout', ...
          │    └ <bound method APIRouter.app of <fastapi.routing.APIRouter object at 0x731fd663e8b0>>
          └ <fastapi.routing.APIRouter object at 0x731fd663e8b0>
  File "/usr/local/lib/python3.13/site-packages/fastapi/routing.py", line 2685, in app
    await route.handle(scope, receive, send)
          │     │      │      │        └ <function wrap_app_handling_exceptions.<locals>.wrapped_app.<locals>.sender at 0x731fd4223240>
          │     │      │      └ <function BaseHTTPMiddleware.__call__.<locals>.call_next.<locals>.receive_or_disconnect at 0x731fd4222ca0>
          │     │      └ {'type': 'http', 'http_version': '1.1', 'method': 'POST', 'path': '/api/v1/auth/logout', 'raw_path': b'/api/v1/auth/logout', ...
          │     └ <function _IncludedRouter.handle at 0x731fd94cdf80>
          └ _IncludedRouter(original_router=<fastapi.routing.APIRouter object at 0x731fd77c2510>, include_context=_RouterIncludeContext(i...
  File "/usr/local/lib/python3.13/site-packages/fastapi/routing.py", line 1766, in handle
    await self.original_router.handle(scope, receive, send)
          │    │               │      │      │        └ <function wrap_app_handling_exceptions.<locals>.wrapped_app.<locals>.sender at 0x731fd4223240>
          │    │               │      │      └ <function BaseHTTPMiddleware.__call__.<locals>.call_next.<locals>.receive_or_disconnect at 0x731fd4222ca0>
          │    │               │      └ {'type': 'http', 'http_version': '1.1', 'method': 'POST', 'path': '/api/v1/auth/logout', 'raw_path': b'/api/v1/auth/logout', ...
          │    │               └ <function APIRouter.handle at 0x731fd94cfe20>
          │    └ <fastapi.routing.APIRouter object at 0x731fd77c2510>
          └ _IncludedRouter(original_router=<fastapi.routing.APIRouter object at 0x731fd77c2510>, include_context=_RouterIncludeContext(i...
  File "/usr/local/lib/python3.13/site-packages/fastapi/routing.py", line 2740, in handle
    await included_router._handle_selected(scope, receive, send)
          │               │                │      │        └ <function wrap_app_handling_exceptions.<locals>.wrapped_app.<locals>.sender at 0x731fd4223240>
          │               │                │      └ <function BaseHTTPMiddleware.__call__.<locals>.call_next.<locals>.receive_or_disconnect at 0x731fd4222ca0>
          │               │                └ {'type': 'http', 'http_version': '1.1', 'method': 'POST', 'path': '/api/v1/auth/logout', 'raw_path': b'/api/v1/auth/logout', ...
          │               └ <function _IncludedRouter._handle_selected at 0x731fd94ce020>
          └ _IncludedRouter(original_router=<fastapi.routing.APIRouter object at 0x731fd77c2510>, include_context=_RouterIncludeContext(i...
  File "/usr/local/lib/python3.13/site-packages/fastapi/routing.py", line 1786, in _handle_selected
    await original_route.handle(scope, receive, send)
          │              │      │      │        └ <function wrap_app_handling_exceptions.<locals>.wrapped_app.<locals>.sender at 0x731fd4223240>
          │              │      │      └ <function BaseHTTPMiddleware.__call__.<locals>.call_next.<locals>.receive_or_disconnect at 0x731fd4222ca0>
          │              │      └ {'type': 'http', 'http_version': '1.1', 'method': 'POST', 'path': '/api/v1/auth/logout', 'raw_path': b'/api/v1/auth/logout', ...
          │              └ <function APIRoute.handle at 0x731fd94cc040>
          └ APIRoute(path='/auth/logout', name='logout', methods=['POST'])
  File "/usr/local/lib/python3.13/site-packages/fastapi/routing.py", line 1265, in handle
    await app(scope, receive, send)
          │   │      │        └ <function wrap_app_handling_exceptions.<locals>.wrapped_app.<locals>.sender at 0x731fd4223240>
          │   │      └ <function BaseHTTPMiddleware.__call__.<locals>.call_next.<locals>.receive_or_disconnect at 0x731fd4222ca0>
          │   └ {'type': 'http', 'http_version': '1.1', 'method': 'POST', 'path': '/api/v1/auth/logout', 'raw_path': b'/api/v1/auth/logout', ...
          └ <function request_response.<locals>.app at 0x731fd4223380>
  File "/usr/local/lib/python3.13/site-packages/fastapi/routing.py", line 151, in app
    await wrap_app_handling_exceptions(app, request)(scope, receive, send)
          │                            │    │        │      │        └ <function wrap_app_handling_exceptions.<locals>.wrapped_app.<locals>.sender at 0x731fd4223240>
          │                            │    │        │      └ <function BaseHTTPMiddleware.__call__.<locals>.call_next.<locals>.receive_or_disconnect at 0x731fd4222ca0>
          │                            │    │        └ {'type': 'http', 'http_version': '1.1', 'method': 'POST', 'path': '/api/v1/auth/logout', 'raw_path': b'/api/v1/auth/logout', ...
          │                            │    └ <starlette.requests.Request object at 0x731fd643f360>
          │                            └ <function request_response.<locals>.app.<locals>.app at 0x731fd4223420>
          └ <function wrap_app_handling_exceptions at 0x731fd94934c0>
  File "/usr/local/lib/python3.13/site-packages/starlette/_exception_handler.py", line 53, in wrapped_app
    raise exc
  File "/usr/local/lib/python3.13/site-packages/starlette/_exception_handler.py", line 42, in wrapped_app
    await app(scope, receive, sender)
          │   │      │        └ <function wrap_app_handling_exceptions.<locals>.wrapped_app.<locals>.sender at 0x731fd4223560>
          │   │      └ <function BaseHTTPMiddleware.__call__.<locals>.call_next.<locals>.receive_or_disconnect at 0x731fd4222ca0>
          │   └ {'type': 'http', 'http_version': '1.1', 'method': 'POST', 'path': '/api/v1/auth/logout', 'raw_path': b'/api/v1/auth/logout', ...
          └ <function request_response.<locals>.app.<locals>.app at 0x731fd4223420>
  File "/usr/local/lib/python3.13/site-packages/fastapi/routing.py", line 137, in app
    response = await f(request)
                     │ └ <starlette.requests.Request object at 0x731fd643f360>
                     └ <function get_request_handler.<locals>.app at 0x731fd42232e0>
  File "/usr/local/lib/python3.13/site-packages/fastapi/routing.py", line 691, in app
    raw_response = await run_endpoint_function(
                         └ <function run_endpoint_function at 0x731fd94c3380>
  File "/usr/local/lib/python3.13/site-packages/fastapi/routing.py", line 345, in run_endpoint_function
    return await dependant.call(**values)
                 │         │      └ {'credentials': HTTPAuthorizationCredentials(scheme='Bearer', credentials='fake_token')}
                 │         └ <function logout at 0x731fd6c189a0>
                 └ Dependant(path_params=[], query_params=[], header_params=[], cookie_params=[], body_params=[], dependencies=[Dependant(path_p...

  File "/workspace/app/api/auth/router.py", line 164, in logout
    await auth_service.logout(token)
          │            │      └ 'fake_token'
          │            └ <MagicMock name='logout' id='126580608096912'>
          └ <app.services.auth.auth_service.SupabaseAuthService object at 0x731fd7ab1160>

TypeError: object MagicMock can't be used in 'await' expression
2026-07-19 11:13:49.187 | ERROR    | app.middleware.logging:dispatch:27 - Exception during request POST /api/v1/bookmarks: 1 validation error for BookmarkResponse
id
  UUID input should be a string, bytes or UUID object [type=uuid_type, input_value=None, input_type=NoneType]
    For further information visit https://errors.pydantic.dev/2.13/v/uuid_type | Latency: 0.0215s
2026-07-19 11:13:49.188 | ERROR    | app.middleware.error_handlers:general_exception_handler:52 - Unhandled system error - POST /api/v1/bookmarks - Error: 1 validation error for BookmarkResponse
id
  UUID input should be a string, bytes or UUID object [type=uuid_type, input_value=None, input_type=NoneType]
    For further information visit https://errors.pydantic.dev/2.13/v/uuid_type
Traceback (most recent call last):

  File "/usr/local/lib/python3.13/threading.py", line 1015, in _bootstrap
    self._bootstrap_inner()
    │    └ <function Thread._bootstrap_inner at 0x731fdb4e8ea0>
    └ <Thread(asyncio-portal-731fd6436490, started daemon 126580575844032)>
  File "/usr/local/lib/python3.13/threading.py", line 1044, in _bootstrap_inner
    self.run()
    │    └ <function Thread.run at 0x731fdb4e8c20>
    └ <Thread(asyncio-portal-731fd6436490, started daemon 126580575844032)>
  File "/usr/local/lib/python3.13/threading.py", line 995, in run
    self._target(*self._args, **self._kwargs)
    │    │        │    │        │    └ {}
    │    │        │    │        └ <Thread(asyncio-portal-731fd6436490, started daemon 126580575844032)>
    │    │        │    └ ()
    │    │        └ <Thread(asyncio-portal-731fd6436490, started daemon 126580575844032)>
    │    └ <function start_blocking_portal.<locals>.run_blocking_portal at 0x731fd667b600>
    └ <Thread(asyncio-portal-731fd6436490, started daemon 126580575844032)>
  File "/usr/local/lib/python3.13/site-packages/anyio/from_thread.py", line 536, in run_blocking_portal
    run_eventloop(
    └ <function run at 0x731fdbb30900>
  File "/usr/local/lib/python3.13/site-packages/anyio/_core/_eventloop.py", line 83, in run
    return async_backend.run(func, args, {}, backend_options)
           │             │   │     │         └ {}
           │             │   │     └ ()
           │             │   └ <function start_blocking_portal.<locals>.run_portal at 0x731fd8644540>
           │             └ <classmethod(<function AsyncIOBackend.run at 0x731fda0c16c0>)>
           └ <class 'anyio._backends._asyncio.AsyncIOBackend'>
  File "/usr/local/lib/python3.13/site-packages/anyio/_backends/_asyncio.py", line 2481, in run
    return runner.run(wrapper())
           │      │   └ <function start_blocking_portal.<locals>.run_portal at 0x731fd4223920>
           │      └ <function Runner.run at 0x731fd9d32340>
           └ <asyncio.runners.Runner object at 0x731fd6480cb0>
  File "/usr/local/lib/python3.13/asyncio/runners.py", line 119, in run
    return self._loop.run_until_complete(task)
           │    │     │                  └ <Task pending name='anyio.from_thread.start_blocking_portal.<locals>.run_portal' coro=<start_blocking_portal.<locals>.run_por...
           │    │     └ <function BaseEventLoop.run_until_complete at 0x731fd9d2be20>
           │    └ <_UnixSelectorEventLoop running=True closed=False debug=False>
           └ <asyncio.runners.Runner object at 0x731fd6480cb0>
  File "/usr/local/lib/python3.13/asyncio/base_events.py", line 712, in run_until_complete
    self.run_forever()
    │    └ <function BaseEventLoop.run_forever at 0x731fd9d2bd80>
    └ <_UnixSelectorEventLoop running=True closed=False debug=False>
  File "/usr/local/lib/python3.13/asyncio/base_events.py", line 683, in run_forever
    self._run_once()
    │    └ <function BaseEventLoop._run_once at 0x731fd9d31bc0>
    └ <_UnixSelectorEventLoop running=True closed=False debug=False>
  File "/usr/local/lib/python3.13/asyncio/base_events.py", line 2060, in _run_once
    handle._run()
    │      └ <function Handle._run at 0x731fdabcb880>
    └ <Handle Task.task_wakeup()>
  File "/usr/local/lib/python3.13/asyncio/events.py", line 89, in _run
    self._context.run(self._callback, *self._args)
    │    │            │    │           │    └ <member '_args' of 'Handle' objects>
    │    │            │    │           └ <Handle Task.task_wakeup()>
    │    │            │    └ <member '_callback' of 'Handle' objects>
    │    │            └ <Handle Task.task_wakeup()>
    │    └ <member '_context' of 'Handle' objects>
    └ <Handle Task.task_wakeup()>
  File "/usr/local/lib/python3.13/site-packages/anyio/_core/_tasks.py", line 275, in _run_coro
    retval = await self._coro
                   │    └ <member '_coro' of 'TaskHandle' objects>
                   └ <TaskHandle pending name='anyio.from_thread.BlockingPortal._call_func' coro=<coroutine object BlockingPortal._call_func at 0x...
  File "/usr/local/lib/python3.13/site-packages/anyio/from_thread.py", line 263, in _call_func
    retval = await retval_or_awaitable
                   └ <coroutine object FastAPI.__call__ at 0x731fd64d5d50>
  File "/usr/local/lib/python3.13/site-packages/fastapi/applications.py", line 1163, in __call__
    await super().__call__(scope, receive, send)
                           │      │        └ <function _TestClientTransport.handle_request.<locals>.send at 0x731fd42ec040>
                           │      └ <function _TestClientTransport.handle_request.<locals>.receive at 0x731fd642d6c0>
                           └ {'type': 'http', 'http_version': '1.1', 'method': 'POST', 'path': '/api/v1/bookmarks', 'raw_path': b'/api/v1/bookmarks', 'roo...
  File "/usr/local/lib/python3.13/site-packages/starlette/applications.py", line 90, in __call__
    await self.middleware_stack(scope, receive, send)
          │    │                │      │        └ <function _TestClientTransport.handle_request.<locals>.send at 0x731fd42ec040>
          │    │                │      └ <function _TestClientTransport.handle_request.<locals>.receive at 0x731fd642d6c0>
          │    │                └ {'type': 'http', 'http_version': '1.1', 'method': 'POST', 'path': '/api/v1/bookmarks', 'raw_path': b'/api/v1/bookmarks', 'roo...
          │    └ <starlette.middleware.errors.ServerErrorMiddleware object at 0x731fd66b6e40>
          └ <fastapi.applications.FastAPI object at 0x731fd6af6ba0>
> File "/usr/local/lib/python3.13/site-packages/starlette/middleware/errors.py", line 164, in __call__
    await self.app(scope, receive, _send)
          │    │   │      │        └ <function ServerErrorMiddleware.__call__.<locals>._send at 0x731fd42ec7c0>
          │    │   │      └ <function _TestClientTransport.handle_request.<locals>.receive at 0x731fd642d6c0>
          │    │   └ {'type': 'http', 'http_version': '1.1', 'method': 'POST', 'path': '/api/v1/bookmarks', 'raw_path': b'/api/v1/bookmarks', 'roo...
          │    └ <app.middleware.logging.LoggingAndTrackingMiddleware object at 0x731fd66b6cf0>
          └ <starlette.middleware.errors.ServerErrorMiddleware object at 0x731fd66b6e40>
  File "/usr/local/lib/python3.13/site-packages/starlette/middleware/base.py", line 193, in __call__
    response = await self.dispatch_func(request, call_next)
                     │    │             │        └ <function BaseHTTPMiddleware.__call__.<locals>.call_next at 0x731fd42ec680>
                     │    │             └ <starlette.middleware.base._CachedRequest object at 0x731fd64bfed0>
                     │    └ <bound method LoggingAndTrackingMiddleware.dispatch of <app.middleware.logging.LoggingAndTrackingMiddleware object at 0x731fd...
                     └ <app.middleware.logging.LoggingAndTrackingMiddleware object at 0x731fd66b6cf0>

  File "/workspace/app/middleware/logging.py", line 30, in dispatch
    raise e

  File "/workspace/app/middleware/logging.py", line 23, in dispatch
    response = await call_next(request)
                     │         └ <starlette.middleware.base._CachedRequest object at 0x731fd64bfed0>
                     └ <function BaseHTTPMiddleware.__call__.<locals>.call_next at 0x731fd42ec680>

  File "/usr/local/lib/python3.13/site-packages/starlette/middleware/base.py", line 168, in call_next
    raise app_exc from app_exc.__cause__ or app_exc.__context__
          │            │       │            │       └ <attribute '__context__' of 'BaseException' objects>
          │            │       │            └ 1 validation error for BookmarkResponse
          │            │       │              id
          │            │       │                UUID input should be a string, bytes or UUID object [type=uuid_type, input_value...
          │            │       └ <attribute '__cause__' of 'BaseException' objects>
          │            └ 1 validation error for BookmarkResponse
          │              id
          │                UUID input should be a string, bytes or UUID object [type=uuid_type, input_value...
          └ 1 validation error for BookmarkResponse
            id
              UUID input should be a string, bytes or UUID object [type=uuid_type, input_value...
  File "/usr/local/lib/python3.13/site-packages/starlette/middleware/base.py", line 144, in coro
    await self.app(scope, receive_or_disconnect, send_no_error)
          │    │   │      │                      └ <function BaseHTTPMiddleware.__call__.<locals>.call_next.<locals>.send_no_error at 0x731fd42ec860>
          │    │   │      └ <function BaseHTTPMiddleware.__call__.<locals>.call_next.<locals>.receive_or_disconnect at 0x731fd42ec5e0>
          │    │   └ {'type': 'http', 'http_version': '1.1', 'method': 'POST', 'path': '/api/v1/bookmarks', 'raw_path': b'/api/v1/bookmarks', 'roo...
          │    └ <starlette.middleware.cors.CORSMiddleware object at 0x731fd66b6ba0>
          └ <app.middleware.logging.LoggingAndTrackingMiddleware object at 0x731fd66b6cf0>
  File "/usr/local/lib/python3.13/site-packages/starlette/middleware/cors.py", line 88, in __call__
    await self.app(scope, receive, send)
          │    │   │      │        └ <function BaseHTTPMiddleware.__call__.<locals>.call_next.<locals>.send_no_error at 0x731fd42ec860>
          │    │   │      └ <function BaseHTTPMiddleware.__call__.<locals>.call_next.<locals>.receive_or_disconnect at 0x731fd42ec5e0>
          │    │   └ {'type': 'http', 'http_version': '1.1', 'method': 'POST', 'path': '/api/v1/bookmarks', 'raw_path': b'/api/v1/bookmarks', 'roo...
          │    └ <starlette.middleware.exceptions.ExceptionMiddleware object at 0x731fd66b6a50>
          └ <starlette.middleware.cors.CORSMiddleware object at 0x731fd66b6ba0>
  File "/usr/local/lib/python3.13/site-packages/starlette/middleware/exceptions.py", line 63, in __call__
    await wrap_app_handling_exceptions(self.app, conn)(scope, receive, send)
          │                            │    │    │     │      │        └ <function BaseHTTPMiddleware.__call__.<locals>.call_next.<locals>.send_no_error at 0x731fd42ec860>
          │                            │    │    │     │      └ <function BaseHTTPMiddleware.__call__.<locals>.call_next.<locals>.receive_or_disconnect at 0x731fd42ec5e0>
          │                            │    │    │     └ {'type': 'http', 'http_version': '1.1', 'method': 'POST', 'path': '/api/v1/bookmarks', 'raw_path': b'/api/v1/bookmarks', 'roo...
          │                            │    │    └ <starlette.requests.Request object at 0x731fd64459d0>
          │                            │    └ <fastapi.middleware.asyncexitstack.AsyncExitStackMiddleware object at 0x731fd66b6900>
          │                            └ <starlette.middleware.exceptions.ExceptionMiddleware object at 0x731fd66b6a50>
          └ <function wrap_app_handling_exceptions at 0x731fd94934c0>
  File "/usr/local/lib/python3.13/site-packages/starlette/_exception_handler.py", line 53, in wrapped_app
    raise exc
  File "/usr/local/lib/python3.13/site-packages/starlette/_exception_handler.py", line 42, in wrapped_app
    await app(scope, receive, sender)
          │   │      │        └ <function wrap_app_handling_exceptions.<locals>.wrapped_app.<locals>.sender at 0x731fd42ecb80>
          │   │      └ <function BaseHTTPMiddleware.__call__.<locals>.call_next.<locals>.receive_or_disconnect at 0x731fd42ec5e0>
          │   └ {'type': 'http', 'http_version': '1.1', 'method': 'POST', 'path': '/api/v1/bookmarks', 'raw_path': b'/api/v1/bookmarks', 'roo...
          └ <fastapi.middleware.asyncexitstack.AsyncExitStackMiddleware object at 0x731fd66b6900>
  File "/usr/local/lib/python3.13/site-packages/fastapi/middleware/asyncexitstack.py", line 18, in __call__
    await self.app(scope, receive, send)
          │    │   │      │        └ <function wrap_app_handling_exceptions.<locals>.wrapped_app.<locals>.sender at 0x731fd42ecb80>
          │    │   │      └ <function BaseHTTPMiddleware.__call__.<locals>.call_next.<locals>.receive_or_disconnect at 0x731fd42ec5e0>
          │    │   └ {'type': 'http', 'http_version': '1.1', 'method': 'POST', 'path': '/api/v1/bookmarks', 'raw_path': b'/api/v1/bookmarks', 'roo...
          │    └ <fastapi.routing.APIRouter object at 0x731fd663e8b0>
          └ <fastapi.middleware.asyncexitstack.AsyncExitStackMiddleware object at 0x731fd66b6900>
  File "/usr/local/lib/python3.13/site-packages/starlette/routing.py", line 660, in __call__
    await self.middleware_stack(scope, receive, send)
          │    │                │      │        └ <function wrap_app_handling_exceptions.<locals>.wrapped_app.<locals>.sender at 0x731fd42ecb80>
          │    │                │      └ <function BaseHTTPMiddleware.__call__.<locals>.call_next.<locals>.receive_or_disconnect at 0x731fd42ec5e0>
          │    │                └ {'type': 'http', 'http_version': '1.1', 'method': 'POST', 'path': '/api/v1/bookmarks', 'raw_path': b'/api/v1/bookmarks', 'roo...
          │    └ <bound method APIRouter.app of <fastapi.routing.APIRouter object at 0x731fd663e8b0>>
          └ <fastapi.routing.APIRouter object at 0x731fd663e8b0>
  File "/usr/local/lib/python3.13/site-packages/fastapi/routing.py", line 2685, in app
    await route.handle(scope, receive, send)
          │     │      │      │        └ <function wrap_app_handling_exceptions.<locals>.wrapped_app.<locals>.sender at 0x731fd42ecb80>
          │     │      │      └ <function BaseHTTPMiddleware.__call__.<locals>.call_next.<locals>.receive_or_disconnect at 0x731fd42ec5e0>
          │     │      └ {'type': 'http', 'http_version': '1.1', 'method': 'POST', 'path': '/api/v1/bookmarks', 'raw_path': b'/api/v1/bookmarks', 'roo...
          │     └ <function _IncludedRouter.handle at 0x731fd94cdf80>
          └ _IncludedRouter(original_router=<fastapi.routing.APIRouter object at 0x731fd6a24b90>, include_context=_RouterIncludeContext(i...
  File "/usr/local/lib/python3.13/site-packages/fastapi/routing.py", line 1766, in handle
    await self.original_router.handle(scope, receive, send)
          │    │               │      │      │        └ <function wrap_app_handling_exceptions.<locals>.wrapped_app.<locals>.sender at 0x731fd42ecb80>
          │    │               │      │      └ <function BaseHTTPMiddleware.__call__.<locals>.call_next.<locals>.receive_or_disconnect at 0x731fd42ec5e0>
          │    │               │      └ {'type': 'http', 'http_version': '1.1', 'method': 'POST', 'path': '/api/v1/bookmarks', 'raw_path': b'/api/v1/bookmarks', 'roo...
          │    │               └ <function APIRouter.handle at 0x731fd94cfe20>
          │    └ <fastapi.routing.APIRouter object at 0x731fd6a24b90>
          └ _IncludedRouter(original_router=<fastapi.routing.APIRouter object at 0x731fd6a24b90>, include_context=_RouterIncludeContext(i...
  File "/usr/local/lib/python3.13/site-packages/fastapi/routing.py", line 2740, in handle
    await included_router._handle_selected(scope, receive, send)
          │               │                │      │        └ <function wrap_app_handling_exceptions.<locals>.wrapped_app.<locals>.sender at 0x731fd42ecb80>
          │               │                │      └ <function BaseHTTPMiddleware.__call__.<locals>.call_next.<locals>.receive_or_disconnect at 0x731fd42ec5e0>
          │               │                └ {'type': 'http', 'http_version': '1.1', 'method': 'POST', 'path': '/api/v1/bookmarks', 'raw_path': b'/api/v1/bookmarks', 'roo...
          │               └ <function _IncludedRouter._handle_selected at 0x731fd94ce020>
          └ _IncludedRouter(original_router=<fastapi.routing.APIRouter object at 0x731fd6a24b90>, include_context=_RouterIncludeContext(i...
  File "/usr/local/lib/python3.13/site-packages/fastapi/routing.py", line 1786, in _handle_selected
    await original_route.handle(scope, receive, send)
          │              │      │      │        └ <function wrap_app_handling_exceptions.<locals>.wrapped_app.<locals>.sender at 0x731fd42ecb80>
          │              │      │      └ <function BaseHTTPMiddleware.__call__.<locals>.call_next.<locals>.receive_or_disconnect at 0x731fd42ec5e0>
          │              │      └ {'type': 'http', 'http_version': '1.1', 'method': 'POST', 'path': '/api/v1/bookmarks', 'raw_path': b'/api/v1/bookmarks', 'roo...
          │              └ <function APIRoute.handle at 0x731fd94cc040>
          └ APIRoute(path='/bookmarks', name='create_bookmark', methods=['POST'])
  File "/usr/local/lib/python3.13/site-packages/fastapi/routing.py", line 1265, in handle
    await app(scope, receive, send)
          │   │      │        └ <function wrap_app_handling_exceptions.<locals>.wrapped_app.<locals>.sender at 0x731fd42ecb80>
          │   │      └ <function BaseHTTPMiddleware.__call__.<locals>.call_next.<locals>.receive_or_disconnect at 0x731fd42ec5e0>
          │   └ {'type': 'http', 'http_version': '1.1', 'method': 'POST', 'path': '/api/v1/bookmarks', 'raw_path': b'/api/v1/bookmarks', 'roo...
          └ <function request_response.<locals>.app at 0x731fd4223b00>
  File "/usr/local/lib/python3.13/site-packages/fastapi/routing.py", line 151, in app
    await wrap_app_handling_exceptions(app, request)(scope, receive, send)
          │                            │    │        │      │        └ <function wrap_app_handling_exceptions.<locals>.wrapped_app.<locals>.sender at 0x731fd42ecb80>
          │                            │    │        │      └ <function BaseHTTPMiddleware.__call__.<locals>.call_next.<locals>.receive_or_disconnect at 0x731fd42ec5e0>
          │                            │    │        └ {'type': 'http', 'http_version': '1.1', 'method': 'POST', 'path': '/api/v1/bookmarks', 'raw_path': b'/api/v1/bookmarks', 'roo...
          │                            │    └ <starlette.requests.Request object at 0x731fd6493df0>
          │                            └ <function request_response.<locals>.app.<locals>.app at 0x731fd42ecc20>
          └ <function wrap_app_handling_exceptions at 0x731fd94934c0>
  File "/usr/local/lib/python3.13/site-packages/starlette/_exception_handler.py", line 53, in wrapped_app
    raise exc
  File "/usr/local/lib/python3.13/site-packages/starlette/_exception_handler.py", line 42, in wrapped_app
    await app(scope, receive, sender)
          │   │      │        └ <function wrap_app_handling_exceptions.<locals>.wrapped_app.<locals>.sender at 0x731fd42ecd60>
          │   │      └ <function BaseHTTPMiddleware.__call__.<locals>.call_next.<locals>.receive_or_disconnect at 0x731fd42ec5e0>
          │   └ {'type': 'http', 'http_version': '1.1', 'method': 'POST', 'path': '/api/v1/bookmarks', 'raw_path': b'/api/v1/bookmarks', 'roo...
          └ <function request_response.<locals>.app.<locals>.app at 0x731fd42ecc20>
  File "/usr/local/lib/python3.13/site-packages/fastapi/routing.py", line 137, in app
    response = await f(request)
                     │ └ <starlette.requests.Request object at 0x731fd6493df0>
                     └ <function get_request_handler.<locals>.app at 0x731fd4223ce0>
  File "/usr/local/lib/python3.13/site-packages/fastapi/routing.py", line 691, in app
    raw_response = await run_endpoint_function(
                         └ <function run_endpoint_function at 0x731fd94c3380>
  File "/usr/local/lib/python3.13/site-packages/fastapi/routing.py", line 345, in run_endpoint_function
    return await dependant.call(**values)
                 │         │      └ {'current_user': <app.database.models.User object at 0x731fd6434690>, 'db': <MagicMock spec='AsyncSession' id='12658057854622...
                 │         └ <function create_bookmark at 0x731fd6947100>
                 └ Dependant(path_params=[], query_params=[], header_params=[], cookie_params=[], body_params=[ModelField(field_info=Body(Pydant...

  File "/workspace/app/api/bookmarks/router.py", line 202, in create_bookmark
    data=BookmarkResponse.model_validate(bookmark)
         │                │              └ <app.database.models.Bookmark object at 0x731fd64b3380>
         │                └ <classmethod(<function BaseModel.model_validate at 0x731fd9ee7880>)>
         └ <class 'app.schemas.bookmarks.BookmarkResponse'>

  File "/usr/local/lib/python3.13/site-packages/pydantic/main.py", line 732, in model_validate
    return cls.__pydantic_validator__.validate_python(
           │   │                      └ <method 'validate_python' of 'pydantic_core._pydantic_core.SchemaValidator' objects>
           │   └ SchemaValidator(title="BookmarkResponse", validator=Model(
           │         ModelValidator {
           │             revalidate: Never,
           │             validator:...
           └ <class 'app.schemas.bookmarks.BookmarkResponse'>

pydantic_core._pydantic_core.ValidationError: 1 validation error for BookmarkResponse
id
  UUID input should be a string, bytes or UUID object [type=uuid_type, input_value=None, input_type=NoneType]
    For further information visit https://errors.pydantic.dev/2.13/v/uuid_type
2026-07-19 11:13:49.774 | CRITICAL | main:lifespan:46 - Failed to ping Redis broker: Event loop is closed
2026-07-19 11:13:49.781 | ERROR    | app.middleware.logging:dispatch:27 - Exception during request GET /api/v1/bookmarks: 2 validation errors for BookmarkResponse
position
  Input should be a valid integer [type=int_type, input_value=None, input_type=NoneType]
    For further information visit https://errors.pydantic.dev/2.13/v/int_type
user_id
  UUID input should be a string, bytes or UUID object [type=uuid_type, input_value=None, input_type=NoneType]
    For further information visit https://errors.pydantic.dev/2.13/v/uuid_type | Latency: 0.0044s
2026-07-19 11:13:49.781 | ERROR    | app.middleware.error_handlers:general_exception_handler:52 - Unhandled system error - GET /api/v1/bookmarks - Error: 2 validation errors for BookmarkResponse
position
  Input should be a valid integer [type=int_type, input_value=None, input_type=NoneType]
    For further information visit https://errors.pydantic.dev/2.13/v/int_type
user_id
  UUID input should be a string, bytes or UUID object [type=uuid_type, input_value=None, input_type=NoneType]
    For further information visit https://errors.pydantic.dev/2.13/v/uuid_type
Traceback (most recent call last):

  File "/usr/local/lib/python3.13/threading.py", line 1015, in _bootstrap
    self._bootstrap_inner()
    │    └ <function Thread._bootstrap_inner at 0x731fdb4e8ea0>
    └ <Thread(asyncio-portal-731fd4288770, started daemon 126580575844032)>
  File "/usr/local/lib/python3.13/threading.py", line 1044, in _bootstrap_inner
    self.run()
    │    └ <function Thread.run at 0x731fdb4e8c20>
    └ <Thread(asyncio-portal-731fd4288770, started daemon 126580575844032)>
  File "/usr/local/lib/python3.13/threading.py", line 995, in run
    self._target(*self._args, **self._kwargs)
    │    │        │    │        │    └ {}
    │    │        │    │        └ <Thread(asyncio-portal-731fd4288770, started daemon 126580575844032)>
    │    │        │    └ ()
    │    │        └ <Thread(asyncio-portal-731fd4288770, started daemon 126580575844032)>
    │    └ <function start_blocking_portal.<locals>.run_blocking_portal at 0x731fd42225c0>
    └ <Thread(asyncio-portal-731fd4288770, started daemon 126580575844032)>
  File "/usr/local/lib/python3.13/site-packages/anyio/from_thread.py", line 536, in run_blocking_portal
    run_eventloop(
    └ <function run at 0x731fdbb30900>
  File "/usr/local/lib/python3.13/site-packages/anyio/_core/_eventloop.py", line 83, in run
    return async_backend.run(func, args, {}, backend_options)
           │             │   │     │         └ {}
           │             │   │     └ ()
           │             │   └ <function start_blocking_portal.<locals>.run_portal at 0x731fd4222340>
           │             └ <classmethod(<function AsyncIOBackend.run at 0x731fda0c16c0>)>
           └ <class 'anyio._backends._asyncio.AsyncIOBackend'>
  File "/usr/local/lib/python3.13/site-packages/anyio/_backends/_asyncio.py", line 2481, in run
    return runner.run(wrapper())
           │      │   └ <function start_blocking_portal.<locals>.run_portal at 0x731fd4223ec0>
           │      └ <function Runner.run at 0x731fd9d32340>
           └ <asyncio.runners.Runner object at 0x731fd64448d0>
  File "/usr/local/lib/python3.13/asyncio/runners.py", line 119, in run
    return self._loop.run_until_complete(task)
           │    │     │                  └ <Task pending name='anyio.from_thread.start_blocking_portal.<locals>.run_portal' coro=<start_blocking_portal.<locals>.run_por...
           │    │     └ <function BaseEventLoop.run_until_complete at 0x731fd9d2be20>
           │    └ <_UnixSelectorEventLoop running=True closed=False debug=False>
           └ <asyncio.runners.Runner object at 0x731fd64448d0>
  File "/usr/local/lib/python3.13/asyncio/base_events.py", line 712, in run_until_complete
    self.run_forever()
    │    └ <function BaseEventLoop.run_forever at 0x731fd9d2bd80>
    └ <_UnixSelectorEventLoop running=True closed=False debug=False>
  File "/usr/local/lib/python3.13/asyncio/base_events.py", line 683, in run_forever
    self._run_once()
    │    └ <function BaseEventLoop._run_once at 0x731fd9d31bc0>
    └ <_UnixSelectorEventLoop running=True closed=False debug=False>
  File "/usr/local/lib/python3.13/asyncio/base_events.py", line 2060, in _run_once
    handle._run()
    │      └ <function Handle._run at 0x731fdabcb880>
    └ <Handle Task.task_wakeup()>
  File "/usr/local/lib/python3.13/asyncio/events.py", line 89, in _run
    self._context.run(self._callback, *self._args)
    │    │            │    │           │    └ <member '_args' of 'Handle' objects>
    │    │            │    │           └ <Handle Task.task_wakeup()>
    │    │            │    └ <member '_callback' of 'Handle' objects>
    │    │            └ <Handle Task.task_wakeup()>
    │    └ <member '_context' of 'Handle' objects>
    └ <Handle Task.task_wakeup()>
  File "/usr/local/lib/python3.13/site-packages/anyio/_core/_tasks.py", line 275, in _run_coro
    retval = await self._coro
                   │    └ <member '_coro' of 'TaskHandle' objects>
                   └ <TaskHandle pending name='anyio.from_thread.BlockingPortal._call_func' coro=<coroutine object BlockingPortal._call_func at 0x...
  File "/usr/local/lib/python3.13/site-packages/anyio/from_thread.py", line 263, in _call_func
    retval = await retval_or_awaitable
                   └ <coroutine object FastAPI.__call__ at 0x731fd64d5210>
  File "/usr/local/lib/python3.13/site-packages/fastapi/applications.py", line 1163, in __call__
    await super().__call__(scope, receive, send)
                           │      │        └ <function _TestClientTransport.handle_request.<locals>.send at 0x731fc60b2de0>
                           │      └ <function _TestClientTransport.handle_request.<locals>.receive at 0x731fc60b25c0>
                           └ {'type': 'http', 'http_version': '1.1', 'method': 'GET', 'path': '/api/v1/bookmarks', 'raw_path': b'/api/v1/bookmarks', 'root...
  File "/usr/local/lib/python3.13/site-packages/starlette/applications.py", line 90, in __call__
    await self.middleware_stack(scope, receive, send)
          │    │                │      │        └ <function _TestClientTransport.handle_request.<locals>.send at 0x731fc60b2de0>
          │    │                │      └ <function _TestClientTransport.handle_request.<locals>.receive at 0x731fc60b25c0>
          │    │                └ {'type': 'http', 'http_version': '1.1', 'method': 'GET', 'path': '/api/v1/bookmarks', 'raw_path': b'/api/v1/bookmarks', 'root...
          │    └ <starlette.middleware.errors.ServerErrorMiddleware object at 0x731fd66b6e40>
          └ <fastapi.applications.FastAPI object at 0x731fd6af6ba0>
> File "/usr/local/lib/python3.13/site-packages/starlette/middleware/errors.py", line 164, in __call__
    await self.app(scope, receive, _send)
          │    │   │      │        └ <function ServerErrorMiddleware.__call__.<locals>._send at 0x731fc60b2b60>
          │    │   │      └ <function _TestClientTransport.handle_request.<locals>.receive at 0x731fc60b25c0>
          │    │   └ {'type': 'http', 'http_version': '1.1', 'method': 'GET', 'path': '/api/v1/bookmarks', 'raw_path': b'/api/v1/bookmarks', 'root...
          │    └ <app.middleware.logging.LoggingAndTrackingMiddleware object at 0x731fd66b6cf0>
          └ <starlette.middleware.errors.ServerErrorMiddleware object at 0x731fd66b6e40>
  File "/usr/local/lib/python3.13/site-packages/starlette/middleware/base.py", line 193, in __call__
    response = await self.dispatch_func(request, call_next)
                     │    │             │        └ <function BaseHTTPMiddleware.__call__.<locals>.call_next at 0x731fc60b2c00>
                     │    │             └ <starlette.middleware.base._CachedRequest object at 0x731fd4289350>
                     │    └ <bound method LoggingAndTrackingMiddleware.dispatch of <app.middleware.logging.LoggingAndTrackingMiddleware object at 0x731fd...
                     └ <app.middleware.logging.LoggingAndTrackingMiddleware object at 0x731fd66b6cf0>

  File "/workspace/app/middleware/logging.py", line 30, in dispatch
    raise e

  File "/workspace/app/middleware/logging.py", line 23, in dispatch
    response = await call_next(request)
                     │         └ <starlette.middleware.base._CachedRequest object at 0x731fd4289350>
                     └ <function BaseHTTPMiddleware.__call__.<locals>.call_next at 0x731fc60b2c00>

  File "/usr/local/lib/python3.13/site-packages/starlette/middleware/base.py", line 168, in call_next
    raise app_exc from app_exc.__cause__ or app_exc.__context__
          │            │       │            │       └ <attribute '__context__' of 'BaseException' objects>
          │            │       │            └ 2 validation errors for BookmarkResponse
          │            │       │              position
          │            │       │                Input should be a valid integer [type=int_type, input_value=None, input_t...
          │            │       └ <attribute '__cause__' of 'BaseException' objects>
          │            └ 2 validation errors for BookmarkResponse
          │              position
          │                Input should be a valid integer [type=int_type, input_value=None, input_t...
          └ 2 validation errors for BookmarkResponse
            position
              Input should be a valid integer [type=int_type, input_value=None, input_t...
  File "/usr/local/lib/python3.13/site-packages/starlette/middleware/base.py", line 144, in coro
    await self.app(scope, receive_or_disconnect, send_no_error)
          │    │   │      │                      └ <function BaseHTTPMiddleware.__call__.<locals>.call_next.<locals>.send_no_error at 0x731fc60b2e80>
          │    │   │      └ <function BaseHTTPMiddleware.__call__.<locals>.call_next.<locals>.receive_or_disconnect at 0x731fc60b2d40>
          │    │   └ {'type': 'http', 'http_version': '1.1', 'method': 'GET', 'path': '/api/v1/bookmarks', 'raw_path': b'/api/v1/bookmarks', 'root...
          │    └ <starlette.middleware.cors.CORSMiddleware object at 0x731fd66b6ba0>
          └ <app.middleware.logging.LoggingAndTrackingMiddleware object at 0x731fd66b6cf0>
  File "/usr/local/lib/python3.13/site-packages/starlette/middleware/cors.py", line 88, in __call__
    await self.app(scope, receive, send)
          │    │   │      │        └ <function BaseHTTPMiddleware.__call__.<locals>.call_next.<locals>.send_no_error at 0x731fc60b2e80>
          │    │   │      └ <function BaseHTTPMiddleware.__call__.<locals>.call_next.<locals>.receive_or_disconnect at 0x731fc60b2d40>
          │    │   └ {'type': 'http', 'http_version': '1.1', 'method': 'GET', 'path': '/api/v1/bookmarks', 'raw_path': b'/api/v1/bookmarks', 'root...
          │    └ <starlette.middleware.exceptions.ExceptionMiddleware object at 0x731fd66b6a50>
          └ <starlette.middleware.cors.CORSMiddleware object at 0x731fd66b6ba0>
  File "/usr/local/lib/python3.13/site-packages/starlette/middleware/exceptions.py", line 63, in __call__
    await wrap_app_handling_exceptions(self.app, conn)(scope, receive, send)
          │                            │    │    │     │      │        └ <function BaseHTTPMiddleware.__call__.<locals>.call_next.<locals>.send_no_error at 0x731fc60b2e80>
          │                            │    │    │     │      └ <function BaseHTTPMiddleware.__call__.<locals>.call_next.<locals>.receive_or_disconnect at 0x731fc60b2d40>
          │                            │    │    │     └ {'type': 'http', 'http_version': '1.1', 'method': 'GET', 'path': '/api/v1/bookmarks', 'raw_path': b'/api/v1/bookmarks', 'root...
          │                            │    │    └ <starlette.requests.Request object at 0x731fd42c8850>
          │                            │    └ <fastapi.middleware.asyncexitstack.AsyncExitStackMiddleware object at 0x731fd66b6900>
          │                            └ <starlette.middleware.exceptions.ExceptionMiddleware object at 0x731fd66b6a50>
          └ <function wrap_app_handling_exceptions at 0x731fd94934c0>
  File "/usr/local/lib/python3.13/site-packages/starlette/_exception_handler.py", line 53, in wrapped_app
    raise exc
  File "/usr/local/lib/python3.13/site-packages/starlette/_exception_handler.py", line 42, in wrapped_app
    await app(scope, receive, sender)
          │   │      │        └ <function wrap_app_handling_exceptions.<locals>.wrapped_app.<locals>.sender at 0x731fc60b31a0>
          │   │      └ <function BaseHTTPMiddleware.__call__.<locals>.call_next.<locals>.receive_or_disconnect at 0x731fc60b2d40>
          │   └ {'type': 'http', 'http_version': '1.1', 'method': 'GET', 'path': '/api/v1/bookmarks', 'raw_path': b'/api/v1/bookmarks', 'root...
          └ <fastapi.middleware.asyncexitstack.AsyncExitStackMiddleware object at 0x731fd66b6900>
  File "/usr/local/lib/python3.13/site-packages/fastapi/middleware/asyncexitstack.py", line 18, in __call__
    await self.app(scope, receive, send)
          │    │   │      │        └ <function wrap_app_handling_exceptions.<locals>.wrapped_app.<locals>.sender at 0x731fc60b31a0>
          │    │   │      └ <function BaseHTTPMiddleware.__call__.<locals>.call_next.<locals>.receive_or_disconnect at 0x731fc60b2d40>
          │    │   └ {'type': 'http', 'http_version': '1.1', 'method': 'GET', 'path': '/api/v1/bookmarks', 'raw_path': b'/api/v1/bookmarks', 'root...
          │    └ <fastapi.routing.APIRouter object at 0x731fd663e8b0>
          └ <fastapi.middleware.asyncexitstack.AsyncExitStackMiddleware object at 0x731fd66b6900>
  File "/usr/local/lib/python3.13/site-packages/starlette/routing.py", line 660, in __call__
    await self.middleware_stack(scope, receive, send)
          │    │                │      │        └ <function wrap_app_handling_exceptions.<locals>.wrapped_app.<locals>.sender at 0x731fc60b31a0>
          │    │                │      └ <function BaseHTTPMiddleware.__call__.<locals>.call_next.<locals>.receive_or_disconnect at 0x731fc60b2d40>
          │    │                └ {'type': 'http', 'http_version': '1.1', 'method': 'GET', 'path': '/api/v1/bookmarks', 'raw_path': b'/api/v1/bookmarks', 'root...
          │    └ <bound method APIRouter.app of <fastapi.routing.APIRouter object at 0x731fd663e8b0>>
          └ <fastapi.routing.APIRouter object at 0x731fd663e8b0>
  File "/usr/local/lib/python3.13/site-packages/fastapi/routing.py", line 2685, in app
    await route.handle(scope, receive, send)
          │     │      │      │        └ <function wrap_app_handling_exceptions.<locals>.wrapped_app.<locals>.sender at 0x731fc60b31a0>
          │     │      │      └ <function BaseHTTPMiddleware.__call__.<locals>.call_next.<locals>.receive_or_disconnect at 0x731fc60b2d40>
          │     │      └ {'type': 'http', 'http_version': '1.1', 'method': 'GET', 'path': '/api/v1/bookmarks', 'raw_path': b'/api/v1/bookmarks', 'root...
          │     └ <function _IncludedRouter.handle at 0x731fd94cdf80>
          └ _IncludedRouter(original_router=<fastapi.routing.APIRouter object at 0x731fd6a24b90>, include_context=_RouterIncludeContext(i...
  File "/usr/local/lib/python3.13/site-packages/fastapi/routing.py", line 1766, in handle
    await self.original_router.handle(scope, receive, send)
          │    │               │      │      │        └ <function wrap_app_handling_exceptions.<locals>.wrapped_app.<locals>.sender at 0x731fc60b31a0>
          │    │               │      │      └ <function BaseHTTPMiddleware.__call__.<locals>.call_next.<locals>.receive_or_disconnect at 0x731fc60b2d40>
          │    │               │      └ {'type': 'http', 'http_version': '1.1', 'method': 'GET', 'path': '/api/v1/bookmarks', 'raw_path': b'/api/v1/bookmarks', 'root...
          │    │               └ <function APIRouter.handle at 0x731fd94cfe20>
          │    └ <fastapi.routing.APIRouter object at 0x731fd6a24b90>
          └ _IncludedRouter(original_router=<fastapi.routing.APIRouter object at 0x731fd6a24b90>, include_context=_RouterIncludeContext(i...
  File "/usr/local/lib/python3.13/site-packages/fastapi/routing.py", line 2740, in handle
    await included_router._handle_selected(scope, receive, send)
          │               │                │      │        └ <function wrap_app_handling_exceptions.<locals>.wrapped_app.<locals>.sender at 0x731fc60b31a0>
          │               │                │      └ <function BaseHTTPMiddleware.__call__.<locals>.call_next.<locals>.receive_or_disconnect at 0x731fc60b2d40>
          │               │                └ {'type': 'http', 'http_version': '1.1', 'method': 'GET', 'path': '/api/v1/bookmarks', 'raw_path': b'/api/v1/bookmarks', 'root...
          │               └ <function _IncludedRouter._handle_selected at 0x731fd94ce020>
          └ _IncludedRouter(original_router=<fastapi.routing.APIRouter object at 0x731fd6a24b90>, include_context=_RouterIncludeContext(i...
  File "/usr/local/lib/python3.13/site-packages/fastapi/routing.py", line 1786, in _handle_selected
    await original_route.handle(scope, receive, send)
          │              │      │      │        └ <function wrap_app_handling_exceptions.<locals>.wrapped_app.<locals>.sender at 0x731fc60b31a0>
          │              │      │      └ <function BaseHTTPMiddleware.__call__.<locals>.call_next.<locals>.receive_or_disconnect at 0x731fc60b2d40>
          │              │      └ {'type': 'http', 'http_version': '1.1', 'method': 'GET', 'path': '/api/v1/bookmarks', 'raw_path': b'/api/v1/bookmarks', 'root...
          │              └ <function APIRoute.handle at 0x731fd94cc040>
          └ APIRoute(path='/bookmarks', name='get_bookmarks', methods=['GET'])
  File "/usr/local/lib/python3.13/site-packages/fastapi/routing.py", line 1265, in handle
    await app(scope, receive, send)
          │   │      │        └ <function wrap_app_handling_exceptions.<locals>.wrapped_app.<locals>.sender at 0x731fc60b31a0>
          │   │      └ <function BaseHTTPMiddleware.__call__.<locals>.call_next.<locals>.receive_or_disconnect at 0x731fc60b2d40>
          │   └ {'type': 'http', 'http_version': '1.1', 'method': 'GET', 'path': '/api/v1/bookmarks', 'raw_path': b'/api/v1/bookmarks', 'root...
          └ <function request_response.<locals>.app at 0x731fc60b37e0>
  File "/usr/local/lib/python3.13/site-packages/fastapi/routing.py", line 151, in app
    await wrap_app_handling_exceptions(app, request)(scope, receive, send)
          │                            │    │        │      │        └ <function wrap_app_handling_exceptions.<locals>.wrapped_app.<locals>.sender at 0x731fc60b31a0>
          │                            │    │        │      └ <function BaseHTTPMiddleware.__call__.<locals>.call_next.<locals>.receive_or_disconnect at 0x731fc60b2d40>
          │                            │    │        └ {'type': 'http', 'http_version': '1.1', 'method': 'GET', 'path': '/api/v1/bookmarks', 'raw_path': b'/api/v1/bookmarks', 'root...
          │                            │    └ <starlette.requests.Request object at 0x731fc60f4b90>
          │                            └ <function request_response.<locals>.app.<locals>.app at 0x731fc60b3420>
          └ <function wrap_app_handling_exceptions at 0x731fd94934c0>
  File "/usr/local/lib/python3.13/site-packages/starlette/_exception_handler.py", line 53, in wrapped_app
    raise exc
  File "/usr/local/lib/python3.13/site-packages/starlette/_exception_handler.py", line 42, in wrapped_app
    await app(scope, receive, sender)
          │   │      │        └ <function wrap_app_handling_exceptions.<locals>.wrapped_app.<locals>.sender at 0x731fc60b3920>
          │   │      └ <function BaseHTTPMiddleware.__call__.<locals>.call_next.<locals>.receive_or_disconnect at 0x731fc60b2d40>
          │   └ {'type': 'http', 'http_version': '1.1', 'method': 'GET', 'path': '/api/v1/bookmarks', 'raw_path': b'/api/v1/bookmarks', 'root...
          └ <function request_response.<locals>.app.<locals>.app at 0x731fc60b3420>
  File "/usr/local/lib/python3.13/site-packages/fastapi/routing.py", line 137, in app
    response = await f(request)
                     │ └ <starlette.requests.Request object at 0x731fc60f4b90>
                     └ <function get_request_handler.<locals>.app at 0x731fc60b3240>
  File "/usr/local/lib/python3.13/site-packages/fastapi/routing.py", line 691, in app
    raw_response = await run_endpoint_function(
                         └ <function run_endpoint_function at 0x731fd94c3380>
  File "/usr/local/lib/python3.13/site-packages/fastapi/routing.py", line 345, in run_endpoint_function
    return await dependant.call(**values)
                 │         │      └ {'current_user': <app.database.models.User object at 0x731fd643df30>, 'db': <MagicMock spec='AsyncSession' id='12658057643168...
                 │         └ <function get_bookmarks at 0x731fd69472e0>
                 └ Dependant(path_params=[], query_params=[ModelField(field_info=Query(None), name='folder_id', mode='validation', config=None)]...

  File "/workspace/app/api/bookmarks/router.py", line 225, in get_bookmarks
    data=[BookmarkResponse.model_validate(b) for b in bookmarks]
          │                │                          └ [<app.database.models.Bookmark object at 0x731fd6435810>]
          │                └ <classmethod(<function BaseModel.model_validate at 0x731fd9ee7880>)>
          └ <class 'app.schemas.bookmarks.BookmarkResponse'>

  File "/usr/local/lib/python3.13/site-packages/pydantic/main.py", line 732, in model_validate
    return cls.__pydantic_validator__.validate_python(
           │   │                      └ <method 'validate_python' of 'pydantic_core._pydantic_core.SchemaValidator' objects>
           │   └ SchemaValidator(title="BookmarkResponse", validator=Model(
           │         ModelValidator {
           │             revalidate: Never,
           │             validator:...
           └ <class 'app.schemas.bookmarks.BookmarkResponse'>

pydantic_core._pydantic_core.ValidationError: 2 validation errors for BookmarkResponse
position
  Input should be a valid integer [type=int_type, input_value=None, input_type=NoneType]
    For further information visit https://errors.pydantic.dev/2.13/v/int_type
user_id
  UUID input should be a string, bytes or UUID object [type=uuid_type, input_value=None, input_type=NoneType]
    For further information visit https://errors.pydantic.dev/2.13/v/uuid_type
2026-07-19 11:13:50.391 | ERROR    | app.middleware.logging:dispatch:27 - Exception during request POST /api/v1/history: 1 validation error for HistoryResponse
id
  UUID input should be a string, bytes or UUID object [type=uuid_type, input_value=None, input_type=NoneType]
    For further information visit https://errors.pydantic.dev/2.13/v/uuid_type | Latency: 0.0201s
2026-07-19 11:13:50.391 | ERROR    | app.middleware.error_handlers:general_exception_handler:52 - Unhandled system error - POST /api/v1/history - Error: 1 validation error for HistoryResponse
id
  UUID input should be a string, bytes or UUID object [type=uuid_type, input_value=None, input_type=NoneType]
    For further information visit https://errors.pydantic.dev/2.13/v/uuid_type
Traceback (most recent call last):

  File "/usr/local/lib/python3.13/threading.py", line 1015, in _bootstrap
    self._bootstrap_inner()
    │    └ <function Thread._bootstrap_inner at 0x731fdb4e8ea0>
    └ <Thread(asyncio-portal-731fd428a2c0, started daemon 126580575844032)>
  File "/usr/local/lib/python3.13/threading.py", line 1044, in _bootstrap_inner
    self.run()
    │    └ <function Thread.run at 0x731fdb4e8c20>
    └ <Thread(asyncio-portal-731fd428a2c0, started daemon 126580575844032)>
  File "/usr/local/lib/python3.13/threading.py", line 995, in run
    self._target(*self._args, **self._kwargs)
    │    │        │    │        │    └ {}
    │    │        │    │        └ <Thread(asyncio-portal-731fd428a2c0, started daemon 126580575844032)>
    │    │        │    └ ()
    │    │        └ <Thread(asyncio-portal-731fd428a2c0, started daemon 126580575844032)>
    │    └ <function start_blocking_portal.<locals>.run_blocking_portal at 0x731fd42ec9a0>
    └ <Thread(asyncio-portal-731fd428a2c0, started daemon 126580575844032)>
  File "/usr/local/lib/python3.13/site-packages/anyio/from_thread.py", line 536, in run_blocking_portal
    run_eventloop(
    └ <function run at 0x731fdbb30900>
  File "/usr/local/lib/python3.13/site-packages/anyio/_core/_eventloop.py", line 83, in run
    return async_backend.run(func, args, {}, backend_options)
           │             │   │     │         └ {}
           │             │   │     └ ()
           │             │   └ <function start_blocking_portal.<locals>.run_portal at 0x731fd42ec0e0>
           │             └ <classmethod(<function AsyncIOBackend.run at 0x731fda0c16c0>)>
           └ <class 'anyio._backends._asyncio.AsyncIOBackend'>
  File "/usr/local/lib/python3.13/site-packages/anyio/_backends/_asyncio.py", line 2481, in run
    return runner.run(wrapper())
           │      │   └ <function start_blocking_portal.<locals>.run_portal at 0x731fc60b3ec0>
           │      └ <function Runner.run at 0x731fd9d32340>
           └ <asyncio.runners.Runner object at 0x731fd6467950>
  File "/usr/local/lib/python3.13/asyncio/runners.py", line 119, in run
    return self._loop.run_until_complete(task)
           │    │     │                  └ <Task pending name='anyio.from_thread.start_blocking_portal.<locals>.run_portal' coro=<start_blocking_portal.<locals>.run_por...
           │    │     └ <function BaseEventLoop.run_until_complete at 0x731fd9d2be20>
           │    └ <_UnixSelectorEventLoop running=True closed=False debug=False>
           └ <asyncio.runners.Runner object at 0x731fd6467950>
  File "/usr/local/lib/python3.13/asyncio/base_events.py", line 712, in run_until_complete
    self.run_forever()
    │    └ <function BaseEventLoop.run_forever at 0x731fd9d2bd80>
    └ <_UnixSelectorEventLoop running=True closed=False debug=False>
  File "/usr/local/lib/python3.13/asyncio/base_events.py", line 683, in run_forever
    self._run_once()
    │    └ <function BaseEventLoop._run_once at 0x731fd9d31bc0>
    └ <_UnixSelectorEventLoop running=True closed=False debug=False>
  File "/usr/local/lib/python3.13/asyncio/base_events.py", line 2060, in _run_once
    handle._run()
    │      └ <function Handle._run at 0x731fdabcb880>
    └ <Handle Task.task_wakeup()>
  File "/usr/local/lib/python3.13/asyncio/events.py", line 89, in _run
    self._context.run(self._callback, *self._args)
    │    │            │    │           │    └ <member '_args' of 'Handle' objects>
    │    │            │    │           └ <Handle Task.task_wakeup()>
    │    │            │    └ <member '_callback' of 'Handle' objects>
    │    │            └ <Handle Task.task_wakeup()>
    │    └ <member '_context' of 'Handle' objects>
    └ <Handle Task.task_wakeup()>
  File "/usr/local/lib/python3.13/site-packages/anyio/_core/_tasks.py", line 275, in _run_coro
    retval = await self._coro
                   │    └ <member '_coro' of 'TaskHandle' objects>
                   └ <TaskHandle pending name='anyio.from_thread.BlockingPortal._call_func' coro=<coroutine object BlockingPortal._call_func at 0x...
  File "/usr/local/lib/python3.13/site-packages/anyio/from_thread.py", line 263, in _call_func
    retval = await retval_or_awaitable
                   └ <coroutine object FastAPI.__call__ at 0x731fd41e3a60>
  File "/usr/local/lib/python3.13/site-packages/fastapi/applications.py", line 1163, in __call__
    await super().__call__(scope, receive, send)
                           │      │        └ <function _TestClientTransport.handle_request.<locals>.send at 0x731fd642dbc0>
                           │      └ <function _TestClientTransport.handle_request.<locals>.receive at 0x731fd6457e20>
                           └ {'type': 'http', 'http_version': '1.1', 'method': 'POST', 'path': '/api/v1/history', 'raw_path': b'/api/v1/history', 'root_pa...
  File "/usr/local/lib/python3.13/site-packages/starlette/applications.py", line 90, in __call__
    await self.middleware_stack(scope, receive, send)
          │    │                │      │        └ <function _TestClientTransport.handle_request.<locals>.send at 0x731fd642dbc0>
          │    │                │      └ <function _TestClientTransport.handle_request.<locals>.receive at 0x731fd6457e20>
          │    │                └ {'type': 'http', 'http_version': '1.1', 'method': 'POST', 'path': '/api/v1/history', 'raw_path': b'/api/v1/history', 'root_pa...
          │    └ <starlette.middleware.errors.ServerErrorMiddleware object at 0x731fd66b6e40>
          └ <fastapi.applications.FastAPI object at 0x731fd6af6ba0>
> File "/usr/local/lib/python3.13/site-packages/starlette/middleware/errors.py", line 164, in __call__
    await self.app(scope, receive, _send)
          │    │   │      │        └ <function ServerErrorMiddleware.__call__.<locals>._send at 0x731fc604c540>
          │    │   │      └ <function _TestClientTransport.handle_request.<locals>.receive at 0x731fd6457e20>
          │    │   └ {'type': 'http', 'http_version': '1.1', 'method': 'POST', 'path': '/api/v1/history', 'raw_path': b'/api/v1/history', 'root_pa...
          │    └ <app.middleware.logging.LoggingAndTrackingMiddleware object at 0x731fd66b6cf0>
          └ <starlette.middleware.errors.ServerErrorMiddleware object at 0x731fd66b6e40>
  File "/usr/local/lib/python3.13/site-packages/starlette/middleware/base.py", line 193, in __call__
    response = await self.dispatch_func(request, call_next)
                     │    │             │        └ <function BaseHTTPMiddleware.__call__.<locals>.call_next at 0x731fc604d120>
                     │    │             └ <starlette.middleware.base._CachedRequest object at 0x731fd428b5c0>
                     │    └ <bound method LoggingAndTrackingMiddleware.dispatch of <app.middleware.logging.LoggingAndTrackingMiddleware object at 0x731fd...
                     └ <app.middleware.logging.LoggingAndTrackingMiddleware object at 0x731fd66b6cf0>

  File "/workspace/app/middleware/logging.py", line 30, in dispatch
    raise e

  File "/workspace/app/middleware/logging.py", line 23, in dispatch
    response = await call_next(request)
                     │         └ <starlette.middleware.base._CachedRequest object at 0x731fd428b5c0>
                     └ <function BaseHTTPMiddleware.__call__.<locals>.call_next at 0x731fc604d120>

  File "/usr/local/lib/python3.13/site-packages/starlette/middleware/base.py", line 168, in call_next
    raise app_exc from app_exc.__cause__ or app_exc.__context__
          │            │       │            │       └ <attribute '__context__' of 'BaseException' objects>
          │            │       │            └ 1 validation error for HistoryResponse
          │            │       │              id
          │            │       │                UUID input should be a string, bytes or UUID object [type=uuid_type, input_value=...
          │            │       └ <attribute '__cause__' of 'BaseException' objects>
          │            └ 1 validation error for HistoryResponse
          │              id
          │                UUID input should be a string, bytes or UUID object [type=uuid_type, input_value=...
          └ 1 validation error for HistoryResponse
            id
              UUID input should be a string, bytes or UUID object [type=uuid_type, input_value=...
  File "/usr/local/lib/python3.13/site-packages/starlette/middleware/base.py", line 144, in coro
    await self.app(scope, receive_or_disconnect, send_no_error)
          │    │   │      │                      └ <function BaseHTTPMiddleware.__call__.<locals>.call_next.<locals>.send_no_error at 0x731fc604c040>
          │    │   │      └ <function BaseHTTPMiddleware.__call__.<locals>.call_next.<locals>.receive_or_disconnect at 0x731fc604c220>
          │    │   └ {'type': 'http', 'http_version': '1.1', 'method': 'POST', 'path': '/api/v1/history', 'raw_path': b'/api/v1/history', 'root_pa...
          │    └ <starlette.middleware.cors.CORSMiddleware object at 0x731fd66b6ba0>
          └ <app.middleware.logging.LoggingAndTrackingMiddleware object at 0x731fd66b6cf0>
  File "/usr/local/lib/python3.13/site-packages/starlette/middleware/cors.py", line 88, in __call__
    await self.app(scope, receive, send)
          │    │   │      │        └ <function BaseHTTPMiddleware.__call__.<locals>.call_next.<locals>.send_no_error at 0x731fc604c040>
          │    │   │      └ <function BaseHTTPMiddleware.__call__.<locals>.call_next.<locals>.receive_or_disconnect at 0x731fc604c220>
          │    │   └ {'type': 'http', 'http_version': '1.1', 'method': 'POST', 'path': '/api/v1/history', 'raw_path': b'/api/v1/history', 'root_pa...
          │    └ <starlette.middleware.exceptions.ExceptionMiddleware object at 0x731fd66b6a50>
          └ <starlette.middleware.cors.CORSMiddleware object at 0x731fd66b6ba0>
  File "/usr/local/lib/python3.13/site-packages/starlette/middleware/exceptions.py", line 63, in __call__
    await wrap_app_handling_exceptions(self.app, conn)(scope, receive, send)
          │                            │    │    │     │      │        └ <function BaseHTTPMiddleware.__call__.<locals>.call_next.<locals>.send_no_error at 0x731fc604c040>
          │                            │    │    │     │      └ <function BaseHTTPMiddleware.__call__.<locals>.call_next.<locals>.receive_or_disconnect at 0x731fc604c220>
          │                            │    │    │     └ {'type': 'http', 'http_version': '1.1', 'method': 'POST', 'path': '/api/v1/history', 'raw_path': b'/api/v1/history', 'root_pa...
          │                            │    │    └ <starlette.requests.Request object at 0x731fc60551d0>
          │                            │    └ <fastapi.middleware.asyncexitstack.AsyncExitStackMiddleware object at 0x731fd66b6900>
          │                            └ <starlette.middleware.exceptions.ExceptionMiddleware object at 0x731fd66b6a50>
          └ <function wrap_app_handling_exceptions at 0x731fd94934c0>
  File "/usr/local/lib/python3.13/site-packages/starlette/_exception_handler.py", line 53, in wrapped_app
    raise exc
  File "/usr/local/lib/python3.13/site-packages/starlette/_exception_handler.py", line 42, in wrapped_app
    await app(scope, receive, sender)
          │   │      │        └ <function wrap_app_handling_exceptions.<locals>.wrapped_app.<locals>.sender at 0x731fc604c360>
          │   │      └ <function BaseHTTPMiddleware.__call__.<locals>.call_next.<locals>.receive_or_disconnect at 0x731fc604c220>
          │   └ {'type': 'http', 'http_version': '1.1', 'method': 'POST', 'path': '/api/v1/history', 'raw_path': b'/api/v1/history', 'root_pa...
          └ <fastapi.middleware.asyncexitstack.AsyncExitStackMiddleware object at 0x731fd66b6900>
  File "/usr/local/lib/python3.13/site-packages/fastapi/middleware/asyncexitstack.py", line 18, in __call__
    await self.app(scope, receive, send)
          │    │   │      │        └ <function wrap_app_handling_exceptions.<locals>.wrapped_app.<locals>.sender at 0x731fc604c360>
          │    │   │      └ <function BaseHTTPMiddleware.__call__.<locals>.call_next.<locals>.receive_or_disconnect at 0x731fc604c220>
          │    │   └ {'type': 'http', 'http_version': '1.1', 'method': 'POST', 'path': '/api/v1/history', 'raw_path': b'/api/v1/history', 'root_pa...
          │    └ <fastapi.routing.APIRouter object at 0x731fd663e8b0>
          └ <fastapi.middleware.asyncexitstack.AsyncExitStackMiddleware object at 0x731fd66b6900>
  File "/usr/local/lib/python3.13/site-packages/starlette/routing.py", line 660, in __call__
    await self.middleware_stack(scope, receive, send)
          │    │                │      │        └ <function wrap_app_handling_exceptions.<locals>.wrapped_app.<locals>.sender at 0x731fc604c360>
          │    │                │      └ <function BaseHTTPMiddleware.__call__.<locals>.call_next.<locals>.receive_or_disconnect at 0x731fc604c220>
          │    │                └ {'type': 'http', 'http_version': '1.1', 'method': 'POST', 'path': '/api/v1/history', 'raw_path': b'/api/v1/history', 'root_pa...
          │    └ <bound method APIRouter.app of <fastapi.routing.APIRouter object at 0x731fd663e8b0>>
          └ <fastapi.routing.APIRouter object at 0x731fd663e8b0>
  File "/usr/local/lib/python3.13/site-packages/fastapi/routing.py", line 2685, in app
    await route.handle(scope, receive, send)
          │     │      │      │        └ <function wrap_app_handling_exceptions.<locals>.wrapped_app.<locals>.sender at 0x731fc604c360>
          │     │      │      └ <function BaseHTTPMiddleware.__call__.<locals>.call_next.<locals>.receive_or_disconnect at 0x731fc604c220>
          │     │      └ {'type': 'http', 'http_version': '1.1', 'method': 'POST', 'path': '/api/v1/history', 'raw_path': b'/api/v1/history', 'root_pa...
          │     └ <function _IncludedRouter.handle at 0x731fd94cdf80>
          └ _IncludedRouter(original_router=<fastapi.routing.APIRouter object at 0x731fd6988e10>, include_context=_RouterIncludeContext(i...
  File "/usr/local/lib/python3.13/site-packages/fastapi/routing.py", line 1766, in handle
    await self.original_router.handle(scope, receive, send)
          │    │               │      │      │        └ <function wrap_app_handling_exceptions.<locals>.wrapped_app.<locals>.sender at 0x731fc604c360>
          │    │               │      │      └ <function BaseHTTPMiddleware.__call__.<locals>.call_next.<locals>.receive_or_disconnect at 0x731fc604c220>
          │    │               │      └ {'type': 'http', 'http_version': '1.1', 'method': 'POST', 'path': '/api/v1/history', 'raw_path': b'/api/v1/history', 'root_pa...
          │    │               └ <function APIRouter.handle at 0x731fd94cfe20>
          │    └ <fastapi.routing.APIRouter object at 0x731fd6988e10>
          └ _IncludedRouter(original_router=<fastapi.routing.APIRouter object at 0x731fd6988e10>, include_context=_RouterIncludeContext(i...
  File "/usr/local/lib/python3.13/site-packages/fastapi/routing.py", line 2740, in handle
    await included_router._handle_selected(scope, receive, send)
          │               │                │      │        └ <function wrap_app_handling_exceptions.<locals>.wrapped_app.<locals>.sender at 0x731fc604c360>
          │               │                │      └ <function BaseHTTPMiddleware.__call__.<locals>.call_next.<locals>.receive_or_disconnect at 0x731fc604c220>
          │               │                └ {'type': 'http', 'http_version': '1.1', 'method': 'POST', 'path': '/api/v1/history', 'raw_path': b'/api/v1/history', 'root_pa...
          │               └ <function _IncludedRouter._handle_selected at 0x731fd94ce020>
          └ _IncludedRouter(original_router=<fastapi.routing.APIRouter object at 0x731fd6988e10>, include_context=_RouterIncludeContext(i...
  File "/usr/local/lib/python3.13/site-packages/fastapi/routing.py", line 1786, in _handle_selected
    await original_route.handle(scope, receive, send)
          │              │      │      │        └ <function wrap_app_handling_exceptions.<locals>.wrapped_app.<locals>.sender at 0x731fc604c360>
          │              │      │      └ <function BaseHTTPMiddleware.__call__.<locals>.call_next.<locals>.receive_or_disconnect at 0x731fc604c220>
          │              │      └ {'type': 'http', 'http_version': '1.1', 'method': 'POST', 'path': '/api/v1/history', 'raw_path': b'/api/v1/history', 'root_pa...
          │              └ <function APIRoute.handle at 0x731fd94cc040>
          └ APIRoute(path='/history', name='record_visit', methods=['POST'])
  File "/usr/local/lib/python3.13/site-packages/fastapi/routing.py", line 1265, in handle
    await app(scope, receive, send)
          │   │      │        └ <function wrap_app_handling_exceptions.<locals>.wrapped_app.<locals>.sender at 0x731fc604c360>
          │   │      └ <function BaseHTTPMiddleware.__call__.<locals>.call_next.<locals>.receive_or_disconnect at 0x731fc604c220>
          │   └ {'type': 'http', 'http_version': '1.1', 'method': 'POST', 'path': '/api/v1/history', 'raw_path': b'/api/v1/history', 'root_pa...
          └ <function request_response.<locals>.app at 0x731fc60b2fc0>
  File "/usr/local/lib/python3.13/site-packages/fastapi/routing.py", line 151, in app
    await wrap_app_handling_exceptions(app, request)(scope, receive, send)
          │                            │    │        │      │        └ <function wrap_app_handling_exceptions.<locals>.wrapped_app.<locals>.sender at 0x731fc604c360>
          │                            │    │        │      └ <function BaseHTTPMiddleware.__call__.<locals>.call_next.<locals>.receive_or_disconnect at 0x731fc604c220>
          │                            │    │        └ {'type': 'http', 'http_version': '1.1', 'method': 'POST', 'path': '/api/v1/history', 'raw_path': b'/api/v1/history', 'root_pa...
          │                            │    └ <starlette.requests.Request object at 0x731fc6056970>
          │                            └ <function request_response.<locals>.app.<locals>.app at 0x731fc604c860>
          └ <function wrap_app_handling_exceptions at 0x731fd94934c0>
  File "/usr/local/lib/python3.13/site-packages/starlette/_exception_handler.py", line 53, in wrapped_app
    raise exc
  File "/usr/local/lib/python3.13/site-packages/starlette/_exception_handler.py", line 42, in wrapped_app
    await app(scope, receive, sender)
          │   │      │        └ <function wrap_app_handling_exceptions.<locals>.wrapped_app.<locals>.sender at 0x731fc604c7c0>
          │   │      └ <function BaseHTTPMiddleware.__call__.<locals>.call_next.<locals>.receive_or_disconnect at 0x731fc604c220>
          │   └ {'type': 'http', 'http_version': '1.1', 'method': 'POST', 'path': '/api/v1/history', 'raw_path': b'/api/v1/history', 'root_pa...
          └ <function request_response.<locals>.app.<locals>.app at 0x731fc604c860>
  File "/usr/local/lib/python3.13/site-packages/fastapi/routing.py", line 137, in app
    response = await f(request)
                     │ └ <starlette.requests.Request object at 0x731fc6056970>
                     └ <function get_request_handler.<locals>.app at 0x731fc60b3ce0>
  File "/usr/local/lib/python3.13/site-packages/fastapi/routing.py", line 691, in app
    raw_response = await run_endpoint_function(
                         └ <function run_endpoint_function at 0x731fd94c3380>
  File "/usr/local/lib/python3.13/site-packages/fastapi/routing.py", line 345, in run_endpoint_function
    return await dependant.call(**values)
                 │         │      └ {'current_user': <app.database.models.User object at 0x731fd42888a0>, 'db': <MagicMock spec='AsyncSession' id='12658030394668...
                 │         └ <function record_visit at 0x731fd69ac360>
                 └ Dependant(path_params=[], query_params=[], header_params=[], cookie_params=[], body_params=[ModelField(field_info=Body(Pydant...

  File "/workspace/app/api/history/router.py", line 78, in record_visit
    data=HistoryResponse.model_validate(new_entry)
         │               │              └ <app.database.models.History object at 0x731fc60d6f90>
         │               └ <classmethod(<function BaseModel.model_validate at 0x731fd9ee7880>)>
         └ <class 'app.schemas.history.HistoryResponse'>

  File "/usr/local/lib/python3.13/site-packages/pydantic/main.py", line 732, in model_validate
    return cls.__pydantic_validator__.validate_python(
           │   │                      └ <method 'validate_python' of 'pydantic_core._pydantic_core.SchemaValidator' objects>
           │   └ SchemaValidator(title="HistoryResponse", validator=Model(
           │         ModelValidator {
           │             revalidate: Never,
           │             validator: ...
           └ <class 'app.schemas.history.HistoryResponse'>

pydantic_core._pydantic_core.ValidationError: 1 validation error for HistoryResponse
id
  UUID input should be a string, bytes or UUID object [type=uuid_type, input_value=None, input_type=NoneType]
    For further information visit https://errors.pydantic.dev/2.13/v/uuid_type
2026-07-19 11:13:50.990 | CRITICAL | main:lifespan:46 - Failed to ping Redis broker: Event loop is closed
2026-07-19 11:13:51.171 | ERROR    | app.middleware.logging:dispatch:27 - Exception during request GET /api/v1/settings: 5 validation errors for SettingResponse
language
  Input should be a valid string [type=string_type, input_value=None, input_type=NoneType]
    For further information visit https://errors.pydantic.dev/2.13/v/string_type
font_size
  Input should be a valid integer [type=int_type, input_value=None, input_type=NoneType]
    For further information visit https://errors.pydantic.dev/2.13/v/int_type
privacy_tracking_protection
  Input should be a valid boolean [type=bool_type, input_value=None, input_type=NoneType]
    For further information visit https://errors.pydantic.dev/2.13/v/bool_type
ai_provider
  Input should be a valid string [type=string_type, input_value=None, input_type=NoneType]
    For further information visit https://errors.pydantic.dev/2.13/v/string_type
ai_model
  Input should be a valid string [type=string_type, input_value=None, input_type=NoneType]
    For further information visit https://errors.pydantic.dev/2.13/v/string_type | Latency: 0.0114s
2026-07-19 11:13:51.172 | ERROR    | app.middleware.error_handlers:general_exception_handler:52 - Unhandled system error - GET /api/v1/settings - Error: 5 validation errors for SettingResponse
language
  Input should be a valid string [type=string_type, input_value=None, input_type=NoneType]
    For further information visit https://errors.pydantic.dev/2.13/v/string_type
font_size
  Input should be a valid integer [type=int_type, input_value=None, input_type=NoneType]
    For further information visit https://errors.pydantic.dev/2.13/v/int_type
privacy_tracking_protection
  Input should be a valid boolean [type=bool_type, input_value=None, input_type=NoneType]
    For further information visit https://errors.pydantic.dev/2.13/v/bool_type
ai_provider
  Input should be a valid string [type=string_type, input_value=None, input_type=NoneType]
    For further information visit https://errors.pydantic.dev/2.13/v/string_type
ai_model
  Input should be a valid string [type=string_type, input_value=None, input_type=NoneType]
    For further information visit https://errors.pydantic.dev/2.13/v/string_type
Traceback (most recent call last):

  File "/usr/local/lib/python3.13/threading.py", line 1015, in _bootstrap
    self._bootstrap_inner()
    │    └ <function Thread._bootstrap_inner at 0x731fdb4e8ea0>
    └ <Thread(asyncio-portal-731fc609c6b0, started daemon 126580575844032)>
  File "/usr/local/lib/python3.13/threading.py", line 1044, in _bootstrap_inner
    self.run()
    │    └ <function Thread.run at 0x731fdb4e8c20>
    └ <Thread(asyncio-portal-731fc609c6b0, started daemon 126580575844032)>
  File "/usr/local/lib/python3.13/threading.py", line 995, in run
    self._target(*self._args, **self._kwargs)
    │    │        │    │        │    └ {}
    │    │        │    │        └ <Thread(asyncio-portal-731fc609c6b0, started daemon 126580575844032)>
    │    │        │    └ ()
    │    │        └ <Thread(asyncio-portal-731fc609c6b0, started daemon 126580575844032)>
    │    └ <function start_blocking_portal.<locals>.run_blocking_portal at 0x731fc604cd60>
    └ <Thread(asyncio-portal-731fc609c6b0, started daemon 126580575844032)>
  File "/usr/local/lib/python3.13/site-packages/anyio/from_thread.py", line 536, in run_blocking_portal
    run_eventloop(
    └ <function run at 0x731fdbb30900>
  File "/usr/local/lib/python3.13/site-packages/anyio/_core/_eventloop.py", line 83, in run
    return async_backend.run(func, args, {}, backend_options)
           │             │   │     │         └ {}
           │             │   │     └ ()
           │             │   └ <function start_blocking_portal.<locals>.run_portal at 0x731fd42ed4e0>
           │             └ <classmethod(<function AsyncIOBackend.run at 0x731fda0c16c0>)>
           └ <class 'anyio._backends._asyncio.AsyncIOBackend'>
  File "/usr/local/lib/python3.13/site-packages/anyio/_backends/_asyncio.py", line 2481, in run
    return runner.run(wrapper())
           │      │   └ <function start_blocking_portal.<locals>.run_portal at 0x731fc604d300>
           │      └ <function Runner.run at 0x731fd9d32340>
           └ <asyncio.runners.Runner object at 0x731fc65a82f0>
  File "/usr/local/lib/python3.13/asyncio/runners.py", line 119, in run
    return self._loop.run_until_complete(task)
           │    │     │                  └ <Task pending name='anyio.from_thread.start_blocking_portal.<locals>.run_portal' coro=<start_blocking_portal.<locals>.run_por...
           │    │     └ <function BaseEventLoop.run_until_complete at 0x731fd9d2be20>
           │    └ <_UnixSelectorEventLoop running=True closed=False debug=False>
           └ <asyncio.runners.Runner object at 0x731fc65a82f0>
  File "/usr/local/lib/python3.13/asyncio/base_events.py", line 712, in run_until_complete
    self.run_forever()
    │    └ <function BaseEventLoop.run_forever at 0x731fd9d2bd80>
    └ <_UnixSelectorEventLoop running=True closed=False debug=False>
  File "/usr/local/lib/python3.13/asyncio/base_events.py", line 683, in run_forever
    self._run_once()
    │    └ <function BaseEventLoop._run_once at 0x731fd9d31bc0>
    └ <_UnixSelectorEventLoop running=True closed=False debug=False>
  File "/usr/local/lib/python3.13/asyncio/base_events.py", line 2060, in _run_once
    handle._run()
    │      └ <function Handle._run at 0x731fdabcb880>
    └ <Handle Task.task_wakeup()>
  File "/usr/local/lib/python3.13/asyncio/events.py", line 89, in _run
    self._context.run(self._callback, *self._args)
    │    │            │    │           │    └ <member '_args' of 'Handle' objects>
    │    │            │    │           └ <Handle Task.task_wakeup()>
    │    │            │    └ <member '_callback' of 'Handle' objects>
    │    │            └ <Handle Task.task_wakeup()>
    │    └ <member '_context' of 'Handle' objects>
    └ <Handle Task.task_wakeup()>
  File "/usr/local/lib/python3.13/site-packages/anyio/_core/_tasks.py", line 275, in _run_coro
    retval = await self._coro
                   │    └ <member '_coro' of 'TaskHandle' objects>
                   └ <TaskHandle pending name='anyio.from_thread.BlockingPortal._call_func' coro=<coroutine object BlockingPortal._call_func at 0x...
  File "/usr/local/lib/python3.13/site-packages/anyio/from_thread.py", line 263, in _call_func
    retval = await retval_or_awaitable
                   └ <coroutine object FastAPI.__call__ at 0x731fc60f63e0>
  File "/usr/local/lib/python3.13/site-packages/fastapi/applications.py", line 1163, in __call__
    await super().__call__(scope, receive, send)
                           │      │        └ <function _TestClientTransport.handle_request.<locals>.send at 0x731fc604eac0>
                           │      └ <function _TestClientTransport.handle_request.<locals>.receive at 0x731fc60b3d80>
                           └ {'type': 'http', 'http_version': '1.1', 'method': 'GET', 'path': '/api/v1/settings', 'raw_path': b'/api/v1/settings', 'root_p...
  File "/usr/local/lib/python3.13/site-packages/starlette/applications.py", line 90, in __call__
    await self.middleware_stack(scope, receive, send)
          │    │                │      │        └ <function _TestClientTransport.handle_request.<locals>.send at 0x731fc604eac0>
          │    │                │      └ <function _TestClientTransport.handle_request.<locals>.receive at 0x731fc60b3d80>
          │    │                └ {'type': 'http', 'http_version': '1.1', 'method': 'GET', 'path': '/api/v1/settings', 'raw_path': b'/api/v1/settings', 'root_p...
          │    └ <starlette.middleware.errors.ServerErrorMiddleware object at 0x731fd66b6e40>
          └ <fastapi.applications.FastAPI object at 0x731fd6af6ba0>
> File "/usr/local/lib/python3.13/site-packages/starlette/middleware/errors.py", line 164, in __call__
    await self.app(scope, receive, _send)
          │    │   │      │        └ <function ServerErrorMiddleware.__call__.<locals>._send at 0x731fc604d260>
          │    │   │      └ <function _TestClientTransport.handle_request.<locals>.receive at 0x731fc60b3d80>
          │    │   └ {'type': 'http', 'http_version': '1.1', 'method': 'GET', 'path': '/api/v1/settings', 'raw_path': b'/api/v1/settings', 'root_p...
          │    └ <app.middleware.logging.LoggingAndTrackingMiddleware object at 0x731fd66b6cf0>
          └ <starlette.middleware.errors.ServerErrorMiddleware object at 0x731fd66b6e40>
  File "/usr/local/lib/python3.13/site-packages/starlette/middleware/base.py", line 193, in __call__
    response = await self.dispatch_func(request, call_next)
                     │    │             │        └ <function BaseHTTPMiddleware.__call__.<locals>.call_next at 0x731fc604da80>
                     │    │             └ <starlette.middleware.base._CachedRequest object at 0x731fc60489e0>
                     │    └ <bound method LoggingAndTrackingMiddleware.dispatch of <app.middleware.logging.LoggingAndTrackingMiddleware object at 0x731fd...
                     └ <app.middleware.logging.LoggingAndTrackingMiddleware object at 0x731fd66b6cf0>

  File "/workspace/app/middleware/logging.py", line 30, in dispatch
    raise e

  File "/workspace/app/middleware/logging.py", line 23, in dispatch
    response = await call_next(request)
                     │         └ <starlette.middleware.base._CachedRequest object at 0x731fc60489e0>
                     └ <function BaseHTTPMiddleware.__call__.<locals>.call_next at 0x731fc604da80>

  File "/usr/local/lib/python3.13/site-packages/starlette/middleware/base.py", line 168, in call_next
    raise app_exc from app_exc.__cause__ or app_exc.__context__
          │            │       │            │       └ <attribute '__context__' of 'BaseException' objects>
          │            │       │            └ 5 validation errors for SettingResponse
          │            │       │              language
          │            │       │                Input should be a valid string [type=string_type, input_value=None, input_...
          │            │       └ <attribute '__cause__' of 'BaseException' objects>
          │            └ 5 validation errors for SettingResponse
          │              language
          │                Input should be a valid string [type=string_type, input_value=None, input_...
          └ 5 validation errors for SettingResponse
            language
              Input should be a valid string [type=string_type, input_value=None, input_...
  File "/usr/local/lib/python3.13/site-packages/starlette/middleware/base.py", line 144, in coro
    await self.app(scope, receive_or_disconnect, send_no_error)
          │    │   │      │                      └ <function BaseHTTPMiddleware.__call__.<locals>.call_next.<locals>.send_no_error at 0x731fc604e160>
          │    │   │      └ <function BaseHTTPMiddleware.__call__.<locals>.call_next.<locals>.receive_or_disconnect at 0x731fc604e0c0>
          │    │   └ {'type': 'http', 'http_version': '1.1', 'method': 'GET', 'path': '/api/v1/settings', 'raw_path': b'/api/v1/settings', 'root_p...
          │    └ <starlette.middleware.cors.CORSMiddleware object at 0x731fd66b6ba0>
          └ <app.middleware.logging.LoggingAndTrackingMiddleware object at 0x731fd66b6cf0>
  File "/usr/local/lib/python3.13/site-packages/starlette/middleware/cors.py", line 88, in __call__
    await self.app(scope, receive, send)
          │    │   │      │        └ <function BaseHTTPMiddleware.__call__.<locals>.call_next.<locals>.send_no_error at 0x731fc604e160>
          │    │   │      └ <function BaseHTTPMiddleware.__call__.<locals>.call_next.<locals>.receive_or_disconnect at 0x731fc604e0c0>
          │    │   └ {'type': 'http', 'http_version': '1.1', 'method': 'GET', 'path': '/api/v1/settings', 'raw_path': b'/api/v1/settings', 'root_p...
          │    └ <starlette.middleware.exceptions.ExceptionMiddleware object at 0x731fd66b6a50>
          └ <starlette.middleware.cors.CORSMiddleware object at 0x731fd66b6ba0>
  File "/usr/local/lib/python3.13/site-packages/starlette/middleware/exceptions.py", line 63, in __call__
    await wrap_app_handling_exceptions(self.app, conn)(scope, receive, send)
          │                            │    │    │     │      │        └ <function BaseHTTPMiddleware.__call__.<locals>.call_next.<locals>.send_no_error at 0x731fc604e160>
          │                            │    │    │     │      └ <function BaseHTTPMiddleware.__call__.<locals>.call_next.<locals>.receive_or_disconnect at 0x731fc604e0c0>
          │                            │    │    │     └ {'type': 'http', 'http_version': '1.1', 'method': 'GET', 'path': '/api/v1/settings', 'raw_path': b'/api/v1/settings', 'root_p...
          │                            │    │    └ <starlette.requests.Request object at 0x731fd42ffac0>
          │                            │    └ <fastapi.middleware.asyncexitstack.AsyncExitStackMiddleware object at 0x731fd66b6900>
          │                            └ <starlette.middleware.exceptions.ExceptionMiddleware object at 0x731fd66b6a50>
          └ <function wrap_app_handling_exceptions at 0x731fd94934c0>
  File "/usr/local/lib/python3.13/site-packages/starlette/_exception_handler.py", line 53, in wrapped_app
    raise exc
  File "/usr/local/lib/python3.13/site-packages/starlette/_exception_handler.py", line 42, in wrapped_app
    await app(scope, receive, sender)
          │   │      │        └ <function wrap_app_handling_exceptions.<locals>.wrapped_app.<locals>.sender at 0x731fc604e660>
          │   │      └ <function BaseHTTPMiddleware.__call__.<locals>.call_next.<locals>.receive_or_disconnect at 0x731fc604e0c0>
          │   └ {'type': 'http', 'http_version': '1.1', 'method': 'GET', 'path': '/api/v1/settings', 'raw_path': b'/api/v1/settings', 'root_p...
          └ <fastapi.middleware.asyncexitstack.AsyncExitStackMiddleware object at 0x731fd66b6900>
  File "/usr/local/lib/python3.13/site-packages/fastapi/middleware/asyncexitstack.py", line 18, in __call__
    await self.app(scope, receive, send)
          │    │   │      │        └ <function wrap_app_handling_exceptions.<locals>.wrapped_app.<locals>.sender at 0x731fc604e660>
          │    │   │      └ <function BaseHTTPMiddleware.__call__.<locals>.call_next.<locals>.receive_or_disconnect at 0x731fc604e0c0>
          │    │   └ {'type': 'http', 'http_version': '1.1', 'method': 'GET', 'path': '/api/v1/settings', 'raw_path': b'/api/v1/settings', 'root_p...
          │    └ <fastapi.routing.APIRouter object at 0x731fd663e8b0>
          └ <fastapi.middleware.asyncexitstack.AsyncExitStackMiddleware object at 0x731fd66b6900>
  File "/usr/local/lib/python3.13/site-packages/starlette/routing.py", line 660, in __call__
    await self.middleware_stack(scope, receive, send)
          │    │                │      │        └ <function wrap_app_handling_exceptions.<locals>.wrapped_app.<locals>.sender at 0x731fc604e660>
          │    │                │      └ <function BaseHTTPMiddleware.__call__.<locals>.call_next.<locals>.receive_or_disconnect at 0x731fc604e0c0>
          │    │                └ {'type': 'http', 'http_version': '1.1', 'method': 'GET', 'path': '/api/v1/settings', 'raw_path': b'/api/v1/settings', 'root_p...
          │    └ <bound method APIRouter.app of <fastapi.routing.APIRouter object at 0x731fd663e8b0>>
          └ <fastapi.routing.APIRouter object at 0x731fd663e8b0>
  File "/usr/local/lib/python3.13/site-packages/fastapi/routing.py", line 2685, in app
    await route.handle(scope, receive, send)
          │     │      │      │        └ <function wrap_app_handling_exceptions.<locals>.wrapped_app.<locals>.sender at 0x731fc604e660>
          │     │      │      └ <function BaseHTTPMiddleware.__call__.<locals>.call_next.<locals>.receive_or_disconnect at 0x731fc604e0c0>
          │     │      └ {'type': 'http', 'http_version': '1.1', 'method': 'GET', 'path': '/api/v1/settings', 'raw_path': b'/api/v1/settings', 'root_p...
          │     └ <function _IncludedRouter.handle at 0x731fd94cdf80>
          └ _IncludedRouter(original_router=<fastapi.routing.APIRouter object at 0x731fd69dfbb0>, include_context=_RouterIncludeContext(i...
  File "/usr/local/lib/python3.13/site-packages/fastapi/routing.py", line 1766, in handle
    await self.original_router.handle(scope, receive, send)
          │    │               │      │      │        └ <function wrap_app_handling_exceptions.<locals>.wrapped_app.<locals>.sender at 0x731fc604e660>
          │    │               │      │      └ <function BaseHTTPMiddleware.__call__.<locals>.call_next.<locals>.receive_or_disconnect at 0x731fc604e0c0>
          │    │               │      └ {'type': 'http', 'http_version': '1.1', 'method': 'GET', 'path': '/api/v1/settings', 'raw_path': b'/api/v1/settings', 'root_p...
          │    │               └ <function APIRouter.handle at 0x731fd94cfe20>
          │    └ <fastapi.routing.APIRouter object at 0x731fd69dfbb0>
          └ _IncludedRouter(original_router=<fastapi.routing.APIRouter object at 0x731fd69dfbb0>, include_context=_RouterIncludeContext(i...
  File "/usr/local/lib/python3.13/site-packages/fastapi/routing.py", line 2740, in handle
    await included_router._handle_selected(scope, receive, send)
          │               │                │      │        └ <function wrap_app_handling_exceptions.<locals>.wrapped_app.<locals>.sender at 0x731fc604e660>
          │               │                │      └ <function BaseHTTPMiddleware.__call__.<locals>.call_next.<locals>.receive_or_disconnect at 0x731fc604e0c0>
          │               │                └ {'type': 'http', 'http_version': '1.1', 'method': 'GET', 'path': '/api/v1/settings', 'raw_path': b'/api/v1/settings', 'root_p...
          │               └ <function _IncludedRouter._handle_selected at 0x731fd94ce020>
          └ _IncludedRouter(original_router=<fastapi.routing.APIRouter object at 0x731fd69dfbb0>, include_context=_RouterIncludeContext(i...
  File "/usr/local/lib/python3.13/site-packages/fastapi/routing.py", line 1786, in _handle_selected
    await original_route.handle(scope, receive, send)
          │              │      │      │        └ <function wrap_app_handling_exceptions.<locals>.wrapped_app.<locals>.sender at 0x731fc604e660>
          │              │      │      └ <function BaseHTTPMiddleware.__call__.<locals>.call_next.<locals>.receive_or_disconnect at 0x731fc604e0c0>
          │              │      └ {'type': 'http', 'http_version': '1.1', 'method': 'GET', 'path': '/api/v1/settings', 'raw_path': b'/api/v1/settings', 'root_p...
          │              └ <function APIRoute.handle at 0x731fd94cc040>
          └ APIRoute(path='/settings', name='get_user_settings', methods=['GET'])
  File "/usr/local/lib/python3.13/site-packages/fastapi/routing.py", line 1265, in handle
    await app(scope, receive, send)
          │   │      │        └ <function wrap_app_handling_exceptions.<locals>.wrapped_app.<locals>.sender at 0x731fc604e660>
          │   │      └ <function BaseHTTPMiddleware.__call__.<locals>.call_next.<locals>.receive_or_disconnect at 0x731fc604e0c0>
          │   └ {'type': 'http', 'http_version': '1.1', 'method': 'GET', 'path': '/api/v1/settings', 'raw_path': b'/api/v1/settings', 'root_p...
          └ <function request_response.<locals>.app at 0x731fc604e700>
  File "/usr/local/lib/python3.13/site-packages/fastapi/routing.py", line 151, in app
    await wrap_app_handling_exceptions(app, request)(scope, receive, send)
          │                            │    │        │      │        └ <function wrap_app_handling_exceptions.<locals>.wrapped_app.<locals>.sender at 0x731fc604e660>
          │                            │    │        │      └ <function BaseHTTPMiddleware.__call__.<locals>.call_next.<locals>.receive_or_disconnect at 0x731fc604e0c0>
          │                            │    │        └ {'type': 'http', 'http_version': '1.1', 'method': 'GET', 'path': '/api/v1/settings', 'raw_path': b'/api/v1/settings', 'root_p...
          │                            │    └ <starlette.requests.Request object at 0x731fd42ffee0>
          │                            └ <function request_response.<locals>.app.<locals>.app at 0x731fc604eca0>
          └ <function wrap_app_handling_exceptions at 0x731fd94934c0>
  File "/usr/local/lib/python3.13/site-packages/starlette/_exception_handler.py", line 53, in wrapped_app
    raise exc
  File "/usr/local/lib/python3.13/site-packages/starlette/_exception_handler.py", line 42, in wrapped_app
    await app(scope, receive, sender)
          │   │      │        └ <function wrap_app_handling_exceptions.<locals>.wrapped_app.<locals>.sender at 0x731fc604ea20>
          │   │      └ <function BaseHTTPMiddleware.__call__.<locals>.call_next.<locals>.receive_or_disconnect at 0x731fc604e0c0>
          │   └ {'type': 'http', 'http_version': '1.1', 'method': 'GET', 'path': '/api/v1/settings', 'raw_path': b'/api/v1/settings', 'root_p...
          └ <function request_response.<locals>.app.<locals>.app at 0x731fc604eca0>
  File "/usr/local/lib/python3.13/site-packages/fastapi/routing.py", line 137, in app
    response = await f(request)
                     │ └ <starlette.requests.Request object at 0x731fd42ffee0>
                     └ <function get_request_handler.<locals>.app at 0x731fc604e7a0>
  File "/usr/local/lib/python3.13/site-packages/fastapi/routing.py", line 691, in app
    raw_response = await run_endpoint_function(
                         └ <function run_endpoint_function at 0x731fd94c3380>
  File "/usr/local/lib/python3.13/site-packages/fastapi/routing.py", line 345, in run_endpoint_function
    return await dependant.call(**values)
                 │         │      └ {'current_user': <app.database.models.User object at 0x731fd6492030>, 'db': <MagicMock spec='AsyncSession' id='12658030356548...
                 │         └ <function get_user_settings at 0x731fd69ad120>
                 └ Dependant(path_params=[], query_params=[], header_params=[], cookie_params=[], body_params=[], dependencies=[Dependant(path_p...

  File "/workspace/app/api/settings/router.py", line 42, in get_user_settings
    data=SettingResponse.model_validate(setting)
         │               │              └ <app.database.models.Setting object at 0x731fc60485a0>
         │               └ <classmethod(<function BaseModel.model_validate at 0x731fd9ee7880>)>
         └ <class 'app.schemas.settings.SettingResponse'>

  File "/usr/local/lib/python3.13/site-packages/pydantic/main.py", line 732, in model_validate
    return cls.__pydantic_validator__.validate_python(
           │   │                      └ <method 'validate_python' of 'pydantic_core._pydantic_core.SchemaValidator' objects>
           │   └ SchemaValidator(title="SettingResponse", validator=Model(
           │         ModelValidator {
           │             revalidate: Never,
           │             validator: ...
           └ <class 'app.schemas.settings.SettingResponse'>

pydantic_core._pydantic_core.ValidationError: 5 validation errors for SettingResponse
language
  Input should be a valid string [type=string_type, input_value=None, input_type=NoneType]
    For further information visit https://errors.pydantic.dev/2.13/v/string_type
font_size
  Input should be a valid integer [type=int_type, input_value=None, input_type=NoneType]
    For further information visit https://errors.pydantic.dev/2.13/v/int_type
privacy_tracking_protection
  Input should be a valid boolean [type=bool_type, input_value=None, input_type=NoneType]
    For further information visit https://errors.pydantic.dev/2.13/v/bool_type
ai_provider
  Input should be a valid string [type=string_type, input_value=None, input_type=NoneType]
    For further information visit https://errors.pydantic.dev/2.13/v/string_type
ai_model
  Input should be a valid string [type=string_type, input_value=None, input_type=NoneType]
    For further information visit https://errors.pydantic.dev/2.13/v/string_type
2026-07-19 11:13:51.728 | CRITICAL | main:lifespan:46 - Failed to ping Redis broker: Event loop is closed
2026-07-19 11:13:51.739 | ERROR    | app.middleware.logging:dispatch:27 - Exception during request PUT /api/v1/settings: 6 validation errors for SettingResponse
homepage_url
  Input should be a valid string [type=string_type, input_value=None, input_type=NoneType]
    For further information visit https://errors.pydantic.dev/2.13/v/string_type
language
  Input should be a valid string [type=string_type, input_value=None, input_type=NoneType]
    For further information visit https://errors.pydantic.dev/2.13/v/string_type
font_size
  Input should be a valid integer [type=int_type, input_value=None, input_type=NoneType]
    For further information visit https://errors.pydantic.dev/2.13/v/int_type
privacy_tracking_protection
  Input should be a valid boolean [type=bool_type, input_value=None, input_type=NoneType]
    For further information visit https://errors.pydantic.dev/2.13/v/bool_type
ai_provider
  Input should be a valid string [type=string_type, input_value=None, input_type=NoneType]
    For further information visit https://errors.pydantic.dev/2.13/v/string_type
ai_model
  Input should be a valid string [type=string_type, input_value=None, input_type=NoneType]
    For further information visit https://errors.pydantic.dev/2.13/v/string_type | Latency: 0.0069s
2026-07-19 11:13:51.740 | ERROR    | app.middleware.error_handlers:general_exception_handler:52 - Unhandled system error - PUT /api/v1/settings - Error: 6 validation errors for SettingResponse
homepage_url
  Input should be a valid string [type=string_type, input_value=None, input_type=NoneType]
    For further information visit https://errors.pydantic.dev/2.13/v/string_type
language
  Input should be a valid string [type=string_type, input_value=None, input_type=NoneType]
    For further information visit https://errors.pydantic.dev/2.13/v/string_type
font_size
  Input should be a valid integer [type=int_type, input_value=None, input_type=NoneType]
    For further information visit https://errors.pydantic.dev/2.13/v/int_type
privacy_tracking_protection
  Input should be a valid boolean [type=bool_type, input_value=None, input_type=NoneType]
    For further information visit https://errors.pydantic.dev/2.13/v/bool_type
ai_provider
  Input should be a valid string [type=string_type, input_value=None, input_type=NoneType]
    For further information visit https://errors.pydantic.dev/2.13/v/string_type
ai_model
  Input should be a valid string [type=string_type, input_value=None, input_type=NoneType]
    For further information visit https://errors.pydantic.dev/2.13/v/string_type
Traceback (most recent call last):

  File "/usr/local/lib/python3.13/threading.py", line 1015, in _bootstrap
    self._bootstrap_inner()
    │    └ <function Thread._bootstrap_inner at 0x731fdb4e8ea0>
    └ <Thread(asyncio-portal-731fc6048050, started daemon 126580575844032)>
  File "/usr/local/lib/python3.13/threading.py", line 1044, in _bootstrap_inner
    self.run()
    │    └ <function Thread.run at 0x731fdb4e8c20>
    └ <Thread(asyncio-portal-731fc6048050, started daemon 126580575844032)>
  File "/usr/local/lib/python3.13/threading.py", line 995, in run
    self._target(*self._args, **self._kwargs)
    │    │        │    │        │    └ {}
    │    │        │    │        └ <Thread(asyncio-portal-731fc6048050, started daemon 126580575844032)>
    │    │        │    └ ()
    │    │        └ <Thread(asyncio-portal-731fc6048050, started daemon 126580575844032)>
    │    └ <function start_blocking_portal.<locals>.run_blocking_portal at 0x731fc604cb80>
    └ <Thread(asyncio-portal-731fc6048050, started daemon 126580575844032)>
  File "/usr/local/lib/python3.13/site-packages/anyio/from_thread.py", line 536, in run_blocking_portal
    run_eventloop(
    └ <function run at 0x731fdbb30900>
  File "/usr/local/lib/python3.13/site-packages/anyio/_core/_eventloop.py", line 83, in run
    return async_backend.run(func, args, {}, backend_options)
           │             │   │     │         └ {}
           │             │   │     └ ()
           │             │   └ <function start_blocking_portal.<locals>.run_portal at 0x731fc604db20>
           │             └ <classmethod(<function AsyncIOBackend.run at 0x731fda0c16c0>)>
           └ <class 'anyio._backends._asyncio.AsyncIOBackend'>
  File "/usr/local/lib/python3.13/site-packages/anyio/_backends/_asyncio.py", line 2481, in run
    return runner.run(wrapper())
           │      │   └ <function start_blocking_portal.<locals>.run_portal at 0x731fd64571a0>
           │      └ <function Runner.run at 0x731fd9d32340>
           └ <asyncio.runners.Runner object at 0x731fd435e750>
  File "/usr/local/lib/python3.13/asyncio/runners.py", line 119, in run
    return self._loop.run_until_complete(task)
           │    │     │                  └ <Task pending name='anyio.from_thread.start_blocking_portal.<locals>.run_portal' coro=<start_blocking_portal.<locals>.run_por...
           │    │     └ <function BaseEventLoop.run_until_complete at 0x731fd9d2be20>
           │    └ <_UnixSelectorEventLoop running=True closed=False debug=False>
           └ <asyncio.runners.Runner object at 0x731fd435e750>
  File "/usr/local/lib/python3.13/asyncio/base_events.py", line 712, in run_until_complete
    self.run_forever()
    │    └ <function BaseEventLoop.run_forever at 0x731fd9d2bd80>
    └ <_UnixSelectorEventLoop running=True closed=False debug=False>
  File "/usr/local/lib/python3.13/asyncio/base_events.py", line 683, in run_forever
    self._run_once()
    │    └ <function BaseEventLoop._run_once at 0x731fd9d31bc0>
    └ <_UnixSelectorEventLoop running=True closed=False debug=False>
  File "/usr/local/lib/python3.13/asyncio/base_events.py", line 2060, in _run_once
    handle._run()
    │      └ <function Handle._run at 0x731fdabcb880>
    └ <Handle Task.task_wakeup()>
  File "/usr/local/lib/python3.13/asyncio/events.py", line 89, in _run
    self._context.run(self._callback, *self._args)
    │    │            │    │           │    └ <member '_args' of 'Handle' objects>
    │    │            │    │           └ <Handle Task.task_wakeup()>
    │    │            │    └ <member '_callback' of 'Handle' objects>
    │    │            └ <Handle Task.task_wakeup()>
    │    └ <member '_context' of 'Handle' objects>
    └ <Handle Task.task_wakeup()>
  File "/usr/local/lib/python3.13/site-packages/anyio/_core/_tasks.py", line 275, in _run_coro
    retval = await self._coro
                   │    └ <member '_coro' of 'TaskHandle' objects>
                   └ <TaskHandle pending name='anyio.from_thread.BlockingPortal._call_func' coro=<coroutine object BlockingPortal._call_func at 0x...
  File "/usr/local/lib/python3.13/site-packages/anyio/from_thread.py", line 263, in _call_func
    retval = await retval_or_awaitable
                   └ <coroutine object FastAPI.__call__ at 0x731fc657a020>
  File "/usr/local/lib/python3.13/site-packages/fastapi/applications.py", line 1163, in __call__
    await super().__call__(scope, receive, send)
                           │      │        └ <function _TestClientTransport.handle_request.<locals>.send at 0x731fc604d3a0>
                           │      └ <function _TestClientTransport.handle_request.<locals>.receive at 0x731fc60b3100>
                           └ {'type': 'http', 'http_version': '1.1', 'method': 'PUT', 'path': '/api/v1/settings', 'raw_path': b'/api/v1/settings', 'root_p...
  File "/usr/local/lib/python3.13/site-packages/starlette/applications.py", line 90, in __call__
    await self.middleware_stack(scope, receive, send)
          │    │                │      │        └ <function _TestClientTransport.handle_request.<locals>.send at 0x731fc604d3a0>
          │    │                │      └ <function _TestClientTransport.handle_request.<locals>.receive at 0x731fc60b3100>
          │    │                └ {'type': 'http', 'http_version': '1.1', 'method': 'PUT', 'path': '/api/v1/settings', 'raw_path': b'/api/v1/settings', 'root_p...
          │    └ <starlette.middleware.errors.ServerErrorMiddleware object at 0x731fd66b6e40>
          └ <fastapi.applications.FastAPI object at 0x731fd6af6ba0>
> File "/usr/local/lib/python3.13/site-packages/starlette/middleware/errors.py", line 164, in __call__
    await self.app(scope, receive, _send)
          │    │   │      │        └ <function ServerErrorMiddleware.__call__.<locals>._send at 0x731fc604fce0>
          │    │   │      └ <function _TestClientTransport.handle_request.<locals>.receive at 0x731fc60b3100>
          │    │   └ {'type': 'http', 'http_version': '1.1', 'method': 'PUT', 'path': '/api/v1/settings', 'raw_path': b'/api/v1/settings', 'root_p...
          │    └ <app.middleware.logging.LoggingAndTrackingMiddleware object at 0x731fd66b6cf0>
          └ <starlette.middleware.errors.ServerErrorMiddleware object at 0x731fd66b6e40>
  File "/usr/local/lib/python3.13/site-packages/starlette/middleware/base.py", line 193, in __call__
    response = await self.dispatch_func(request, call_next)
                     │    │             │        └ <function BaseHTTPMiddleware.__call__.<locals>.call_next at 0x731fc604f380>
                     │    │             └ <starlette.middleware.base._CachedRequest object at 0x731fc604a9c0>
                     │    └ <bound method LoggingAndTrackingMiddleware.dispatch of <app.middleware.logging.LoggingAndTrackingMiddleware object at 0x731fd...
                     └ <app.middleware.logging.LoggingAndTrackingMiddleware object at 0x731fd66b6cf0>

  File "/workspace/app/middleware/logging.py", line 30, in dispatch
    raise e

  File "/workspace/app/middleware/logging.py", line 23, in dispatch
    response = await call_next(request)
                     │         └ <starlette.middleware.base._CachedRequest object at 0x731fc604a9c0>
                     └ <function BaseHTTPMiddleware.__call__.<locals>.call_next at 0x731fc604f380>

  File "/usr/local/lib/python3.13/site-packages/starlette/middleware/base.py", line 168, in call_next
    raise app_exc from app_exc.__cause__ or app_exc.__context__
          │            │       │            │       └ <attribute '__context__' of 'BaseException' objects>
          │            │       │            └ 6 validation errors for SettingResponse
          │            │       │              homepage_url
          │            │       │                Input should be a valid string [type=string_type, input_value=None, in...
          │            │       └ <attribute '__cause__' of 'BaseException' objects>
          │            └ 6 validation errors for SettingResponse
          │              homepage_url
          │                Input should be a valid string [type=string_type, input_value=None, in...
          └ 6 validation errors for SettingResponse
            homepage_url
              Input should be a valid string [type=string_type, input_value=None, in...
  File "/usr/local/lib/python3.13/site-packages/starlette/middleware/base.py", line 144, in coro
    await self.app(scope, receive_or_disconnect, send_no_error)
          │    │   │      │                      └ <function BaseHTTPMiddleware.__call__.<locals>.call_next.<locals>.send_no_error at 0x731fc65ec180>
          │    │   │      └ <function BaseHTTPMiddleware.__call__.<locals>.call_next.<locals>.receive_or_disconnect at 0x731fc65ec0e0>
          │    │   └ {'type': 'http', 'http_version': '1.1', 'method': 'PUT', 'path': '/api/v1/settings', 'raw_path': b'/api/v1/settings', 'root_p...
          │    └ <starlette.middleware.cors.CORSMiddleware object at 0x731fd66b6ba0>
          └ <app.middleware.logging.LoggingAndTrackingMiddleware object at 0x731fd66b6cf0>
  File "/usr/local/lib/python3.13/site-packages/starlette/middleware/cors.py", line 88, in __call__
    await self.app(scope, receive, send)
          │    │   │      │        └ <function BaseHTTPMiddleware.__call__.<locals>.call_next.<locals>.send_no_error at 0x731fc65ec180>
          │    │   │      └ <function BaseHTTPMiddleware.__call__.<locals>.call_next.<locals>.receive_or_disconnect at 0x731fc65ec0e0>
          │    │   └ {'type': 'http', 'http_version': '1.1', 'method': 'PUT', 'path': '/api/v1/settings', 'raw_path': b'/api/v1/settings', 'root_p...
          │    └ <starlette.middleware.exceptions.ExceptionMiddleware object at 0x731fd66b6a50>
          └ <starlette.middleware.cors.CORSMiddleware object at 0x731fd66b6ba0>
  File "/usr/local/lib/python3.13/site-packages/starlette/middleware/exceptions.py", line 63, in __call__
    await wrap_app_handling_exceptions(self.app, conn)(scope, receive, send)
          │                            │    │    │     │      │        └ <function BaseHTTPMiddleware.__call__.<locals>.call_next.<locals>.send_no_error at 0x731fc65ec180>
          │                            │    │    │     │      └ <function BaseHTTPMiddleware.__call__.<locals>.call_next.<locals>.receive_or_disconnect at 0x731fc65ec0e0>
          │                            │    │    │     └ {'type': 'http', 'http_version': '1.1', 'method': 'PUT', 'path': '/api/v1/settings', 'raw_path': b'/api/v1/settings', 'root_p...
          │                            │    │    └ <starlette.requests.Request object at 0x731fd42fe150>
          │                            │    └ <fastapi.middleware.asyncexitstack.AsyncExitStackMiddleware object at 0x731fd66b6900>
          │                            └ <starlette.middleware.exceptions.ExceptionMiddleware object at 0x731fd66b6a50>
          └ <function wrap_app_handling_exceptions at 0x731fd94934c0>
  File "/usr/local/lib/python3.13/site-packages/starlette/_exception_handler.py", line 53, in wrapped_app
    raise exc
  File "/usr/local/lib/python3.13/site-packages/starlette/_exception_handler.py", line 42, in wrapped_app
    await app(scope, receive, sender)
          │   │      │        └ <function wrap_app_handling_exceptions.<locals>.wrapped_app.<locals>.sender at 0x731fc65ec4a0>
          │   │      └ <function BaseHTTPMiddleware.__call__.<locals>.call_next.<locals>.receive_or_disconnect at 0x731fc65ec0e0>
          │   └ {'type': 'http', 'http_version': '1.1', 'method': 'PUT', 'path': '/api/v1/settings', 'raw_path': b'/api/v1/settings', 'root_p...
          └ <fastapi.middleware.asyncexitstack.AsyncExitStackMiddleware object at 0x731fd66b6900>
  File "/usr/local/lib/python3.13/site-packages/fastapi/middleware/asyncexitstack.py", line 18, in __call__
    await self.app(scope, receive, send)
          │    │   │      │        └ <function wrap_app_handling_exceptions.<locals>.wrapped_app.<locals>.sender at 0x731fc65ec4a0>
          │    │   │      └ <function BaseHTTPMiddleware.__call__.<locals>.call_next.<locals>.receive_or_disconnect at 0x731fc65ec0e0>
          │    │   └ {'type': 'http', 'http_version': '1.1', 'method': 'PUT', 'path': '/api/v1/settings', 'raw_path': b'/api/v1/settings', 'root_p...
          │    └ <fastapi.routing.APIRouter object at 0x731fd663e8b0>
          └ <fastapi.middleware.asyncexitstack.AsyncExitStackMiddleware object at 0x731fd66b6900>
  File "/usr/local/lib/python3.13/site-packages/starlette/routing.py", line 660, in __call__
    await self.middleware_stack(scope, receive, send)
          │    │                │      │        └ <function wrap_app_handling_exceptions.<locals>.wrapped_app.<locals>.sender at 0x731fc65ec4a0>
          │    │                │      └ <function BaseHTTPMiddleware.__call__.<locals>.call_next.<locals>.receive_or_disconnect at 0x731fc65ec0e0>
          │    │                └ {'type': 'http', 'http_version': '1.1', 'method': 'PUT', 'path': '/api/v1/settings', 'raw_path': b'/api/v1/settings', 'root_p...
          │    └ <bound method APIRouter.app of <fastapi.routing.APIRouter object at 0x731fd663e8b0>>
          └ <fastapi.routing.APIRouter object at 0x731fd663e8b0>
  File "/usr/local/lib/python3.13/site-packages/fastapi/routing.py", line 2685, in app
    await route.handle(scope, receive, send)
          │     │      │      │        └ <function wrap_app_handling_exceptions.<locals>.wrapped_app.<locals>.sender at 0x731fc65ec4a0>
          │     │      │      └ <function BaseHTTPMiddleware.__call__.<locals>.call_next.<locals>.receive_or_disconnect at 0x731fc65ec0e0>
          │     │      └ {'type': 'http', 'http_version': '1.1', 'method': 'PUT', 'path': '/api/v1/settings', 'raw_path': b'/api/v1/settings', 'root_p...
          │     └ <function _IncludedRouter.handle at 0x731fd94cdf80>
          └ _IncludedRouter(original_router=<fastapi.routing.APIRouter object at 0x731fd69dfbb0>, include_context=_RouterIncludeContext(i...
  File "/usr/local/lib/python3.13/site-packages/fastapi/routing.py", line 1766, in handle
    await self.original_router.handle(scope, receive, send)
          │    │               │      │      │        └ <function wrap_app_handling_exceptions.<locals>.wrapped_app.<locals>.sender at 0x731fc65ec4a0>
          │    │               │      │      └ <function BaseHTTPMiddleware.__call__.<locals>.call_next.<locals>.receive_or_disconnect at 0x731fc65ec0e0>
          │    │               │      └ {'type': 'http', 'http_version': '1.1', 'method': 'PUT', 'path': '/api/v1/settings', 'raw_path': b'/api/v1/settings', 'root_p...
          │    │               └ <function APIRouter.handle at 0x731fd94cfe20>
          │    └ <fastapi.routing.APIRouter object at 0x731fd69dfbb0>
          └ _IncludedRouter(original_router=<fastapi.routing.APIRouter object at 0x731fd69dfbb0>, include_context=_RouterIncludeContext(i...
  File "/usr/local/lib/python3.13/site-packages/fastapi/routing.py", line 2740, in handle
    await included_router._handle_selected(scope, receive, send)
          │               │                │      │        └ <function wrap_app_handling_exceptions.<locals>.wrapped_app.<locals>.sender at 0x731fc65ec4a0>
          │               │                │      └ <function BaseHTTPMiddleware.__call__.<locals>.call_next.<locals>.receive_or_disconnect at 0x731fc65ec0e0>
          │               │                └ {'type': 'http', 'http_version': '1.1', 'method': 'PUT', 'path': '/api/v1/settings', 'raw_path': b'/api/v1/settings', 'root_p...
          │               └ <function _IncludedRouter._handle_selected at 0x731fd94ce020>
          └ _IncludedRouter(original_router=<fastapi.routing.APIRouter object at 0x731fd69dfbb0>, include_context=_RouterIncludeContext(i...
  File "/usr/local/lib/python3.13/site-packages/fastapi/routing.py", line 1786, in _handle_selected
    await original_route.handle(scope, receive, send)
          │              │      │      │        └ <function wrap_app_handling_exceptions.<locals>.wrapped_app.<locals>.sender at 0x731fc65ec4a0>
          │              │      │      └ <function BaseHTTPMiddleware.__call__.<locals>.call_next.<locals>.receive_or_disconnect at 0x731fc65ec0e0>
          │              │      └ {'type': 'http', 'http_version': '1.1', 'method': 'PUT', 'path': '/api/v1/settings', 'raw_path': b'/api/v1/settings', 'root_p...
          │              └ <function APIRoute.handle at 0x731fd94cc040>
          └ APIRoute(path='/settings', name='update_user_settings', methods=['PUT'])
  File "/usr/local/lib/python3.13/site-packages/fastapi/routing.py", line 1265, in handle
    await app(scope, receive, send)
          │   │      │        └ <function wrap_app_handling_exceptions.<locals>.wrapped_app.<locals>.sender at 0x731fc65ec4a0>
          │   │      └ <function BaseHTTPMiddleware.__call__.<locals>.call_next.<locals>.receive_or_disconnect at 0x731fc65ec0e0>
          │   └ {'type': 'http', 'http_version': '1.1', 'method': 'PUT', 'path': '/api/v1/settings', 'raw_path': b'/api/v1/settings', 'root_p...
          └ <function request_response.<locals>.app at 0x731fc65ec5e0>
  File "/usr/local/lib/python3.13/site-packages/fastapi/routing.py", line 151, in app
    await wrap_app_handling_exceptions(app, request)(scope, receive, send)
          │                            │    │        │      │        └ <function wrap_app_handling_exceptions.<locals>.wrapped_app.<locals>.sender at 0x731fc65ec4a0>
          │                            │    │        │      └ <function BaseHTTPMiddleware.__call__.<locals>.call_next.<locals>.receive_or_disconnect at 0x731fc65ec0e0>
          │                            │    │        └ {'type': 'http', 'http_version': '1.1', 'method': 'PUT', 'path': '/api/v1/settings', 'raw_path': b'/api/v1/settings', 'root_p...
          │                            │    └ <starlette.requests.Request object at 0x731fd42ff6a0>
          │                            └ <function request_response.<locals>.app.<locals>.app at 0x731fc65ec680>
          └ <function wrap_app_handling_exceptions at 0x731fd94934c0>
  File "/usr/local/lib/python3.13/site-packages/starlette/_exception_handler.py", line 53, in wrapped_app
    raise exc
  File "/usr/local/lib/python3.13/site-packages/starlette/_exception_handler.py", line 42, in wrapped_app
    await app(scope, receive, sender)
          │   │      │        └ <function wrap_app_handling_exceptions.<locals>.wrapped_app.<locals>.sender at 0x731fc65ec7c0>
          │   │      └ <function BaseHTTPMiddleware.__call__.<locals>.call_next.<locals>.receive_or_disconnect at 0x731fc65ec0e0>
          │   └ {'type': 'http', 'http_version': '1.1', 'method': 'PUT', 'path': '/api/v1/settings', 'raw_path': b'/api/v1/settings', 'root_p...
          └ <function request_response.<locals>.app.<locals>.app at 0x731fc65ec680>
  File "/usr/local/lib/python3.13/site-packages/fastapi/routing.py", line 137, in app
    response = await f(request)
                     │ └ <starlette.requests.Request object at 0x731fd42ff6a0>
                     └ <function get_request_handler.<locals>.app at 0x731fc65ec540>
  File "/usr/local/lib/python3.13/site-packages/fastapi/routing.py", line 691, in app
    raw_response = await run_endpoint_function(
                         └ <function run_endpoint_function at 0x731fd94c3380>
  File "/usr/local/lib/python3.13/site-packages/fastapi/routing.py", line 345, in run_endpoint_function
    return await dependant.call(**values)
                 │         │      └ {'current_user': <app.database.models.User object at 0x731fc609fbd0>, 'db': <MagicMock spec='AsyncSession' id='12658030356179...
                 │         └ <function update_user_settings at 0x731fd69ad300>
                 └ Dependant(path_params=[], query_params=[], header_params=[], cookie_params=[], body_params=[ModelField(field_info=Body(Pydant...

  File "/workspace/app/api/settings/router.py", line 74, in update_user_settings
    data=SettingResponse.model_validate(setting)
         │               │              └ <app.database.models.Setting object at 0x731fd42c9c50>
         │               └ <classmethod(<function BaseModel.model_validate at 0x731fd9ee7880>)>
         └ <class 'app.schemas.settings.SettingResponse'>

  File "/usr/local/lib/python3.13/site-packages/pydantic/main.py", line 732, in model_validate
    return cls.__pydantic_validator__.validate_python(
           │   │                      └ <method 'validate_python' of 'pydantic_core._pydantic_core.SchemaValidator' objects>
           │   └ SchemaValidator(title="SettingResponse", validator=Model(
           │         ModelValidator {
           │             revalidate: Never,
           │             validator: ...
           └ <class 'app.schemas.settings.SettingResponse'>

pydantic_core._pydantic_core.ValidationError: 6 validation errors for SettingResponse
homepage_url
  Input should be a valid string [type=string_type, input_value=None, input_type=NoneType]
    For further information visit https://errors.pydantic.dev/2.13/v/string_type
language
  Input should be a valid string [type=string_type, input_value=None, input_type=NoneType]
    For further information visit https://errors.pydantic.dev/2.13/v/string_type
font_size
  Input should be a valid integer [type=int_type, input_value=None, input_type=NoneType]
    For further information visit https://errors.pydantic.dev/2.13/v/int_type
privacy_tracking_protection
  Input should be a valid boolean [type=bool_type, input_value=None, input_type=NoneType]
    For further information visit https://errors.pydantic.dev/2.13/v/bool_type
ai_provider
  Input should be a valid string [type=string_type, input_value=None, input_type=NoneType]
    For further information visit https://errors.pydantic.dev/2.13/v/string_type
ai_model
  Input should be a valid string [type=string_type, input_value=None, input_type=NoneType]
    For further information visit https://errors.pydantic.dev/2.13/v/string_type
2026-07-19 11:14:05.848 | ERROR    | app.middleware.logging:dispatch:27 - Exception during request GET /api/v1/auth/me: 'coroutine' object has no attribute 'first' | Latency: 0.0184s
2026-07-19 11:14:05.848 | ERROR    | app.middleware.error_handlers:general_exception_handler:52 - Unhandled system error - GET /api/v1/auth/me - Error: 'coroutine' object has no attribute 'first'
Traceback (most recent call last):

  File "/usr/local/lib/python3.13/threading.py", line 1015, in _bootstrap
    self._bootstrap_inner()
    │    └ <function Thread._bootstrap_inner at 0x729bb0754ea0>
    └ <Thread(asyncio-portal-729bab92e120, started daemon 126012921280192)>
  File "/usr/local/lib/python3.13/threading.py", line 1044, in _bootstrap_inner
    self.run()
    │    └ <function Thread.run at 0x729bb0754c20>
    └ <Thread(asyncio-portal-729bab92e120, started daemon 126012921280192)>
  File "/usr/local/lib/python3.13/threading.py", line 995, in run
    self._target(*self._args, **self._kwargs)
    │    │        │    │        │    └ {}
    │    │        │    │        └ <Thread(asyncio-portal-729bab92e120, started daemon 126012921280192)>
    │    │        │    └ ()
    │    │        └ <Thread(asyncio-portal-729bab92e120, started daemon 126012921280192)>
    │    └ <function start_blocking_portal.<locals>.run_blocking_portal at 0x729bab69cfe0>
    └ <Thread(asyncio-portal-729bab92e120, started daemon 126012921280192)>
  File "/usr/local/lib/python3.13/site-packages/anyio/from_thread.py", line 536, in run_blocking_portal
    run_eventloop(
    └ <function run at 0x729bb0d9c900>
  File "/usr/local/lib/python3.13/site-packages/anyio/_core/_eventloop.py", line 83, in run
    return async_backend.run(func, args, {}, backend_options)
           │             │   │     │         └ {}
           │             │   │     └ ()
           │             │   └ <function start_blocking_portal.<locals>.run_portal at 0x729bab69ce00>
           │             └ <classmethod(<function AsyncIOBackend.run at 0x729baf32d6c0>)>
           └ <class 'anyio._backends._asyncio.AsyncIOBackend'>
  File "/usr/local/lib/python3.13/site-packages/anyio/_backends/_asyncio.py", line 2481, in run
    return runner.run(wrapper())
           │      │   └ <function start_blocking_portal.<locals>.run_portal at 0x729bab69d300>
           │      └ <function Runner.run at 0x729baef9e340>
           └ <asyncio.runners.Runner object at 0x729bab6a4190>
  File "/usr/local/lib/python3.13/asyncio/runners.py", line 119, in run
    return self._loop.run_until_complete(task)
           │    │     │                  └ <Task pending name='anyio.from_thread.start_blocking_portal.<locals>.run_portal' coro=<start_blocking_portal.<locals>.run_por...
           │    │     └ <function BaseEventLoop.run_until_complete at 0x729baef97e20>
           │    └ <_UnixSelectorEventLoop running=True closed=False debug=False>
           └ <asyncio.runners.Runner object at 0x729bab6a4190>
  File "/usr/local/lib/python3.13/asyncio/base_events.py", line 712, in run_until_complete
    self.run_forever()
    │    └ <function BaseEventLoop.run_forever at 0x729baef97d80>
    └ <_UnixSelectorEventLoop running=True closed=False debug=False>
  File "/usr/local/lib/python3.13/asyncio/base_events.py", line 683, in run_forever
    self._run_once()
    │    └ <function BaseEventLoop._run_once at 0x729baef9dbc0>
    └ <_UnixSelectorEventLoop running=True closed=False debug=False>
  File "/usr/local/lib/python3.13/asyncio/base_events.py", line 2060, in _run_once
    handle._run()
    │      └ <function Handle._run at 0x729bafe47880>
    └ <Handle Task.task_wakeup()>
  File "/usr/local/lib/python3.13/asyncio/events.py", line 89, in _run
    self._context.run(self._callback, *self._args)
    │    │            │    │           │    └ <member '_args' of 'Handle' objects>
    │    │            │    │           └ <Handle Task.task_wakeup()>
    │    │            │    └ <member '_callback' of 'Handle' objects>
    │    │            └ <Handle Task.task_wakeup()>
    │    └ <member '_context' of 'Handle' objects>
    └ <Handle Task.task_wakeup()>
  File "/usr/local/lib/python3.13/site-packages/anyio/_core/_tasks.py", line 275, in _run_coro
    retval = await self._coro
                   │    └ <member '_coro' of 'TaskHandle' objects>
                   └ <TaskHandle pending name='anyio.from_thread.BlockingPortal._call_func' coro=<coroutine object BlockingPortal._call_func at 0x...
  File "/usr/local/lib/python3.13/site-packages/anyio/from_thread.py", line 263, in _call_func
    retval = await retval_or_awaitable
                   └ <coroutine object FastAPI.__call__ at 0x729bab853b50>
  File "/usr/local/lib/python3.13/site-packages/fastapi/applications.py", line 1163, in __call__
    await super().__call__(scope, receive, send)
                           │      │        └ <function _TestClientTransport.handle_request.<locals>.send at 0x729bab69df80>
                           │      └ <function _TestClientTransport.handle_request.<locals>.receive at 0x729bab8df740>
                           └ {'type': 'http', 'http_version': '1.1', 'method': 'GET', 'path': '/api/v1/auth/me', 'raw_path': b'/api/v1/auth/me', 'root_pat...
  File "/usr/local/lib/python3.13/site-packages/starlette/applications.py", line 90, in __call__
    await self.middleware_stack(scope, receive, send)
          │    │                │      │        └ <function _TestClientTransport.handle_request.<locals>.send at 0x729bab69df80>
          │    │                │      └ <function _TestClientTransport.handle_request.<locals>.receive at 0x729bab8df740>
          │    │                └ {'type': 'http', 'http_version': '1.1', 'method': 'GET', 'path': '/api/v1/auth/me', 'raw_path': b'/api/v1/auth/me', 'root_pat...
          │    └ <starlette.middleware.errors.ServerErrorMiddleware object at 0x729bab92ef90>
          └ <fastapi.applications.FastAPI object at 0x729babd62ba0>
> File "/usr/local/lib/python3.13/site-packages/starlette/middleware/errors.py", line 164, in __call__
    await self.app(scope, receive, _send)
          │    │   │      │        └ <function ServerErrorMiddleware.__call__.<locals>._send at 0x729bab71c0e0>
          │    │   │      └ <function _TestClientTransport.handle_request.<locals>.receive at 0x729bab8df740>
          │    │   └ {'type': 'http', 'http_version': '1.1', 'method': 'GET', 'path': '/api/v1/auth/me', 'raw_path': b'/api/v1/auth/me', 'root_pat...
          │    └ <app.middleware.logging.LoggingAndTrackingMiddleware object at 0x729bab92ee40>
          └ <starlette.middleware.errors.ServerErrorMiddleware object at 0x729bab92ef90>
  File "/usr/local/lib/python3.13/site-packages/starlette/middleware/base.py", line 193, in __call__
    response = await self.dispatch_func(request, call_next)
                     │    │             │        └ <function BaseHTTPMiddleware.__call__.<locals>.call_next at 0x729bab71c5e0>
                     │    │             └ <starlette.middleware.base._CachedRequest object at 0x729bab725010>
                     │    └ <bound method LoggingAndTrackingMiddleware.dispatch of <app.middleware.logging.LoggingAndTrackingMiddleware object at 0x729ba...
                     └ <app.middleware.logging.LoggingAndTrackingMiddleware object at 0x729bab92ee40>

  File "/workspace/app/middleware/logging.py", line 30, in dispatch
    raise e

  File "/workspace/app/middleware/logging.py", line 23, in dispatch
    response = await call_next(request)
                     │         └ <starlette.middleware.base._CachedRequest object at 0x729bab725010>
                     └ <function BaseHTTPMiddleware.__call__.<locals>.call_next at 0x729bab71c5e0>

  File "/usr/local/lib/python3.13/site-packages/starlette/middleware/base.py", line 168, in call_next
    raise app_exc from app_exc.__cause__ or app_exc.__context__
          │            │       │            │       └ <attribute '__context__' of 'BaseException' objects>
          │            │       │            └ AttributeError("'coroutine' object has no attribute 'first'")
          │            │       └ <attribute '__cause__' of 'BaseException' objects>
          │            └ AttributeError("'coroutine' object has no attribute 'first'")
          └ AttributeError("'coroutine' object has no attribute 'first'")
  File "/usr/local/lib/python3.13/site-packages/starlette/middleware/base.py", line 144, in coro
    await self.app(scope, receive_or_disconnect, send_no_error)
          │    │   │      │                      └ <function BaseHTTPMiddleware.__call__.<locals>.call_next.<locals>.send_no_error at 0x729bab71cfe0>
          │    │   │      └ <function BaseHTTPMiddleware.__call__.<locals>.call_next.<locals>.receive_or_disconnect at 0x729bab71c9a0>
          │    │   └ {'type': 'http', 'http_version': '1.1', 'method': 'GET', 'path': '/api/v1/auth/me', 'raw_path': b'/api/v1/auth/me', 'root_pat...
          │    └ <starlette.middleware.cors.CORSMiddleware object at 0x729bab92ecf0>
          └ <app.middleware.logging.LoggingAndTrackingMiddleware object at 0x729bab92ee40>
  File "/usr/local/lib/python3.13/site-packages/starlette/middleware/cors.py", line 88, in __call__
    await self.app(scope, receive, send)
          │    │   │      │        └ <function BaseHTTPMiddleware.__call__.<locals>.call_next.<locals>.send_no_error at 0x729bab71cfe0>
          │    │   │      └ <function BaseHTTPMiddleware.__call__.<locals>.call_next.<locals>.receive_or_disconnect at 0x729bab71c9a0>
          │    │   └ {'type': 'http', 'http_version': '1.1', 'method': 'GET', 'path': '/api/v1/auth/me', 'raw_path': b'/api/v1/auth/me', 'root_pat...
          │    └ <starlette.middleware.exceptions.ExceptionMiddleware object at 0x729bab92eba0>
          └ <starlette.middleware.cors.CORSMiddleware object at 0x729bab92ecf0>
  File "/usr/local/lib/python3.13/site-packages/starlette/middleware/exceptions.py", line 63, in __call__
    await wrap_app_handling_exceptions(self.app, conn)(scope, receive, send)
          │                            │    │    │     │      │        └ <function BaseHTTPMiddleware.__call__.<locals>.call_next.<locals>.send_no_error at 0x729bab71cfe0>
          │                            │    │    │     │      └ <function BaseHTTPMiddleware.__call__.<locals>.call_next.<locals>.receive_or_disconnect at 0x729bab71c9a0>
          │                            │    │    │     └ {'type': 'http', 'http_version': '1.1', 'method': 'GET', 'path': '/api/v1/auth/me', 'raw_path': b'/api/v1/auth/me', 'root_pat...
          │                            │    │    └ <starlette.requests.Request object at 0x729bab7252b0>
          │                            │    └ <fastapi.middleware.asyncexitstack.AsyncExitStackMiddleware object at 0x729bab92ea50>
          │                            └ <starlette.middleware.exceptions.ExceptionMiddleware object at 0x729bab92eba0>
          └ <function wrap_app_handling_exceptions at 0x729bae7034c0>
  File "/usr/local/lib/python3.13/site-packages/starlette/_exception_handler.py", line 53, in wrapped_app
    raise exc
  File "/usr/local/lib/python3.13/site-packages/starlette/_exception_handler.py", line 42, in wrapped_app
    await app(scope, receive, sender)
          │   │      │        └ <function wrap_app_handling_exceptions.<locals>.wrapped_app.<locals>.sender at 0x729bab71d260>
          │   │      └ <function BaseHTTPMiddleware.__call__.<locals>.call_next.<locals>.receive_or_disconnect at 0x729bab71c9a0>
          │   └ {'type': 'http', 'http_version': '1.1', 'method': 'GET', 'path': '/api/v1/auth/me', 'raw_path': b'/api/v1/auth/me', 'root_pat...
          └ <fastapi.middleware.asyncexitstack.AsyncExitStackMiddleware object at 0x729bab92ea50>
  File "/usr/local/lib/python3.13/site-packages/fastapi/middleware/asyncexitstack.py", line 18, in __call__
    await self.app(scope, receive, send)
          │    │   │      │        └ <function wrap_app_handling_exceptions.<locals>.wrapped_app.<locals>.sender at 0x729bab71d260>
          │    │   │      └ <function BaseHTTPMiddleware.__call__.<locals>.call_next.<locals>.receive_or_disconnect at 0x729bab71c9a0>
          │    │   └ {'type': 'http', 'http_version': '1.1', 'method': 'GET', 'path': '/api/v1/auth/me', 'raw_path': b'/api/v1/auth/me', 'root_pat...
          │    └ <fastapi.routing.APIRouter object at 0x729bab8aa8b0>
          └ <fastapi.middleware.asyncexitstack.AsyncExitStackMiddleware object at 0x729bab92ea50>
  File "/usr/local/lib/python3.13/site-packages/starlette/routing.py", line 660, in __call__
    await self.middleware_stack(scope, receive, send)
          │    │                │      │        └ <function wrap_app_handling_exceptions.<locals>.wrapped_app.<locals>.sender at 0x729bab71d260>
          │    │                │      └ <function BaseHTTPMiddleware.__call__.<locals>.call_next.<locals>.receive_or_disconnect at 0x729bab71c9a0>
          │    │                └ {'type': 'http', 'http_version': '1.1', 'method': 'GET', 'path': '/api/v1/auth/me', 'raw_path': b'/api/v1/auth/me', 'root_pat...
          │    └ <bound method APIRouter.app of <fastapi.routing.APIRouter object at 0x729bab8aa8b0>>
          └ <fastapi.routing.APIRouter object at 0x729bab8aa8b0>
  File "/usr/local/lib/python3.13/site-packages/fastapi/routing.py", line 2685, in app
    await route.handle(scope, receive, send)
          │     │      │      │        └ <function wrap_app_handling_exceptions.<locals>.wrapped_app.<locals>.sender at 0x729bab71d260>
          │     │      │      └ <function BaseHTTPMiddleware.__call__.<locals>.call_next.<locals>.receive_or_disconnect at 0x729bab71c9a0>
          │     │      └ {'type': 'http', 'http_version': '1.1', 'method': 'GET', 'path': '/api/v1/auth/me', 'raw_path': b'/api/v1/auth/me', 'root_pat...
          │     └ <function _IncludedRouter.handle at 0x729bae739f80>
          └ _IncludedRouter(original_router=<fastapi.routing.APIRouter object at 0x729baca2e510>, include_context=_RouterIncludeContext(i...
  File "/usr/local/lib/python3.13/site-packages/fastapi/routing.py", line 1766, in handle
    await self.original_router.handle(scope, receive, send)
          │    │               │      │      │        └ <function wrap_app_handling_exceptions.<locals>.wrapped_app.<locals>.sender at 0x729bab71d260>
          │    │               │      │      └ <function BaseHTTPMiddleware.__call__.<locals>.call_next.<locals>.receive_or_disconnect at 0x729bab71c9a0>
          │    │               │      └ {'type': 'http', 'http_version': '1.1', 'method': 'GET', 'path': '/api/v1/auth/me', 'raw_path': b'/api/v1/auth/me', 'root_pat...
          │    │               └ <function APIRouter.handle at 0x729bae73be20>
          │    └ <fastapi.routing.APIRouter object at 0x729baca2e510>
          └ _IncludedRouter(original_router=<fastapi.routing.APIRouter object at 0x729baca2e510>, include_context=_RouterIncludeContext(i...
  File "/usr/local/lib/python3.13/site-packages/fastapi/routing.py", line 2740, in handle
    await included_router._handle_selected(scope, receive, send)
          │               │                │      │        └ <function wrap_app_handling_exceptions.<locals>.wrapped_app.<locals>.sender at 0x729bab71d260>
          │               │                │      └ <function BaseHTTPMiddleware.__call__.<locals>.call_next.<locals>.receive_or_disconnect at 0x729bab71c9a0>
          │               │                └ {'type': 'http', 'http_version': '1.1', 'method': 'GET', 'path': '/api/v1/auth/me', 'raw_path': b'/api/v1/auth/me', 'root_pat...
          │               └ <function _IncludedRouter._handle_selected at 0x729bae73a020>
          └ _IncludedRouter(original_router=<fastapi.routing.APIRouter object at 0x729baca2e510>, include_context=_RouterIncludeContext(i...
  File "/usr/local/lib/python3.13/site-packages/fastapi/routing.py", line 1786, in _handle_selected
    await original_route.handle(scope, receive, send)
          │              │      │      │        └ <function wrap_app_handling_exceptions.<locals>.wrapped_app.<locals>.sender at 0x729bab71d260>
          │              │      │      └ <function BaseHTTPMiddleware.__call__.<locals>.call_next.<locals>.receive_or_disconnect at 0x729bab71c9a0>
          │              │      └ {'type': 'http', 'http_version': '1.1', 'method': 'GET', 'path': '/api/v1/auth/me', 'raw_path': b'/api/v1/auth/me', 'root_pat...
          │              └ <function APIRoute.handle at 0x729bae738040>
          └ APIRoute(path='/auth/me', name='get_me', methods=['GET'])
  File "/usr/local/lib/python3.13/site-packages/fastapi/routing.py", line 1265, in handle
    await app(scope, receive, send)
          │   │      │        └ <function wrap_app_handling_exceptions.<locals>.wrapped_app.<locals>.sender at 0x729bab71d260>
          │   │      └ <function BaseHTTPMiddleware.__call__.<locals>.call_next.<locals>.receive_or_disconnect at 0x729bab71c9a0>
          │   └ {'type': 'http', 'http_version': '1.1', 'method': 'GET', 'path': '/api/v1/auth/me', 'raw_path': b'/api/v1/auth/me', 'root_pat...
          └ <function request_response.<locals>.app at 0x729bab71d300>
  File "/usr/local/lib/python3.13/site-packages/fastapi/routing.py", line 151, in app
    await wrap_app_handling_exceptions(app, request)(scope, receive, send)
          │                            │    │        │      │        └ <function wrap_app_handling_exceptions.<locals>.wrapped_app.<locals>.sender at 0x729bab71d260>
          │                            │    │        │      └ <function BaseHTTPMiddleware.__call__.<locals>.call_next.<locals>.receive_or_disconnect at 0x729bab71c9a0>
          │                            │    │        └ {'type': 'http', 'http_version': '1.1', 'method': 'GET', 'path': '/api/v1/auth/me', 'raw_path': b'/api/v1/auth/me', 'root_pat...
          │                            │    └ <starlette.requests.Request object at 0x729bab729d10>
          │                            └ <function request_response.<locals>.app.<locals>.app at 0x729bab71d440>
          └ <function wrap_app_handling_exceptions at 0x729bae7034c0>
  File "/usr/local/lib/python3.13/site-packages/starlette/_exception_handler.py", line 53, in wrapped_app
    raise exc
  File "/usr/local/lib/python3.13/site-packages/starlette/_exception_handler.py", line 42, in wrapped_app
    await app(scope, receive, sender)
          │   │      │        └ <function wrap_app_handling_exceptions.<locals>.wrapped_app.<locals>.sender at 0x729bab71d580>
          │   │      └ <function BaseHTTPMiddleware.__call__.<locals>.call_next.<locals>.receive_or_disconnect at 0x729bab71c9a0>
          │   └ {'type': 'http', 'http_version': '1.1', 'method': 'GET', 'path': '/api/v1/auth/me', 'raw_path': b'/api/v1/auth/me', 'root_pat...
          └ <function request_response.<locals>.app.<locals>.app at 0x729bab71d440>
  File "/usr/local/lib/python3.13/site-packages/fastapi/routing.py", line 137, in app
    response = await f(request)
                     │ └ <starlette.requests.Request object at 0x729bab729d10>
                     └ <function get_request_handler.<locals>.app at 0x729bab71d3a0>
  File "/usr/local/lib/python3.13/site-packages/fastapi/routing.py", line 691, in app
    raw_response = await run_endpoint_function(
                         └ <function run_endpoint_function at 0x729bae72f380>
  File "/usr/local/lib/python3.13/site-packages/fastapi/routing.py", line 345, in run_endpoint_function
    return await dependant.call(**values)
                 │         │      └ {'current_user': <app.database.models.User object at 0x729bab92c980>, 'db': <MagicMock spec='AsyncSession' id='12601298519132...
                 │         └ <function get_me at 0x729babe84b80>
                 └ Dependant(path_params=[], query_params=[], header_params=[], cookie_params=[], body_params=[], dependencies=[Dependant(path_p...

  File "/workspace/app/api/auth/router.py", line 185, in get_me
    user = res.scalars().first()
           └ <AsyncMock name='mock.execute()' id='126012921895232'>

AttributeError: 'coroutine' object has no attribute 'first'
2026-07-19 11:14:06.846 | CRITICAL | main:lifespan:46 - Failed to ping Redis broker: Event loop is closed
2026-07-19 11:14:06.853 | ERROR    | app.middleware.logging:dispatch:27 - Exception during request POST /api/v1/auth/logout: object MagicMock can't be used in 'await' expression | Latency: 0.0045s
2026-07-19 11:14:06.854 | ERROR    | app.middleware.error_handlers:general_exception_handler:52 - Unhandled system error - POST /api/v1/auth/logout - Error: object MagicMock can't be used in 'await' expression
Traceback (most recent call last):

  File "/usr/local/lib/python3.13/threading.py", line 1015, in _bootstrap
    self._bootstrap_inner()
    │    └ <function Thread._bootstrap_inner at 0x729bb0754ea0>
    └ <Thread(asyncio-portal-729bab72b750, started daemon 126012921280192)>
  File "/usr/local/lib/python3.13/threading.py", line 1044, in _bootstrap_inner
    self.run()
    │    └ <function Thread.run at 0x729bb0754c20>
    └ <Thread(asyncio-portal-729bab72b750, started daemon 126012921280192)>
  File "/usr/local/lib/python3.13/threading.py", line 995, in run
    self._target(*self._args, **self._kwargs)
    │    │        │    │        │    └ {}
    │    │        │    │        └ <Thread(asyncio-portal-729bab72b750, started daemon 126012921280192)>
    │    │        │    └ ()
    │    │        └ <Thread(asyncio-portal-729bab72b750, started daemon 126012921280192)>
    │    └ <function start_blocking_portal.<locals>.run_blocking_portal at 0x729bab69dbc0>
    └ <Thread(asyncio-portal-729bab72b750, started daemon 126012921280192)>
  File "/usr/local/lib/python3.13/site-packages/anyio/from_thread.py", line 536, in run_blocking_portal
    run_eventloop(
    └ <function run at 0x729bb0d9c900>
  File "/usr/local/lib/python3.13/site-packages/anyio/_core/_eventloop.py", line 83, in run
    return async_backend.run(func, args, {}, backend_options)
           │             │   │     │         └ {}
           │             │   │     └ ()
           │             │   └ <function start_blocking_portal.<locals>.run_portal at 0x729bab69db20>
           │             └ <classmethod(<function AsyncIOBackend.run at 0x729baf32d6c0>)>
           └ <class 'anyio._backends._asyncio.AsyncIOBackend'>
  File "/usr/local/lib/python3.13/site-packages/anyio/_backends/_asyncio.py", line 2481, in run
    return runner.run(wrapper())
           │      │   └ <function start_blocking_portal.<locals>.run_portal at 0x729bab8df4c0>
           │      └ <function Runner.run at 0x729baef9e340>
           └ <asyncio.runners.Runner object at 0x729bab6983e0>
  File "/usr/local/lib/python3.13/asyncio/runners.py", line 119, in run
    return self._loop.run_until_complete(task)
           │    │     │                  └ <Task pending name='anyio.from_thread.start_blocking_portal.<locals>.run_portal' coro=<start_blocking_portal.<locals>.run_por...
           │    │     └ <function BaseEventLoop.run_until_complete at 0x729baef97e20>
           │    └ <_UnixSelectorEventLoop running=True closed=False debug=False>
           └ <asyncio.runners.Runner object at 0x729bab6983e0>
  File "/usr/local/lib/python3.13/asyncio/base_events.py", line 712, in run_until_complete
    self.run_forever()
    │    └ <function BaseEventLoop.run_forever at 0x729baef97d80>
    └ <_UnixSelectorEventLoop running=True closed=False debug=False>
  File "/usr/local/lib/python3.13/asyncio/base_events.py", line 683, in run_forever
    self._run_once()
    │    └ <function BaseEventLoop._run_once at 0x729baef9dbc0>
    └ <_UnixSelectorEventLoop running=True closed=False debug=False>
  File "/usr/local/lib/python3.13/asyncio/base_events.py", line 2060, in _run_once
    handle._run()
    │      └ <function Handle._run at 0x729bafe47880>
    └ <Handle Task.task_wakeup()>
  File "/usr/local/lib/python3.13/asyncio/events.py", line 89, in _run
    self._context.run(self._callback, *self._args)
    │    │            │    │           │    └ <member '_args' of 'Handle' objects>
    │    │            │    │           └ <Handle Task.task_wakeup()>
    │    │            │    └ <member '_callback' of 'Handle' objects>
    │    │            └ <Handle Task.task_wakeup()>
    │    └ <member '_context' of 'Handle' objects>
    └ <Handle Task.task_wakeup()>
  File "/usr/local/lib/python3.13/site-packages/anyio/_core/_tasks.py", line 275, in _run_coro
    retval = await self._coro
                   │    └ <member '_coro' of 'TaskHandle' objects>
                   └ <TaskHandle pending name='anyio.from_thread.BlockingPortal._call_func' coro=<coroutine object BlockingPortal._call_func at 0x...
  File "/usr/local/lib/python3.13/site-packages/anyio/from_thread.py", line 263, in _call_func
    retval = await retval_or_awaitable
                   └ <coroutine object FastAPI.__call__ at 0x729ba82f88b0>
  File "/usr/local/lib/python3.13/site-packages/fastapi/applications.py", line 1163, in __call__
    await super().__call__(scope, receive, send)
                           │      │        └ <function _TestClientTransport.handle_request.<locals>.send at 0x729ba848a5c0>
                           │      └ <function _TestClientTransport.handle_request.<locals>.receive at 0x729bab69d440>
                           └ {'type': 'http', 'http_version': '1.1', 'method': 'POST', 'path': '/api/v1/auth/logout', 'raw_path': b'/api/v1/auth/logout', ...
  File "/usr/local/lib/python3.13/site-packages/starlette/applications.py", line 90, in __call__
    await self.middleware_stack(scope, receive, send)
          │    │                │      │        └ <function _TestClientTransport.handle_request.<locals>.send at 0x729ba848a5c0>
          │    │                │      └ <function _TestClientTransport.handle_request.<locals>.receive at 0x729bab69d440>
          │    │                └ {'type': 'http', 'http_version': '1.1', 'method': 'POST', 'path': '/api/v1/auth/logout', 'raw_path': b'/api/v1/auth/logout', ...
          │    └ <starlette.middleware.errors.ServerErrorMiddleware object at 0x729bab92ef90>
          └ <fastapi.applications.FastAPI object at 0x729babd62ba0>
> File "/usr/local/lib/python3.13/site-packages/starlette/middleware/errors.py", line 164, in __call__
    await self.app(scope, receive, _send)
          │    │   │      │        └ <function ServerErrorMiddleware.__call__.<locals>._send at 0x729ba848a980>
          │    │   │      └ <function _TestClientTransport.handle_request.<locals>.receive at 0x729bab69d440>
          │    │   └ {'type': 'http', 'http_version': '1.1', 'method': 'POST', 'path': '/api/v1/auth/logout', 'raw_path': b'/api/v1/auth/logout', ...
          │    └ <app.middleware.logging.LoggingAndTrackingMiddleware object at 0x729bab92ee40>
          └ <starlette.middleware.errors.ServerErrorMiddleware object at 0x729bab92ef90>
  File "/usr/local/lib/python3.13/site-packages/starlette/middleware/base.py", line 193, in __call__
    response = await self.dispatch_func(request, call_next)
                     │    │             │        └ <function BaseHTTPMiddleware.__call__.<locals>.call_next at 0x729ba848ab60>
                     │    │             └ <starlette.middleware.base._CachedRequest object at 0x729bab6a7890>
                     │    └ <bound method LoggingAndTrackingMiddleware.dispatch of <app.middleware.logging.LoggingAndTrackingMiddleware object at 0x729ba...
                     └ <app.middleware.logging.LoggingAndTrackingMiddleware object at 0x729bab92ee40>

  File "/workspace/app/middleware/logging.py", line 30, in dispatch
    raise e

  File "/workspace/app/middleware/logging.py", line 23, in dispatch
    response = await call_next(request)
                     │         └ <starlette.middleware.base._CachedRequest object at 0x729bab6a7890>
                     └ <function BaseHTTPMiddleware.__call__.<locals>.call_next at 0x729ba848ab60>

  File "/usr/local/lib/python3.13/site-packages/starlette/middleware/base.py", line 168, in call_next
    raise app_exc from app_exc.__cause__ or app_exc.__context__
          │            │       │            │       └ <attribute '__context__' of 'BaseException' objects>
          │            │       │            └ TypeError("object MagicMock can't be used in 'await' expression")
          │            │       └ <attribute '__cause__' of 'BaseException' objects>
          │            └ TypeError("object MagicMock can't be used in 'await' expression")
          └ TypeError("object MagicMock can't be used in 'await' expression")
  File "/usr/local/lib/python3.13/site-packages/starlette/middleware/base.py", line 144, in coro
    await self.app(scope, receive_or_disconnect, send_no_error)
          │    │   │      │                      └ <function BaseHTTPMiddleware.__call__.<locals>.call_next.<locals>.send_no_error at 0x729ba848ade0>
          │    │   │      └ <function BaseHTTPMiddleware.__call__.<locals>.call_next.<locals>.receive_or_disconnect at 0x729ba848aca0>
          │    │   └ {'type': 'http', 'http_version': '1.1', 'method': 'POST', 'path': '/api/v1/auth/logout', 'raw_path': b'/api/v1/auth/logout', ...
          │    └ <starlette.middleware.cors.CORSMiddleware object at 0x729bab92ecf0>
          └ <app.middleware.logging.LoggingAndTrackingMiddleware object at 0x729bab92ee40>
  File "/usr/local/lib/python3.13/site-packages/starlette/middleware/cors.py", line 88, in __call__
    await self.app(scope, receive, send)
          │    │   │      │        └ <function BaseHTTPMiddleware.__call__.<locals>.call_next.<locals>.send_no_error at 0x729ba848ade0>
          │    │   │      └ <function BaseHTTPMiddleware.__call__.<locals>.call_next.<locals>.receive_or_disconnect at 0x729ba848aca0>
          │    │   └ {'type': 'http', 'http_version': '1.1', 'method': 'POST', 'path': '/api/v1/auth/logout', 'raw_path': b'/api/v1/auth/logout', ...
          │    └ <starlette.middleware.exceptions.ExceptionMiddleware object at 0x729bab92eba0>
          └ <starlette.middleware.cors.CORSMiddleware object at 0x729bab92ecf0>
  File "/usr/local/lib/python3.13/site-packages/starlette/middleware/exceptions.py", line 63, in __call__
    await wrap_app_handling_exceptions(self.app, conn)(scope, receive, send)
          │                            │    │    │     │      │        └ <function BaseHTTPMiddleware.__call__.<locals>.call_next.<locals>.send_no_error at 0x729ba848ade0>
          │                            │    │    │     │      └ <function BaseHTTPMiddleware.__call__.<locals>.call_next.<locals>.receive_or_disconnect at 0x729ba848aca0>
          │                            │    │    │     └ {'type': 'http', 'http_version': '1.1', 'method': 'POST', 'path': '/api/v1/auth/logout', 'raw_path': b'/api/v1/auth/logout', ...
          │                            │    │    └ <starlette.requests.Request object at 0x729bab69b5c0>
          │                            │    └ <fastapi.middleware.asyncexitstack.AsyncExitStackMiddleware object at 0x729bab92ea50>
          │                            └ <starlette.middleware.exceptions.ExceptionMiddleware object at 0x729bab92eba0>
          └ <function wrap_app_handling_exceptions at 0x729bae7034c0>
  File "/usr/local/lib/python3.13/site-packages/starlette/_exception_handler.py", line 53, in wrapped_app
    raise exc
  File "/usr/local/lib/python3.13/site-packages/starlette/_exception_handler.py", line 42, in wrapped_app
    await app(scope, receive, sender)
          │   │      │        └ <function wrap_app_handling_exceptions.<locals>.wrapped_app.<locals>.sender at 0x729ba848b240>
          │   │      └ <function BaseHTTPMiddleware.__call__.<locals>.call_next.<locals>.receive_or_disconnect at 0x729ba848aca0>
          │   └ {'type': 'http', 'http_version': '1.1', 'method': 'POST', 'path': '/api/v1/auth/logout', 'raw_path': b'/api/v1/auth/logout', ...
          └ <fastapi.middleware.asyncexitstack.AsyncExitStackMiddleware object at 0x729bab92ea50>
  File "/usr/local/lib/python3.13/site-packages/fastapi/middleware/asyncexitstack.py", line 18, in __call__
    await self.app(scope, receive, send)
          │    │   │      │        └ <function wrap_app_handling_exceptions.<locals>.wrapped_app.<locals>.sender at 0x729ba848b240>
          │    │   │      └ <function BaseHTTPMiddleware.__call__.<locals>.call_next.<locals>.receive_or_disconnect at 0x729ba848aca0>
          │    │   └ {'type': 'http', 'http_version': '1.1', 'method': 'POST', 'path': '/api/v1/auth/logout', 'raw_path': b'/api/v1/auth/logout', ...
          │    └ <fastapi.routing.APIRouter object at 0x729bab8aa8b0>
          └ <fastapi.middleware.asyncexitstack.AsyncExitStackMiddleware object at 0x729bab92ea50>
  File "/usr/local/lib/python3.13/site-packages/starlette/routing.py", line 660, in __call__
    await self.middleware_stack(scope, receive, send)
          │    │                │      │        └ <function wrap_app_handling_exceptions.<locals>.wrapped_app.<locals>.sender at 0x729ba848b240>
          │    │                │      └ <function BaseHTTPMiddleware.__call__.<locals>.call_next.<locals>.receive_or_disconnect at 0x729ba848aca0>
          │    │                └ {'type': 'http', 'http_version': '1.1', 'method': 'POST', 'path': '/api/v1/auth/logout', 'raw_path': b'/api/v1/auth/logout', ...
          │    └ <bound method APIRouter.app of <fastapi.routing.APIRouter object at 0x729bab8aa8b0>>
          └ <fastapi.routing.APIRouter object at 0x729bab8aa8b0>
  File "/usr/local/lib/python3.13/site-packages/fastapi/routing.py", line 2685, in app
    await route.handle(scope, receive, send)
          │     │      │      │        └ <function wrap_app_handling_exceptions.<locals>.wrapped_app.<locals>.sender at 0x729ba848b240>
          │     │      │      └ <function BaseHTTPMiddleware.__call__.<locals>.call_next.<locals>.receive_or_disconnect at 0x729ba848aca0>
          │     │      └ {'type': 'http', 'http_version': '1.1', 'method': 'POST', 'path': '/api/v1/auth/logout', 'raw_path': b'/api/v1/auth/logout', ...
          │     └ <function _IncludedRouter.handle at 0x729bae739f80>
          └ _IncludedRouter(original_router=<fastapi.routing.APIRouter object at 0x729baca2e510>, include_context=_RouterIncludeContext(i...
  File "/usr/local/lib/python3.13/site-packages/fastapi/routing.py", line 1766, in handle
    await self.original_router.handle(scope, receive, send)
          │    │               │      │      │        └ <function wrap_app_handling_exceptions.<locals>.wrapped_app.<locals>.sender at 0x729ba848b240>
          │    │               │      │      └ <function BaseHTTPMiddleware.__call__.<locals>.call_next.<locals>.receive_or_disconnect at 0x729ba848aca0>
          │    │               │      └ {'type': 'http', 'http_version': '1.1', 'method': 'POST', 'path': '/api/v1/auth/logout', 'raw_path': b'/api/v1/auth/logout', ...
          │    │               └ <function APIRouter.handle at 0x729bae73be20>
          │    └ <fastapi.routing.APIRouter object at 0x729baca2e510>
          └ _IncludedRouter(original_router=<fastapi.routing.APIRouter object at 0x729baca2e510>, include_context=_RouterIncludeContext(i...
  File "/usr/local/lib/python3.13/site-packages/fastapi/routing.py", line 2740, in handle
    await included_router._handle_selected(scope, receive, send)
          │               │                │      │        └ <function wrap_app_handling_exceptions.<locals>.wrapped_app.<locals>.sender at 0x729ba848b240>
          │               │                │      └ <function BaseHTTPMiddleware.__call__.<locals>.call_next.<locals>.receive_or_disconnect at 0x729ba848aca0>
          │               │                └ {'type': 'http', 'http_version': '1.1', 'method': 'POST', 'path': '/api/v1/auth/logout', 'raw_path': b'/api/v1/auth/logout', ...
          │               └ <function _IncludedRouter._handle_selected at 0x729bae73a020>
          └ _IncludedRouter(original_router=<fastapi.routing.APIRouter object at 0x729baca2e510>, include_context=_RouterIncludeContext(i...
  File "/usr/local/lib/python3.13/site-packages/fastapi/routing.py", line 1786, in _handle_selected
    await original_route.handle(scope, receive, send)
          │              │      │      │        └ <function wrap_app_handling_exceptions.<locals>.wrapped_app.<locals>.sender at 0x729ba848b240>
          │              │      │      └ <function BaseHTTPMiddleware.__call__.<locals>.call_next.<locals>.receive_or_disconnect at 0x729ba848aca0>
          │              │      └ {'type': 'http', 'http_version': '1.1', 'method': 'POST', 'path': '/api/v1/auth/logout', 'raw_path': b'/api/v1/auth/logout', ...
          │              └ <function APIRoute.handle at 0x729bae738040>
          └ APIRoute(path='/auth/logout', name='logout', methods=['POST'])
  File "/usr/local/lib/python3.13/site-packages/fastapi/routing.py", line 1265, in handle
    await app(scope, receive, send)
          │   │      │        └ <function wrap_app_handling_exceptions.<locals>.wrapped_app.<locals>.sender at 0x729ba848b240>
          │   │      └ <function BaseHTTPMiddleware.__call__.<locals>.call_next.<locals>.receive_or_disconnect at 0x729ba848aca0>
          │   └ {'type': 'http', 'http_version': '1.1', 'method': 'POST', 'path': '/api/v1/auth/logout', 'raw_path': b'/api/v1/auth/logout', ...
          └ <function request_response.<locals>.app at 0x729ba848b380>
  File "/usr/local/lib/python3.13/site-packages/fastapi/routing.py", line 151, in app
    await wrap_app_handling_exceptions(app, request)(scope, receive, send)
          │                            │    │        │      │        └ <function wrap_app_handling_exceptions.<locals>.wrapped_app.<locals>.sender at 0x729ba848b240>
          │                            │    │        │      └ <function BaseHTTPMiddleware.__call__.<locals>.call_next.<locals>.receive_or_disconnect at 0x729ba848aca0>
          │                            │    │        └ {'type': 'http', 'http_version': '1.1', 'method': 'POST', 'path': '/api/v1/auth/logout', 'raw_path': b'/api/v1/auth/logout', ...
          │                            │    └ <starlette.requests.Request object at 0x729bab69b490>
          │                            └ <function request_response.<locals>.app.<locals>.app at 0x729ba848b420>
          └ <function wrap_app_handling_exceptions at 0x729bae7034c0>
  File "/usr/local/lib/python3.13/site-packages/starlette/_exception_handler.py", line 53, in wrapped_app
    raise exc
  File "/usr/local/lib/python3.13/site-packages/starlette/_exception_handler.py", line 42, in wrapped_app
    await app(scope, receive, sender)
          │   │      │        └ <function wrap_app_handling_exceptions.<locals>.wrapped_app.<locals>.sender at 0x729ba848b560>
          │   │      └ <function BaseHTTPMiddleware.__call__.<locals>.call_next.<locals>.receive_or_disconnect at 0x729ba848aca0>
          │   └ {'type': 'http', 'http_version': '1.1', 'method': 'POST', 'path': '/api/v1/auth/logout', 'raw_path': b'/api/v1/auth/logout', ...
          └ <function request_response.<locals>.app.<locals>.app at 0x729ba848b420>
  File "/usr/local/lib/python3.13/site-packages/fastapi/routing.py", line 137, in app
    response = await f(request)
                     │ └ <starlette.requests.Request object at 0x729bab69b490>
                     └ <function get_request_handler.<locals>.app at 0x729ba848b2e0>
  File "/usr/local/lib/python3.13/site-packages/fastapi/routing.py", line 691, in app
    raw_response = await run_endpoint_function(
                         └ <function run_endpoint_function at 0x729bae72f380>
  File "/usr/local/lib/python3.13/site-packages/fastapi/routing.py", line 345, in run_endpoint_function
    return await dependant.call(**values)
                 │         │      └ {'credentials': HTTPAuthorizationCredentials(scheme='Bearer', credentials='fake_token')}
                 │         └ <function logout at 0x729babe849a0>
                 └ Dependant(path_params=[], query_params=[], header_params=[], cookie_params=[], body_params=[], dependencies=[Dependant(path_p...

  File "/workspace/app/api/auth/router.py", line 164, in logout
    await auth_service.logout(token)
          │            │      └ 'fake_token'
          │            └ <MagicMock name='logout' id='126012953516688'>
          └ <app.services.auth.auth_service.SupabaseAuthService object at 0x729bacd19160>

TypeError: object MagicMock can't be used in 'await' expression
2026-07-19 11:14:07.513 | ERROR    | app.middleware.logging:dispatch:27 - Exception during request POST /api/v1/bookmarks: 1 validation error for BookmarkResponse
id
  UUID input should be a string, bytes or UUID object [type=uuid_type, input_value=None, input_type=NoneType]
    For further information visit https://errors.pydantic.dev/2.13/v/uuid_type | Latency: 0.0318s
2026-07-19 11:14:07.513 | ERROR    | app.middleware.error_handlers:general_exception_handler:52 - Unhandled system error - POST /api/v1/bookmarks - Error: 1 validation error for BookmarkResponse
id
  UUID input should be a string, bytes or UUID object [type=uuid_type, input_value=None, input_type=NoneType]
    For further information visit https://errors.pydantic.dev/2.13/v/uuid_type
Traceback (most recent call last):

  File "/usr/local/lib/python3.13/threading.py", line 1015, in _bootstrap
    self._bootstrap_inner()
    │    └ <function Thread._bootstrap_inner at 0x729bb0754ea0>
    └ <Thread(asyncio-portal-729bab6a6490, started daemon 126012921280192)>
  File "/usr/local/lib/python3.13/threading.py", line 1044, in _bootstrap_inner
    self.run()
    │    └ <function Thread.run at 0x729bb0754c20>
    └ <Thread(asyncio-portal-729bab6a6490, started daemon 126012921280192)>
  File "/usr/local/lib/python3.13/threading.py", line 995, in run
    self._target(*self._args, **self._kwargs)
    │    │        │    │        │    └ {}
    │    │        │    │        └ <Thread(asyncio-portal-729bab6a6490, started daemon 126012921280192)>
    │    │        │    └ ()
    │    │        └ <Thread(asyncio-portal-729bab6a6490, started daemon 126012921280192)>
    │    └ <function start_blocking_portal.<locals>.run_blocking_portal at 0x729bab8dfce0>
    └ <Thread(asyncio-portal-729bab6a6490, started daemon 126012921280192)>
  File "/usr/local/lib/python3.13/site-packages/anyio/from_thread.py", line 536, in run_blocking_portal
    run_eventloop(
    └ <function run at 0x729bb0d9c900>
  File "/usr/local/lib/python3.13/site-packages/anyio/_core/_eventloop.py", line 83, in run
    return async_backend.run(func, args, {}, backend_options)
           │             │   │     │         └ {}
           │             │   │     └ ()
           │             │   └ <function start_blocking_portal.<locals>.run_portal at 0x729bad8e0540>
           │             └ <classmethod(<function AsyncIOBackend.run at 0x729baf32d6c0>)>
           └ <class 'anyio._backends._asyncio.AsyncIOBackend'>
  File "/usr/local/lib/python3.13/site-packages/anyio/_backends/_asyncio.py", line 2481, in run
    return runner.run(wrapper())
           │      │   └ <function start_blocking_portal.<locals>.run_portal at 0x729ba848b100>
           │      └ <function Runner.run at 0x729baef9e340>
           └ <asyncio.runners.Runner object at 0x729bab6e4cb0>
  File "/usr/local/lib/python3.13/asyncio/runners.py", line 119, in run
    return self._loop.run_until_complete(task)
           │    │     │                  └ <Task pending name='anyio.from_thread.start_blocking_portal.<locals>.run_portal' coro=<start_blocking_portal.<locals>.run_por...
           │    │     └ <function BaseEventLoop.run_until_complete at 0x729baef97e20>
           │    └ <_UnixSelectorEventLoop running=True closed=False debug=False>
           └ <asyncio.runners.Runner object at 0x729bab6e4cb0>
  File "/usr/local/lib/python3.13/asyncio/base_events.py", line 712, in run_until_complete
    self.run_forever()
    │    └ <function BaseEventLoop.run_forever at 0x729baef97d80>
    └ <_UnixSelectorEventLoop running=True closed=False debug=False>
  File "/usr/local/lib/python3.13/asyncio/base_events.py", line 683, in run_forever
    self._run_once()
    │    └ <function BaseEventLoop._run_once at 0x729baef9dbc0>
    └ <_UnixSelectorEventLoop running=True closed=False debug=False>
  File "/usr/local/lib/python3.13/asyncio/base_events.py", line 2060, in _run_once
    handle._run()
    │      └ <function Handle._run at 0x729bafe47880>
    └ <Handle Task.task_wakeup()>
  File "/usr/local/lib/python3.13/asyncio/events.py", line 89, in _run
    self._context.run(self._callback, *self._args)
    │    │            │    │           │    └ <member '_args' of 'Handle' objects>
    │    │            │    │           └ <Handle Task.task_wakeup()>
    │    │            │    └ <member '_callback' of 'Handle' objects>
    │    │            └ <Handle Task.task_wakeup()>
    │    └ <member '_context' of 'Handle' objects>
    └ <Handle Task.task_wakeup()>
  File "/usr/local/lib/python3.13/site-packages/anyio/_core/_tasks.py", line 275, in _run_coro
    retval = await self._coro
                   │    └ <member '_coro' of 'TaskHandle' objects>
                   └ <TaskHandle pending name='anyio.from_thread.BlockingPortal._call_func' coro=<coroutine object BlockingPortal._call_func at 0x...
  File "/usr/local/lib/python3.13/site-packages/anyio/from_thread.py", line 263, in _call_func
    retval = await retval_or_awaitable
                   └ <coroutine object FastAPI.__call__ at 0x729ba82f97b0>
  File "/usr/local/lib/python3.13/site-packages/fastapi/applications.py", line 1163, in __call__
    await super().__call__(scope, receive, send)
                           │      │        └ <function _TestClientTransport.handle_request.<locals>.send at 0x729bab69d800>
                           │      └ <function _TestClientTransport.handle_request.<locals>.receive at 0x729ba848bb00>
                           └ {'type': 'http', 'http_version': '1.1', 'method': 'POST', 'path': '/api/v1/bookmarks', 'raw_path': b'/api/v1/bookmarks', 'roo...
  File "/usr/local/lib/python3.13/site-packages/starlette/applications.py", line 90, in __call__
    await self.middleware_stack(scope, receive, send)
          │    │                │      │        └ <function _TestClientTransport.handle_request.<locals>.send at 0x729bab69d800>
          │    │                │      └ <function _TestClientTransport.handle_request.<locals>.receive at 0x729ba848bb00>
          │    │                └ {'type': 'http', 'http_version': '1.1', 'method': 'POST', 'path': '/api/v1/bookmarks', 'raw_path': b'/api/v1/bookmarks', 'roo...
          │    └ <starlette.middleware.errors.ServerErrorMiddleware object at 0x729bab92ef90>
          └ <fastapi.applications.FastAPI object at 0x729babd62ba0>
> File "/usr/local/lib/python3.13/site-packages/starlette/middleware/errors.py", line 164, in __call__
    await self.app(scope, receive, _send)
          │    │   │      │        └ <function ServerErrorMiddleware.__call__.<locals>._send at 0x729ba8554400>
          │    │   │      └ <function _TestClientTransport.handle_request.<locals>.receive at 0x729ba848bb00>
          │    │   └ {'type': 'http', 'http_version': '1.1', 'method': 'POST', 'path': '/api/v1/bookmarks', 'raw_path': b'/api/v1/bookmarks', 'roo...
          │    └ <app.middleware.logging.LoggingAndTrackingMiddleware object at 0x729bab92ee40>
          └ <starlette.middleware.errors.ServerErrorMiddleware object at 0x729bab92ef90>
  File "/usr/local/lib/python3.13/site-packages/starlette/middleware/base.py", line 193, in __call__
    response = await self.dispatch_func(request, call_next)
                     │    │             │        └ <function BaseHTTPMiddleware.__call__.<locals>.call_next at 0x729ba85544a0>
                     │    │             └ <starlette.middleware.base._CachedRequest object at 0x729bab72ad50>
                     │    └ <bound method LoggingAndTrackingMiddleware.dispatch of <app.middleware.logging.LoggingAndTrackingMiddleware object at 0x729ba...
                     └ <app.middleware.logging.LoggingAndTrackingMiddleware object at 0x729bab92ee40>

  File "/workspace/app/middleware/logging.py", line 30, in dispatch
    raise e

  File "/workspace/app/middleware/logging.py", line 23, in dispatch
    response = await call_next(request)
                     │         └ <starlette.middleware.base._CachedRequest object at 0x729bab72ad50>
                     └ <function BaseHTTPMiddleware.__call__.<locals>.call_next at 0x729ba85544a0>

  File "/usr/local/lib/python3.13/site-packages/starlette/middleware/base.py", line 168, in call_next
    raise app_exc from app_exc.__cause__ or app_exc.__context__
          │            │       │            │       └ <attribute '__context__' of 'BaseException' objects>
          │            │       │            └ 1 validation error for BookmarkResponse
          │            │       │              id
          │            │       │                UUID input should be a string, bytes or UUID object [type=uuid_type, input_value...
          │            │       └ <attribute '__cause__' of 'BaseException' objects>
          │            └ 1 validation error for BookmarkResponse
          │              id
          │                UUID input should be a string, bytes or UUID object [type=uuid_type, input_value...
          └ 1 validation error for BookmarkResponse
            id
              UUID input should be a string, bytes or UUID object [type=uuid_type, input_value...
  File "/usr/local/lib/python3.13/site-packages/starlette/middleware/base.py", line 144, in coro
    await self.app(scope, receive_or_disconnect, send_no_error)
          │    │   │      │                      └ <function BaseHTTPMiddleware.__call__.<locals>.call_next.<locals>.send_no_error at 0x729ba8554720>
          │    │   │      └ <function BaseHTTPMiddleware.__call__.<locals>.call_next.<locals>.receive_or_disconnect at 0x729ba8554680>
          │    │   └ {'type': 'http', 'http_version': '1.1', 'method': 'POST', 'path': '/api/v1/bookmarks', 'raw_path': b'/api/v1/bookmarks', 'roo...
          │    └ <starlette.middleware.cors.CORSMiddleware object at 0x729bab92ecf0>
          └ <app.middleware.logging.LoggingAndTrackingMiddleware object at 0x729bab92ee40>
  File "/usr/local/lib/python3.13/site-packages/starlette/middleware/cors.py", line 88, in __call__
    await self.app(scope, receive, send)
          │    │   │      │        └ <function BaseHTTPMiddleware.__call__.<locals>.call_next.<locals>.send_no_error at 0x729ba8554720>
          │    │   │      └ <function BaseHTTPMiddleware.__call__.<locals>.call_next.<locals>.receive_or_disconnect at 0x729ba8554680>
          │    │   └ {'type': 'http', 'http_version': '1.1', 'method': 'POST', 'path': '/api/v1/bookmarks', 'raw_path': b'/api/v1/bookmarks', 'roo...
          │    └ <starlette.middleware.exceptions.ExceptionMiddleware object at 0x729bab92eba0>
          └ <starlette.middleware.cors.CORSMiddleware object at 0x729bab92ecf0>
  File "/usr/local/lib/python3.13/site-packages/starlette/middleware/exceptions.py", line 63, in __call__
    await wrap_app_handling_exceptions(self.app, conn)(scope, receive, send)
          │                            │    │    │     │      │        └ <function BaseHTTPMiddleware.__call__.<locals>.call_next.<locals>.send_no_error at 0x729ba8554720>
          │                            │    │    │     │      └ <function BaseHTTPMiddleware.__call__.<locals>.call_next.<locals>.receive_or_disconnect at 0x729ba8554680>
          │                            │    │    │     └ {'type': 'http', 'http_version': '1.1', 'method': 'POST', 'path': '/api/v1/bookmarks', 'raw_path': b'/api/v1/bookmarks', 'roo...
          │                            │    │    └ <starlette.requests.Request object at 0x729bab6ae580>
          │                            │    └ <fastapi.middleware.asyncexitstack.AsyncExitStackMiddleware object at 0x729bab92ea50>
          │                            └ <starlette.middleware.exceptions.ExceptionMiddleware object at 0x729bab92eba0>
          └ <function wrap_app_handling_exceptions at 0x729bae7034c0>
  File "/usr/local/lib/python3.13/site-packages/starlette/_exception_handler.py", line 53, in wrapped_app
    raise exc
  File "/usr/local/lib/python3.13/site-packages/starlette/_exception_handler.py", line 42, in wrapped_app
    await app(scope, receive, sender)
          │   │      │        └ <function wrap_app_handling_exceptions.<locals>.wrapped_app.<locals>.sender at 0x729ba8554a40>
          │   │      └ <function BaseHTTPMiddleware.__call__.<locals>.call_next.<locals>.receive_or_disconnect at 0x729ba8554680>
          │   └ {'type': 'http', 'http_version': '1.1', 'method': 'POST', 'path': '/api/v1/bookmarks', 'raw_path': b'/api/v1/bookmarks', 'roo...
          └ <fastapi.middleware.asyncexitstack.AsyncExitStackMiddleware object at 0x729bab92ea50>
  File "/usr/local/lib/python3.13/site-packages/fastapi/middleware/asyncexitstack.py", line 18, in __call__
    await self.app(scope, receive, send)
          │    │   │      │        └ <function wrap_app_handling_exceptions.<locals>.wrapped_app.<locals>.sender at 0x729ba8554a40>
          │    │   │      └ <function BaseHTTPMiddleware.__call__.<locals>.call_next.<locals>.receive_or_disconnect at 0x729ba8554680>
          │    │   └ {'type': 'http', 'http_version': '1.1', 'method': 'POST', 'path': '/api/v1/bookmarks', 'raw_path': b'/api/v1/bookmarks', 'roo...
          │    └ <fastapi.routing.APIRouter object at 0x729bab8aa8b0>
          └ <fastapi.middleware.asyncexitstack.AsyncExitStackMiddleware object at 0x729bab92ea50>
  File "/usr/local/lib/python3.13/site-packages/starlette/routing.py", line 660, in __call__
    await self.middleware_stack(scope, receive, send)
          │    │                │      │        └ <function wrap_app_handling_exceptions.<locals>.wrapped_app.<locals>.sender at 0x729ba8554a40>
          │    │                │      └ <function BaseHTTPMiddleware.__call__.<locals>.call_next.<locals>.receive_or_disconnect at 0x729ba8554680>
          │    │                └ {'type': 'http', 'http_version': '1.1', 'method': 'POST', 'path': '/api/v1/bookmarks', 'raw_path': b'/api/v1/bookmarks', 'roo...
          │    └ <bound method APIRouter.app of <fastapi.routing.APIRouter object at 0x729bab8aa8b0>>
          └ <fastapi.routing.APIRouter object at 0x729bab8aa8b0>
  File "/usr/local/lib/python3.13/site-packages/fastapi/routing.py", line 2685, in app
    await route.handle(scope, receive, send)
          │     │      │      │        └ <function wrap_app_handling_exceptions.<locals>.wrapped_app.<locals>.sender at 0x729ba8554a40>
          │     │      │      └ <function BaseHTTPMiddleware.__call__.<locals>.call_next.<locals>.receive_or_disconnect at 0x729ba8554680>
          │     │      └ {'type': 'http', 'http_version': '1.1', 'method': 'POST', 'path': '/api/v1/bookmarks', 'raw_path': b'/api/v1/bookmarks', 'roo...
          │     └ <function _IncludedRouter.handle at 0x729bae739f80>
          └ _IncludedRouter(original_router=<fastapi.routing.APIRouter object at 0x729babe8cb90>, include_context=_RouterIncludeContext(i...
  File "/usr/local/lib/python3.13/site-packages/fastapi/routing.py", line 1766, in handle
    await self.original_router.handle(scope, receive, send)
          │    │               │      │      │        └ <function wrap_app_handling_exceptions.<locals>.wrapped_app.<locals>.sender at 0x729ba8554a40>
          │    │               │      │      └ <function BaseHTTPMiddleware.__call__.<locals>.call_next.<locals>.receive_or_disconnect at 0x729ba8554680>
          │    │               │      └ {'type': 'http', 'http_version': '1.1', 'method': 'POST', 'path': '/api/v1/bookmarks', 'raw_path': b'/api/v1/bookmarks', 'roo...
          │    │               └ <function APIRouter.handle at 0x729bae73be20>
          │    └ <fastapi.routing.APIRouter object at 0x729babe8cb90>
          └ _IncludedRouter(original_router=<fastapi.routing.APIRouter object at 0x729babe8cb90>, include_context=_RouterIncludeContext(i...
  File "/usr/local/lib/python3.13/site-packages/fastapi/routing.py", line 2740, in handle
    await included_router._handle_selected(scope, receive, send)
          │               │                │      │        └ <function wrap_app_handling_exceptions.<locals>.wrapped_app.<locals>.sender at 0x729ba8554a40>
          │               │                │      └ <function BaseHTTPMiddleware.__call__.<locals>.call_next.<locals>.receive_or_disconnect at 0x729ba8554680>
          │               │                └ {'type': 'http', 'http_version': '1.1', 'method': 'POST', 'path': '/api/v1/bookmarks', 'raw_path': b'/api/v1/bookmarks', 'roo...
          │               └ <function _IncludedRouter._handle_selected at 0x729bae73a020>
          └ _IncludedRouter(original_router=<fastapi.routing.APIRouter object at 0x729babe8cb90>, include_context=_RouterIncludeContext(i...
  File "/usr/local/lib/python3.13/site-packages/fastapi/routing.py", line 1786, in _handle_selected
    await original_route.handle(scope, receive, send)
          │              │      │      │        └ <function wrap_app_handling_exceptions.<locals>.wrapped_app.<locals>.sender at 0x729ba8554a40>
          │              │      │      └ <function BaseHTTPMiddleware.__call__.<locals>.call_next.<locals>.receive_or_disconnect at 0x729ba8554680>
          │              │      └ {'type': 'http', 'http_version': '1.1', 'method': 'POST', 'path': '/api/v1/bookmarks', 'raw_path': b'/api/v1/bookmarks', 'roo...
          │              └ <function APIRoute.handle at 0x729bae738040>
          └ APIRoute(path='/bookmarks', name='create_bookmark', methods=['POST'])
  File "/usr/local/lib/python3.13/site-packages/fastapi/routing.py", line 1265, in handle
    await app(scope, receive, send)
          │   │      │        └ <function wrap_app_handling_exceptions.<locals>.wrapped_app.<locals>.sender at 0x729ba8554a40>
          │   │      └ <function BaseHTTPMiddleware.__call__.<locals>.call_next.<locals>.receive_or_disconnect at 0x729ba8554680>
          │   └ {'type': 'http', 'http_version': '1.1', 'method': 'POST', 'path': '/api/v1/bookmarks', 'raw_path': b'/api/v1/bookmarks', 'roo...
          └ <function request_response.<locals>.app at 0x729ba848bc40>
  File "/usr/local/lib/python3.13/site-packages/fastapi/routing.py", line 151, in app
    await wrap_app_handling_exceptions(app, request)(scope, receive, send)
          │                            │    │        │      │        └ <function wrap_app_handling_exceptions.<locals>.wrapped_app.<locals>.sender at 0x729ba8554a40>
          │                            │    │        │      └ <function BaseHTTPMiddleware.__call__.<locals>.call_next.<locals>.receive_or_disconnect at 0x729ba8554680>
          │                            │    │        └ {'type': 'http', 'http_version': '1.1', 'method': 'POST', 'path': '/api/v1/bookmarks', 'raw_path': b'/api/v1/bookmarks', 'roo...
          │                            │    └ <starlette.requests.Request object at 0x729ba84f0050>
          │                            └ <function request_response.<locals>.app.<locals>.app at 0x729ba848b9c0>
          └ <function wrap_app_handling_exceptions at 0x729bae7034c0>
  File "/usr/local/lib/python3.13/site-packages/starlette/_exception_handler.py", line 53, in wrapped_app
    raise exc
  File "/usr/local/lib/python3.13/site-packages/starlette/_exception_handler.py", line 42, in wrapped_app
    await app(scope, receive, sender)
          │   │      │        └ <function wrap_app_handling_exceptions.<locals>.wrapped_app.<locals>.sender at 0x729ba8554b80>
          │   │      └ <function BaseHTTPMiddleware.__call__.<locals>.call_next.<locals>.receive_or_disconnect at 0x729ba8554680>
          │   └ {'type': 'http', 'http_version': '1.1', 'method': 'POST', 'path': '/api/v1/bookmarks', 'raw_path': b'/api/v1/bookmarks', 'roo...
          └ <function request_response.<locals>.app.<locals>.app at 0x729ba848b9c0>
  File "/usr/local/lib/python3.13/site-packages/fastapi/routing.py", line 137, in app
    response = await f(request)
                     │ └ <starlette.requests.Request object at 0x729ba84f0050>
                     └ <function get_request_handler.<locals>.app at 0x729bab69da80>
  File "/usr/local/lib/python3.13/site-packages/fastapi/routing.py", line 691, in app
    raw_response = await run_endpoint_function(
                         └ <function run_endpoint_function at 0x729bae72f380>
  File "/usr/local/lib/python3.13/site-packages/fastapi/routing.py", line 345, in run_endpoint_function
    return await dependant.call(**values)
                 │         │      └ {'current_user': <app.database.models.User object at 0x729bab6a4550>, 'db': <MagicMock spec='AsyncSession' id='12601295351534...
                 │         └ <function create_bookmark at 0x729babbbf100>
                 └ Dependant(path_params=[], query_params=[], header_params=[], cookie_params=[], body_params=[ModelField(field_info=Body(Pydant...

  File "/workspace/app/api/bookmarks/router.py", line 202, in create_bookmark
    data=BookmarkResponse.model_validate(bookmark)
         │                │              └ <app.database.models.Bookmark object at 0x729bab727230>
         │                └ <classmethod(<function BaseModel.model_validate at 0x729baf15f880>)>
         └ <class 'app.schemas.bookmarks.BookmarkResponse'>

  File "/usr/local/lib/python3.13/site-packages/pydantic/main.py", line 732, in model_validate
    return cls.__pydantic_validator__.validate_python(
           │   │                      └ <method 'validate_python' of 'pydantic_core._pydantic_core.SchemaValidator' objects>
           │   └ SchemaValidator(title="BookmarkResponse", validator=Model(
           │         ModelValidator {
           │             revalidate: Never,
           │             validator:...
           └ <class 'app.schemas.bookmarks.BookmarkResponse'>

pydantic_core._pydantic_core.ValidationError: 1 validation error for BookmarkResponse
id
  UUID input should be a string, bytes or UUID object [type=uuid_type, input_value=None, input_type=NoneType]
    For further information visit https://errors.pydantic.dev/2.13/v/uuid_type
2026-07-19 11:14:08.180 | CRITICAL | main:lifespan:46 - Failed to ping Redis broker: Event loop is closed
2026-07-19 11:14:08.186 | ERROR    | app.middleware.logging:dispatch:27 - Exception during request GET /api/v1/bookmarks: 2 validation errors for BookmarkResponse
position
  Input should be a valid integer [type=int_type, input_value=None, input_type=NoneType]
    For further information visit https://errors.pydantic.dev/2.13/v/int_type
user_id
  UUID input should be a string, bytes or UUID object [type=uuid_type, input_value=None, input_type=NoneType]
    For further information visit https://errors.pydantic.dev/2.13/v/uuid_type | Latency: 0.0044s
2026-07-19 11:14:08.187 | ERROR    | app.middleware.error_handlers:general_exception_handler:52 - Unhandled system error - GET /api/v1/bookmarks - Error: 2 validation errors for BookmarkResponse
position
  Input should be a valid integer [type=int_type, input_value=None, input_type=NoneType]
    For further information visit https://errors.pydantic.dev/2.13/v/int_type
user_id
  UUID input should be a string, bytes or UUID object [type=uuid_type, input_value=None, input_type=NoneType]
    For further information visit https://errors.pydantic.dev/2.13/v/uuid_type
Traceback (most recent call last):

  File "/usr/local/lib/python3.13/threading.py", line 1015, in _bootstrap
    self._bootstrap_inner()
    │    └ <function Thread._bootstrap_inner at 0x729bb0754ea0>
    └ <Thread(asyncio-portal-729b933b0050, started daemon 126012921280192)>
  File "/usr/local/lib/python3.13/threading.py", line 1044, in _bootstrap_inner
    self.run()
    │    └ <function Thread.run at 0x729bb0754c20>
    └ <Thread(asyncio-portal-729b933b0050, started daemon 126012921280192)>
  File "/usr/local/lib/python3.13/threading.py", line 995, in run
    self._target(*self._args, **self._kwargs)
    │    │        │    │        │    └ {}
    │    │        │    │        └ <Thread(asyncio-portal-729b933b0050, started daemon 126012921280192)>
    │    │        │    └ ()
    │    │        └ <Thread(asyncio-portal-729b933b0050, started daemon 126012921280192)>
    │    └ <function start_blocking_portal.<locals>.run_blocking_portal at 0x729ba848afc0>
    └ <Thread(asyncio-portal-729b933b0050, started daemon 126012921280192)>
  File "/usr/local/lib/python3.13/site-packages/anyio/from_thread.py", line 536, in run_blocking_portal
    run_eventloop(
    └ <function run at 0x729bb0d9c900>
  File "/usr/local/lib/python3.13/site-packages/anyio/_core/_eventloop.py", line 83, in run
    return async_backend.run(func, args, {}, backend_options)
           │             │   │     │         └ {}
           │             │   │     └ ()
           │             │   └ <function start_blocking_portal.<locals>.run_portal at 0x729ba848a200>
           │             └ <classmethod(<function AsyncIOBackend.run at 0x729baf32d6c0>)>
           └ <class 'anyio._backends._asyncio.AsyncIOBackend'>
  File "/usr/local/lib/python3.13/site-packages/anyio/_backends/_asyncio.py", line 2481, in run
    return runner.run(wrapper())
           │      │   └ <function start_blocking_portal.<locals>.run_portal at 0x729ba8489120>
           │      └ <function Runner.run at 0x729baef9e340>
           └ <asyncio.runners.Runner object at 0x729bab6acaf0>
  File "/usr/local/lib/python3.13/asyncio/runners.py", line 119, in run
    return self._loop.run_until_complete(task)
           │    │     │                  └ <Task pending name='anyio.from_thread.start_blocking_portal.<locals>.run_portal' coro=<start_blocking_portal.<locals>.run_por...
           │    │     └ <function BaseEventLoop.run_until_complete at 0x729baef97e20>
           │    └ <_UnixSelectorEventLoop running=True closed=False debug=False>
           └ <asyncio.runners.Runner object at 0x729bab6acaf0>
  File "/usr/local/lib/python3.13/asyncio/base_events.py", line 712, in run_until_complete
    self.run_forever()
    │    └ <function BaseEventLoop.run_forever at 0x729baef97d80>
    └ <_UnixSelectorEventLoop running=True closed=False debug=False>
  File "/usr/local/lib/python3.13/asyncio/base_events.py", line 683, in run_forever
    self._run_once()
    │    └ <function BaseEventLoop._run_once at 0x729baef9dbc0>
    └ <_UnixSelectorEventLoop running=True closed=False debug=False>
  File "/usr/local/lib/python3.13/asyncio/base_events.py", line 2060, in _run_once
    handle._run()
    │      └ <function Handle._run at 0x729bafe47880>
    └ <Handle Task.task_wakeup()>
  File "/usr/local/lib/python3.13/asyncio/events.py", line 89, in _run
    self._context.run(self._callback, *self._args)
    │    │            │    │           │    └ <member '_args' of 'Handle' objects>
    │    │            │    │           └ <Handle Task.task_wakeup()>
    │    │            │    └ <member '_callback' of 'Handle' objects>
    │    │            └ <Handle Task.task_wakeup()>
    │    └ <member '_context' of 'Handle' objects>
    └ <Handle Task.task_wakeup()>
  File "/usr/local/lib/python3.13/site-packages/anyio/_core/_tasks.py", line 275, in _run_coro
    retval = await self._coro
                   │    └ <member '_coro' of 'TaskHandle' objects>
                   └ <TaskHandle pending name='anyio.from_thread.BlockingPortal._call_func' coro=<coroutine object BlockingPortal._call_func at 0x...
  File "/usr/local/lib/python3.13/site-packages/anyio/from_thread.py", line 263, in _call_func
    retval = await retval_or_awaitable
                   └ <coroutine object FastAPI.__call__ at 0x729ba82fa2f0>
  File "/usr/local/lib/python3.13/site-packages/fastapi/applications.py", line 1163, in __call__
    await super().__call__(scope, receive, send)
                           │      │        └ <function _TestClientTransport.handle_request.<locals>.send at 0x729b933e2c00>
                           │      └ <function _TestClientTransport.handle_request.<locals>.receive at 0x729b933e23e0>
                           └ {'type': 'http', 'http_version': '1.1', 'method': 'GET', 'path': '/api/v1/bookmarks', 'raw_path': b'/api/v1/bookmarks', 'root...
  File "/usr/local/lib/python3.13/site-packages/starlette/applications.py", line 90, in __call__
    await self.middleware_stack(scope, receive, send)
          │    │                │      │        └ <function _TestClientTransport.handle_request.<locals>.send at 0x729b933e2c00>
          │    │                │      └ <function _TestClientTransport.handle_request.<locals>.receive at 0x729b933e23e0>
          │    │                └ {'type': 'http', 'http_version': '1.1', 'method': 'GET', 'path': '/api/v1/bookmarks', 'raw_path': b'/api/v1/bookmarks', 'root...
          │    └ <starlette.middleware.errors.ServerErrorMiddleware object at 0x729bab92ef90>
          └ <fastapi.applications.FastAPI object at 0x729babd62ba0>
> File "/usr/local/lib/python3.13/site-packages/starlette/middleware/errors.py", line 164, in __call__
    await self.app(scope, receive, _send)
          │    │   │      │        └ <function ServerErrorMiddleware.__call__.<locals>._send at 0x729b933e2840>
          │    │   │      └ <function _TestClientTransport.handle_request.<locals>.receive at 0x729b933e23e0>
          │    │   └ {'type': 'http', 'http_version': '1.1', 'method': 'GET', 'path': '/api/v1/bookmarks', 'raw_path': b'/api/v1/bookmarks', 'root...
          │    └ <app.middleware.logging.LoggingAndTrackingMiddleware object at 0x729bab92ee40>
          └ <starlette.middleware.errors.ServerErrorMiddleware object at 0x729bab92ef90>
  File "/usr/local/lib/python3.13/site-packages/starlette/middleware/base.py", line 193, in __call__
    response = await self.dispatch_func(request, call_next)
                     │    │             │        └ <function BaseHTTPMiddleware.__call__.<locals>.call_next at 0x729b933e28e0>
                     │    │             └ <starlette.middleware.base._CachedRequest object at 0x729b933b10f0>
                     │    └ <bound method LoggingAndTrackingMiddleware.dispatch of <app.middleware.logging.LoggingAndTrackingMiddleware object at 0x729ba...
                     └ <app.middleware.logging.LoggingAndTrackingMiddleware object at 0x729bab92ee40>

  File "/workspace/app/middleware/logging.py", line 30, in dispatch
    raise e

  File "/workspace/app/middleware/logging.py", line 23, in dispatch
    response = await call_next(request)
                     │         └ <starlette.middleware.base._CachedRequest object at 0x729b933b10f0>
                     └ <function BaseHTTPMiddleware.__call__.<locals>.call_next at 0x729b933e28e0>

  File "/usr/local/lib/python3.13/site-packages/starlette/middleware/base.py", line 168, in call_next
    raise app_exc from app_exc.__cause__ or app_exc.__context__
          │            │       │            │       └ <attribute '__context__' of 'BaseException' objects>
          │            │       │            └ 2 validation errors for BookmarkResponse
          │            │       │              position
          │            │       │                Input should be a valid integer [type=int_type, input_value=None, input_t...
          │            │       └ <attribute '__cause__' of 'BaseException' objects>
          │            └ 2 validation errors for BookmarkResponse
          │              position
          │                Input should be a valid integer [type=int_type, input_value=None, input_t...
          └ 2 validation errors for BookmarkResponse
            position
              Input should be a valid integer [type=int_type, input_value=None, input_t...
  File "/usr/local/lib/python3.13/site-packages/starlette/middleware/base.py", line 144, in coro
    await self.app(scope, receive_or_disconnect, send_no_error)
          │    │   │      │                      └ <function BaseHTTPMiddleware.__call__.<locals>.call_next.<locals>.send_no_error at 0x729b933e2ac0>
          │    │   │      └ <function BaseHTTPMiddleware.__call__.<locals>.call_next.<locals>.receive_or_disconnect at 0x729b933e2a20>
          │    │   └ {'type': 'http', 'http_version': '1.1', 'method': 'GET', 'path': '/api/v1/bookmarks', 'raw_path': b'/api/v1/bookmarks', 'root...
          │    └ <starlette.middleware.cors.CORSMiddleware object at 0x729bab92ecf0>
          └ <app.middleware.logging.LoggingAndTrackingMiddleware object at 0x729bab92ee40>
  File "/usr/local/lib/python3.13/site-packages/starlette/middleware/cors.py", line 88, in __call__
    await self.app(scope, receive, send)
          │    │   │      │        └ <function BaseHTTPMiddleware.__call__.<locals>.call_next.<locals>.send_no_error at 0x729b933e2ac0>
          │    │   │      └ <function BaseHTTPMiddleware.__call__.<locals>.call_next.<locals>.receive_or_disconnect at 0x729b933e2a20>
          │    │   └ {'type': 'http', 'http_version': '1.1', 'method': 'GET', 'path': '/api/v1/bookmarks', 'raw_path': b'/api/v1/bookmarks', 'root...
          │    └ <starlette.middleware.exceptions.ExceptionMiddleware object at 0x729bab92eba0>
          └ <starlette.middleware.cors.CORSMiddleware object at 0x729bab92ecf0>
  File "/usr/local/lib/python3.13/site-packages/starlette/middleware/exceptions.py", line 63, in __call__
    await wrap_app_handling_exceptions(self.app, conn)(scope, receive, send)
          │                            │    │    │     │      │        └ <function BaseHTTPMiddleware.__call__.<locals>.call_next.<locals>.send_no_error at 0x729b933e2ac0>
          │                            │    │    │     │      └ <function BaseHTTPMiddleware.__call__.<locals>.call_next.<locals>.receive_or_disconnect at 0x729b933e2a20>
          │                            │    │    │     └ {'type': 'http', 'http_version': '1.1', 'method': 'GET', 'path': '/api/v1/bookmarks', 'raw_path': b'/api/v1/bookmarks', 'root...
          │                            │    │    └ <starlette.requests.Request object at 0x729ba8530550>
          │                            │    └ <fastapi.middleware.asyncexitstack.AsyncExitStackMiddleware object at 0x729bab92ea50>
          │                            └ <starlette.middleware.exceptions.ExceptionMiddleware object at 0x729bab92eba0>
          └ <function wrap_app_handling_exceptions at 0x729bae7034c0>
  File "/usr/local/lib/python3.13/site-packages/starlette/_exception_handler.py", line 53, in wrapped_app
    raise exc
  File "/usr/local/lib/python3.13/site-packages/starlette/_exception_handler.py", line 42, in wrapped_app
    await app(scope, receive, sender)
          │   │      │        └ <function wrap_app_handling_exceptions.<locals>.wrapped_app.<locals>.sender at 0x729b933e2e80>
          │   │      └ <function BaseHTTPMiddleware.__call__.<locals>.call_next.<locals>.receive_or_disconnect at 0x729b933e2a20>
          │   └ {'type': 'http', 'http_version': '1.1', 'method': 'GET', 'path': '/api/v1/bookmarks', 'raw_path': b'/api/v1/bookmarks', 'root...
          └ <fastapi.middleware.asyncexitstack.AsyncExitStackMiddleware object at 0x729bab92ea50>
  File "/usr/local/lib/python3.13/site-packages/fastapi/middleware/asyncexitstack.py", line 18, in __call__
    await self.app(scope, receive, send)
          │    │   │      │        └ <function wrap_app_handling_exceptions.<locals>.wrapped_app.<locals>.sender at 0x729b933e2e80>
          │    │   │      └ <function BaseHTTPMiddleware.__call__.<locals>.call_next.<locals>.receive_or_disconnect at 0x729b933e2a20>
          │    │   └ {'type': 'http', 'http_version': '1.1', 'method': 'GET', 'path': '/api/v1/bookmarks', 'raw_path': b'/api/v1/bookmarks', 'root...
          │    └ <fastapi.routing.APIRouter object at 0x729bab8aa8b0>
          └ <fastapi.middleware.asyncexitstack.AsyncExitStackMiddleware object at 0x729bab92ea50>
  File "/usr/local/lib/python3.13/site-packages/starlette/routing.py", line 660, in __call__
    await self.middleware_stack(scope, receive, send)
          │    │                │      │        └ <function wrap_app_handling_exceptions.<locals>.wrapped_app.<locals>.sender at 0x729b933e2e80>
          │    │                │      └ <function BaseHTTPMiddleware.__call__.<locals>.call_next.<locals>.receive_or_disconnect at 0x729b933e2a20>
          │    │                └ {'type': 'http', 'http_version': '1.1', 'method': 'GET', 'path': '/api/v1/bookmarks', 'raw_path': b'/api/v1/bookmarks', 'root...
          │    └ <bound method APIRouter.app of <fastapi.routing.APIRouter object at 0x729bab8aa8b0>>
          └ <fastapi.routing.APIRouter object at 0x729bab8aa8b0>
  File "/usr/local/lib/python3.13/site-packages/fastapi/routing.py", line 2685, in app
    await route.handle(scope, receive, send)
          │     │      │      │        └ <function wrap_app_handling_exceptions.<locals>.wrapped_app.<locals>.sender at 0x729b933e2e80>
          │     │      │      └ <function BaseHTTPMiddleware.__call__.<locals>.call_next.<locals>.receive_or_disconnect at 0x729b933e2a20>
          │     │      └ {'type': 'http', 'http_version': '1.1', 'method': 'GET', 'path': '/api/v1/bookmarks', 'raw_path': b'/api/v1/bookmarks', 'root...
          │     └ <function _IncludedRouter.handle at 0x729bae739f80>
          └ _IncludedRouter(original_router=<fastapi.routing.APIRouter object at 0x729babe8cb90>, include_context=_RouterIncludeContext(i...
  File "/usr/local/lib/python3.13/site-packages/fastapi/routing.py", line 1766, in handle
    await self.original_router.handle(scope, receive, send)
          │    │               │      │      │        └ <function wrap_app_handling_exceptions.<locals>.wrapped_app.<locals>.sender at 0x729b933e2e80>
          │    │               │      │      └ <function BaseHTTPMiddleware.__call__.<locals>.call_next.<locals>.receive_or_disconnect at 0x729b933e2a20>
          │    │               │      └ {'type': 'http', 'http_version': '1.1', 'method': 'GET', 'path': '/api/v1/bookmarks', 'raw_path': b'/api/v1/bookmarks', 'root...
          │    │               └ <function APIRouter.handle at 0x729bae73be20>
          │    └ <fastapi.routing.APIRouter object at 0x729babe8cb90>
          └ _IncludedRouter(original_router=<fastapi.routing.APIRouter object at 0x729babe8cb90>, include_context=_RouterIncludeContext(i...
  File "/usr/local/lib/python3.13/site-packages/fastapi/routing.py", line 2740, in handle
    await included_router._handle_selected(scope, receive, send)
          │               │                │      │        └ <function wrap_app_handling_exceptions.<locals>.wrapped_app.<locals>.sender at 0x729b933e2e80>
          │               │                │      └ <function BaseHTTPMiddleware.__call__.<locals>.call_next.<locals>.receive_or_disconnect at 0x729b933e2a20>
          │               │                └ {'type': 'http', 'http_version': '1.1', 'method': 'GET', 'path': '/api/v1/bookmarks', 'raw_path': b'/api/v1/bookmarks', 'root...
          │               └ <function _IncludedRouter._handle_selected at 0x729bae73a020>
          └ _IncludedRouter(original_router=<fastapi.routing.APIRouter object at 0x729babe8cb90>, include_context=_RouterIncludeContext(i...
  File "/usr/local/lib/python3.13/site-packages/fastapi/routing.py", line 1786, in _handle_selected
    await original_route.handle(scope, receive, send)
          │              │      │      │        └ <function wrap_app_handling_exceptions.<locals>.wrapped_app.<locals>.sender at 0x729b933e2e80>
          │              │      │      └ <function BaseHTTPMiddleware.__call__.<locals>.call_next.<locals>.receive_or_disconnect at 0x729b933e2a20>
          │              │      └ {'type': 'http', 'http_version': '1.1', 'method': 'GET', 'path': '/api/v1/bookmarks', 'raw_path': b'/api/v1/bookmarks', 'root...
          │              └ <function APIRoute.handle at 0x729bae738040>
          └ APIRoute(path='/bookmarks', name='get_bookmarks', methods=['GET'])
  File "/usr/local/lib/python3.13/site-packages/fastapi/routing.py", line 1265, in handle
    await app(scope, receive, send)
          │   │      │        └ <function wrap_app_handling_exceptions.<locals>.wrapped_app.<locals>.sender at 0x729b933e2e80>
          │   │      └ <function BaseHTTPMiddleware.__call__.<locals>.call_next.<locals>.receive_or_disconnect at 0x729b933e2a20>
          │   └ {'type': 'http', 'http_version': '1.1', 'method': 'GET', 'path': '/api/v1/bookmarks', 'raw_path': b'/api/v1/bookmarks', 'root...
          └ <function request_response.<locals>.app at 0x729b933e2fc0>
  File "/usr/local/lib/python3.13/site-packages/fastapi/routing.py", line 151, in app
    await wrap_app_handling_exceptions(app, request)(scope, receive, send)
          │                            │    │        │      │        └ <function wrap_app_handling_exceptions.<locals>.wrapped_app.<locals>.sender at 0x729b933e2e80>
          │                            │    │        │      └ <function BaseHTTPMiddleware.__call__.<locals>.call_next.<locals>.receive_or_disconnect at 0x729b933e2a20>
          │                            │    │        └ {'type': 'http', 'http_version': '1.1', 'method': 'GET', 'path': '/api/v1/bookmarks', 'raw_path': b'/api/v1/bookmarks', 'root...
          │                            │    └ <starlette.requests.Request object at 0x729b933f4e60>
          │                            └ <function request_response.<locals>.app.<locals>.app at 0x729b933e3060>
          └ <function wrap_app_handling_exceptions at 0x729bae7034c0>
  File "/usr/local/lib/python3.13/site-packages/starlette/_exception_handler.py", line 53, in wrapped_app
    raise exc
  File "/usr/local/lib/python3.13/site-packages/starlette/_exception_handler.py", line 42, in wrapped_app
    await app(scope, receive, sender)
          │   │      │        └ <function wrap_app_handling_exceptions.<locals>.wrapped_app.<locals>.sender at 0x729b933e3240>
          │   │      └ <function BaseHTTPMiddleware.__call__.<locals>.call_next.<locals>.receive_or_disconnect at 0x729b933e2a20>
          │   └ {'type': 'http', 'http_version': '1.1', 'method': 'GET', 'path': '/api/v1/bookmarks', 'raw_path': b'/api/v1/bookmarks', 'root...
          └ <function request_response.<locals>.app.<locals>.app at 0x729b933e3060>
  File "/usr/local/lib/python3.13/site-packages/fastapi/routing.py", line 137, in app
    response = await f(request)
                     │ └ <starlette.requests.Request object at 0x729b933f4e60>
                     └ <function get_request_handler.<locals>.app at 0x729b933e2f20>
  File "/usr/local/lib/python3.13/site-packages/fastapi/routing.py", line 691, in app
    raw_response = await run_endpoint_function(
                         └ <function run_endpoint_function at 0x729bae72f380>
  File "/usr/local/lib/python3.13/site-packages/fastapi/routing.py", line 345, in run_endpoint_function
    return await dependant.call(**values)
                 │         │      └ {'current_user': <app.database.models.User object at 0x729bab69a060>, 'db': <MagicMock spec='AsyncSession' id='12601292190060...
                 │         └ <function get_bookmarks at 0x729babbbf2e0>
                 └ Dependant(path_params=[], query_params=[ModelField(field_info=Query(None), name='folder_id', mode='validation', config=None)]...

  File "/workspace/app/api/bookmarks/router.py", line 225, in get_bookmarks
    data=[BookmarkResponse.model_validate(b) for b in bookmarks]
          │                │                          └ [<app.database.models.Bookmark object at 0x729bab6a6c10>]
          │                └ <classmethod(<function BaseModel.model_validate at 0x729baf15f880>)>
          └ <class 'app.schemas.bookmarks.BookmarkResponse'>

  File "/usr/local/lib/python3.13/site-packages/pydantic/main.py", line 732, in model_validate
    return cls.__pydantic_validator__.validate_python(
           │   │                      └ <method 'validate_python' of 'pydantic_core._pydantic_core.SchemaValidator' objects>
           │   └ SchemaValidator(title="BookmarkResponse", validator=Model(
           │         ModelValidator {
           │             revalidate: Never,
           │             validator:...
           └ <class 'app.schemas.bookmarks.BookmarkResponse'>

pydantic_core._pydantic_core.ValidationError: 2 validation errors for BookmarkResponse
position
  Input should be a valid integer [type=int_type, input_value=None, input_type=NoneType]
    For further information visit https://errors.pydantic.dev/2.13/v/int_type
user_id
  UUID input should be a string, bytes or UUID object [type=uuid_type, input_value=None, input_type=NoneType]
    For further information visit https://errors.pydantic.dev/2.13/v/uuid_type
2026-07-19 11:14:08.932 | ERROR    | app.middleware.logging:dispatch:27 - Exception during request POST /api/v1/history: 1 validation error for HistoryResponse
id
  UUID input should be a string, bytes or UUID object [type=uuid_type, input_value=None, input_type=NoneType]
    For further information visit https://errors.pydantic.dev/2.13/v/uuid_type | Latency: 0.0199s
2026-07-19 11:14:08.932 | ERROR    | app.middleware.error_handlers:general_exception_handler:52 - Unhandled system error - POST /api/v1/history - Error: 1 validation error for HistoryResponse
id
  UUID input should be a string, bytes or UUID object [type=uuid_type, input_value=None, input_type=NoneType]
    For further information visit https://errors.pydantic.dev/2.13/v/uuid_type
Traceback (most recent call last):

  File "/usr/local/lib/python3.13/threading.py", line 1015, in _bootstrap
    self._bootstrap_inner()
    │    └ <function Thread._bootstrap_inner at 0x729bb0754ea0>
    └ <Thread(asyncio-portal-729b933b2060, started daemon 126012921280192)>
  File "/usr/local/lib/python3.13/threading.py", line 1044, in _bootstrap_inner
    self.run()
    │    └ <function Thread.run at 0x729bb0754c20>
    └ <Thread(asyncio-portal-729b933b2060, started daemon 126012921280192)>
  File "/usr/local/lib/python3.13/threading.py", line 995, in run
    self._target(*self._args, **self._kwargs)
    │    │        │    │        │    └ {}
    │    │        │    │        └ <Thread(asyncio-portal-729b933b2060, started daemon 126012921280192)>
    │    │        │    └ ()
    │    │        └ <Thread(asyncio-portal-729b933b2060, started daemon 126012921280192)>
    │    └ <function start_blocking_portal.<locals>.run_blocking_portal at 0x729ba85553a0>
    └ <Thread(asyncio-portal-729b933b2060, started daemon 126012921280192)>
  File "/usr/local/lib/python3.13/site-packages/anyio/from_thread.py", line 536, in run_blocking_portal
    run_eventloop(
    └ <function run at 0x729bb0d9c900>
  File "/usr/local/lib/python3.13/site-packages/anyio/_core/_eventloop.py", line 83, in run
    return async_backend.run(func, args, {}, backend_options)
           │             │   │     │         └ {}
           │             │   │     └ ()
           │             │   └ <function start_blocking_portal.<locals>.run_portal at 0x729ba8555300>
           │             └ <classmethod(<function AsyncIOBackend.run at 0x729baf32d6c0>)>
           └ <class 'anyio._backends._asyncio.AsyncIOBackend'>
  File "/usr/local/lib/python3.13/site-packages/anyio/_backends/_asyncio.py", line 2481, in run
    return runner.run(wrapper())
           │      │   └ <function start_blocking_portal.<locals>.run_portal at 0x729b933e2d40>
           │      └ <function Runner.run at 0x729baef9e340>
           └ <asyncio.runners.Runner object at 0x729bab6cb350>
  File "/usr/local/lib/python3.13/asyncio/runners.py", line 119, in run
    return self._loop.run_until_complete(task)
           │    │     │                  └ <Task pending name='anyio.from_thread.start_blocking_portal.<locals>.run_portal' coro=<start_blocking_portal.<locals>.run_por...
           │    │     └ <function BaseEventLoop.run_until_complete at 0x729baef97e20>
           │    └ <_UnixSelectorEventLoop running=True closed=False debug=False>
           └ <asyncio.runners.Runner object at 0x729bab6cb350>
  File "/usr/local/lib/python3.13/asyncio/base_events.py", line 712, in run_until_complete
    self.run_forever()
    │    └ <function BaseEventLoop.run_forever at 0x729baef97d80>
    └ <_UnixSelectorEventLoop running=True closed=False debug=False>
  File "/usr/local/lib/python3.13/asyncio/base_events.py", line 683, in run_forever
    self._run_once()
    │    └ <function BaseEventLoop._run_once at 0x729baef9dbc0>
    └ <_UnixSelectorEventLoop running=True closed=False debug=False>
  File "/usr/local/lib/python3.13/asyncio/base_events.py", line 2060, in _run_once
    handle._run()
    │      └ <function Handle._run at 0x729bafe47880>
    └ <Handle Task.task_wakeup()>
  File "/usr/local/lib/python3.13/asyncio/events.py", line 89, in _run
    self._context.run(self._callback, *self._args)
    │    │            │    │           │    └ <member '_args' of 'Handle' objects>
    │    │            │    │           └ <Handle Task.task_wakeup()>
    │    │            │    └ <member '_callback' of 'Handle' objects>
    │    │            └ <Handle Task.task_wakeup()>
    │    └ <member '_context' of 'Handle' objects>
    └ <Handle Task.task_wakeup()>
  File "/usr/local/lib/python3.13/site-packages/anyio/_core/_tasks.py", line 275, in _run_coro
    retval = await self._coro
                   │    └ <member '_coro' of 'TaskHandle' objects>
                   └ <TaskHandle pending name='anyio.from_thread.BlockingPortal._call_func' coro=<coroutine object BlockingPortal._call_func at 0x...
  File "/usr/local/lib/python3.13/site-packages/anyio/from_thread.py", line 263, in _call_func
    retval = await retval_or_awaitable
                   └ <coroutine object FastAPI.__call__ at 0x729ba82faf20>
  File "/usr/local/lib/python3.13/site-packages/fastapi/applications.py", line 1163, in __call__
    await super().__call__(scope, receive, send)
                           │      │        └ <function _TestClientTransport.handle_request.<locals>.send at 0x729bab6ff240>
                           │      └ <function _TestClientTransport.handle_request.<locals>.receive at 0x729bab6ffba0>
                           └ {'type': 'http', 'http_version': '1.1', 'method': 'POST', 'path': '/api/v1/history', 'raw_path': b'/api/v1/history', 'root_pa...
  File "/usr/local/lib/python3.13/site-packages/starlette/applications.py", line 90, in __call__
    await self.middleware_stack(scope, receive, send)
          │    │                │      │        └ <function _TestClientTransport.handle_request.<locals>.send at 0x729bab6ff240>
          │    │                │      └ <function _TestClientTransport.handle_request.<locals>.receive at 0x729bab6ffba0>
          │    │                └ {'type': 'http', 'http_version': '1.1', 'method': 'POST', 'path': '/api/v1/history', 'raw_path': b'/api/v1/history', 'root_pa...
          │    └ <starlette.middleware.errors.ServerErrorMiddleware object at 0x729bab92ef90>
          └ <fastapi.applications.FastAPI object at 0x729babd62ba0>
> File "/usr/local/lib/python3.13/site-packages/starlette/middleware/errors.py", line 164, in __call__
    await self.app(scope, receive, _send)
          │    │   │      │        └ <function ServerErrorMiddleware.__call__.<locals>._send at 0x729b9333cfe0>
          │    │   │      └ <function _TestClientTransport.handle_request.<locals>.receive at 0x729bab6ffba0>
          │    │   └ {'type': 'http', 'http_version': '1.1', 'method': 'POST', 'path': '/api/v1/history', 'raw_path': b'/api/v1/history', 'root_pa...
          │    └ <app.middleware.logging.LoggingAndTrackingMiddleware object at 0x729bab92ee40>
          └ <starlette.middleware.errors.ServerErrorMiddleware object at 0x729bab92ef90>
  File "/usr/local/lib/python3.13/site-packages/starlette/middleware/base.py", line 193, in __call__
    response = await self.dispatch_func(request, call_next)
                     │    │             │        └ <function BaseHTTPMiddleware.__call__.<locals>.call_next at 0x729b9333d1c0>
                     │    │             └ <starlette.middleware.base._CachedRequest object at 0x729b933b3360>
                     │    └ <bound method LoggingAndTrackingMiddleware.dispatch of <app.middleware.logging.LoggingAndTrackingMiddleware object at 0x729ba...
                     └ <app.middleware.logging.LoggingAndTrackingMiddleware object at 0x729bab92ee40>

  File "/workspace/app/middleware/logging.py", line 30, in dispatch
    raise e

  File "/workspace/app/middleware/logging.py", line 23, in dispatch
    response = await call_next(request)
                     │         └ <starlette.middleware.base._CachedRequest object at 0x729b933b3360>
                     └ <function BaseHTTPMiddleware.__call__.<locals>.call_next at 0x729b9333d1c0>

  File "/usr/local/lib/python3.13/site-packages/starlette/middleware/base.py", line 168, in call_next
    raise app_exc from app_exc.__cause__ or app_exc.__context__
          │            │       │            │       └ <attribute '__context__' of 'BaseException' objects>
          │            │       │            └ 1 validation error for HistoryResponse
          │            │       │              id
          │            │       │                UUID input should be a string, bytes or UUID object [type=uuid_type, input_value=...
          │            │       └ <attribute '__cause__' of 'BaseException' objects>
          │            └ 1 validation error for HistoryResponse
          │              id
          │                UUID input should be a string, bytes or UUID object [type=uuid_type, input_value=...
          └ 1 validation error for HistoryResponse
            id
              UUID input should be a string, bytes or UUID object [type=uuid_type, input_value=...
  File "/usr/local/lib/python3.13/site-packages/starlette/middleware/base.py", line 144, in coro
    await self.app(scope, receive_or_disconnect, send_no_error)
          │    │   │      │                      └ <function BaseHTTPMiddleware.__call__.<locals>.call_next.<locals>.send_no_error at 0x729b9333c540>
          │    │   │      └ <function BaseHTTPMiddleware.__call__.<locals>.call_next.<locals>.receive_or_disconnect at 0x729b9333c180>
          │    │   └ {'type': 'http', 'http_version': '1.1', 'method': 'POST', 'path': '/api/v1/history', 'raw_path': b'/api/v1/history', 'root_pa...
          │    └ <starlette.middleware.cors.CORSMiddleware object at 0x729bab92ecf0>
          └ <app.middleware.logging.LoggingAndTrackingMiddleware object at 0x729bab92ee40>
  File "/usr/local/lib/python3.13/site-packages/starlette/middleware/cors.py", line 88, in __call__
    await self.app(scope, receive, send)
          │    │   │      │        └ <function BaseHTTPMiddleware.__call__.<locals>.call_next.<locals>.send_no_error at 0x729b9333c540>
          │    │   │      └ <function BaseHTTPMiddleware.__call__.<locals>.call_next.<locals>.receive_or_disconnect at 0x729b9333c180>
          │    │   └ {'type': 'http', 'http_version': '1.1', 'method': 'POST', 'path': '/api/v1/history', 'raw_path': b'/api/v1/history', 'root_pa...
          │    └ <starlette.middleware.exceptions.ExceptionMiddleware object at 0x729bab92eba0>
          └ <starlette.middleware.cors.CORSMiddleware object at 0x729bab92ecf0>
  File "/usr/local/lib/python3.13/site-packages/starlette/middleware/exceptions.py", line 63, in __call__
    await wrap_app_handling_exceptions(self.app, conn)(scope, receive, send)
          │                            │    │    │     │      │        └ <function BaseHTTPMiddleware.__call__.<locals>.call_next.<locals>.send_no_error at 0x729b9333c540>
          │                            │    │    │     │      └ <function BaseHTTPMiddleware.__call__.<locals>.call_next.<locals>.receive_or_disconnect at 0x729b9333c180>
          │                            │    │    │     └ {'type': 'http', 'http_version': '1.1', 'method': 'POST', 'path': '/api/v1/history', 'raw_path': b'/api/v1/history', 'root_pa...
          │                            │    │    └ <starlette.requests.Request object at 0x729b933612b0>
          │                            │    └ <fastapi.middleware.asyncexitstack.AsyncExitStackMiddleware object at 0x729bab92ea50>
          │                            └ <starlette.middleware.exceptions.ExceptionMiddleware object at 0x729bab92eba0>
          └ <function wrap_app_handling_exceptions at 0x729bae7034c0>
  File "/usr/local/lib/python3.13/site-packages/starlette/_exception_handler.py", line 53, in wrapped_app
    raise exc
  File "/usr/local/lib/python3.13/site-packages/starlette/_exception_handler.py", line 42, in wrapped_app
    await app(scope, receive, sender)
          │   │      │        └ <function wrap_app_handling_exceptions.<locals>.wrapped_app.<locals>.sender at 0x729b9333c0e0>
          │   │      └ <function BaseHTTPMiddleware.__call__.<locals>.call_next.<locals>.receive_or_disconnect at 0x729b9333c180>
          │   └ {'type': 'http', 'http_version': '1.1', 'method': 'POST', 'path': '/api/v1/history', 'raw_path': b'/api/v1/history', 'root_pa...
          └ <fastapi.middleware.asyncexitstack.AsyncExitStackMiddleware object at 0x729bab92ea50>
  File "/usr/local/lib/python3.13/site-packages/fastapi/middleware/asyncexitstack.py", line 18, in __call__
    await self.app(scope, receive, send)
          │    │   │      │        └ <function wrap_app_handling_exceptions.<locals>.wrapped_app.<locals>.sender at 0x729b9333c0e0>
          │    │   │      └ <function BaseHTTPMiddleware.__call__.<locals>.call_next.<locals>.receive_or_disconnect at 0x729b9333c180>
          │    │   └ {'type': 'http', 'http_version': '1.1', 'method': 'POST', 'path': '/api/v1/history', 'raw_path': b'/api/v1/history', 'root_pa...
          │    └ <fastapi.routing.APIRouter object at 0x729bab8aa8b0>
          └ <fastapi.middleware.asyncexitstack.AsyncExitStackMiddleware object at 0x729bab92ea50>
  File "/usr/local/lib/python3.13/site-packages/starlette/routing.py", line 660, in __call__
    await self.middleware_stack(scope, receive, send)
          │    │                │      │        └ <function wrap_app_handling_exceptions.<locals>.wrapped_app.<locals>.sender at 0x729b9333c0e0>
          │    │                │      └ <function BaseHTTPMiddleware.__call__.<locals>.call_next.<locals>.receive_or_disconnect at 0x729b9333c180>
          │    │                └ {'type': 'http', 'http_version': '1.1', 'method': 'POST', 'path': '/api/v1/history', 'raw_path': b'/api/v1/history', 'root_pa...
          │    └ <bound method APIRouter.app of <fastapi.routing.APIRouter object at 0x729bab8aa8b0>>
          └ <fastapi.routing.APIRouter object at 0x729bab8aa8b0>
  File "/usr/local/lib/python3.13/site-packages/fastapi/routing.py", line 2685, in app
    await route.handle(scope, receive, send)
          │     │      │      │        └ <function wrap_app_handling_exceptions.<locals>.wrapped_app.<locals>.sender at 0x729b9333c0e0>
          │     │      │      └ <function BaseHTTPMiddleware.__call__.<locals>.call_next.<locals>.receive_or_disconnect at 0x729b9333c180>
          │     │      └ {'type': 'http', 'http_version': '1.1', 'method': 'POST', 'path': '/api/v1/history', 'raw_path': b'/api/v1/history', 'root_pa...
          │     └ <function _IncludedRouter.handle at 0x729bae739f80>
          └ _IncludedRouter(original_router=<fastapi.routing.APIRouter object at 0x729babbb4e10>, include_context=_RouterIncludeContext(i...
  File "/usr/local/lib/python3.13/site-packages/fastapi/routing.py", line 1766, in handle
    await self.original_router.handle(scope, receive, send)
          │    │               │      │      │        └ <function wrap_app_handling_exceptions.<locals>.wrapped_app.<locals>.sender at 0x729b9333c0e0>
          │    │               │      │      └ <function BaseHTTPMiddleware.__call__.<locals>.call_next.<locals>.receive_or_disconnect at 0x729b9333c180>
          │    │               │      └ {'type': 'http', 'http_version': '1.1', 'method': 'POST', 'path': '/api/v1/history', 'raw_path': b'/api/v1/history', 'root_pa...
          │    │               └ <function APIRouter.handle at 0x729bae73be20>
          │    └ <fastapi.routing.APIRouter object at 0x729babbb4e10>
          └ _IncludedRouter(original_router=<fastapi.routing.APIRouter object at 0x729babbb4e10>, include_context=_RouterIncludeContext(i...
  File "/usr/local/lib/python3.13/site-packages/fastapi/routing.py", line 2740, in handle
    await included_router._handle_selected(scope, receive, send)
          │               │                │      │        └ <function wrap_app_handling_exceptions.<locals>.wrapped_app.<locals>.sender at 0x729b9333c0e0>
          │               │                │      └ <function BaseHTTPMiddleware.__call__.<locals>.call_next.<locals>.receive_or_disconnect at 0x729b9333c180>
          │               │                └ {'type': 'http', 'http_version': '1.1', 'method': 'POST', 'path': '/api/v1/history', 'raw_path': b'/api/v1/history', 'root_pa...
          │               └ <function _IncludedRouter._handle_selected at 0x729bae73a020>
          └ _IncludedRouter(original_router=<fastapi.routing.APIRouter object at 0x729babbb4e10>, include_context=_RouterIncludeContext(i...
  File "/usr/local/lib/python3.13/site-packages/fastapi/routing.py", line 1786, in _handle_selected
    await original_route.handle(scope, receive, send)
          │              │      │      │        └ <function wrap_app_handling_exceptions.<locals>.wrapped_app.<locals>.sender at 0x729b9333c0e0>
          │              │      │      └ <function BaseHTTPMiddleware.__call__.<locals>.call_next.<locals>.receive_or_disconnect at 0x729b9333c180>
          │              │      └ {'type': 'http', 'http_version': '1.1', 'method': 'POST', 'path': '/api/v1/history', 'raw_path': b'/api/v1/history', 'root_pa...
          │              └ <function APIRoute.handle at 0x729bae738040>
          └ APIRoute(path='/history', name='record_visit', methods=['POST'])
  File "/usr/local/lib/python3.13/site-packages/fastapi/routing.py", line 1265, in handle
    await app(scope, receive, send)
          │   │      │        └ <function wrap_app_handling_exceptions.<locals>.wrapped_app.<locals>.sender at 0x729b9333c0e0>
          │   │      └ <function BaseHTTPMiddleware.__call__.<locals>.call_next.<locals>.receive_or_disconnect at 0x729b9333c180>
          │   └ {'type': 'http', 'http_version': '1.1', 'method': 'POST', 'path': '/api/v1/history', 'raw_path': b'/api/v1/history', 'root_pa...
          └ <function request_response.<locals>.app at 0x729b933e3e20>
  File "/usr/local/lib/python3.13/site-packages/fastapi/routing.py", line 151, in app
    await wrap_app_handling_exceptions(app, request)(scope, receive, send)
          │                            │    │        │      │        └ <function wrap_app_handling_exceptions.<locals>.wrapped_app.<locals>.sender at 0x729b9333c0e0>
          │                            │    │        │      └ <function BaseHTTPMiddleware.__call__.<locals>.call_next.<locals>.receive_or_disconnect at 0x729b9333c180>
          │                            │    │        └ {'type': 'http', 'http_version': '1.1', 'method': 'POST', 'path': '/api/v1/history', 'raw_path': b'/api/v1/history', 'root_pa...
          │                            │    └ <starlette.requests.Request object at 0x729b93362a50>
          │                            └ <function request_response.<locals>.app.<locals>.app at 0x729b9333c400>
          └ <function wrap_app_handling_exceptions at 0x729bae7034c0>
  File "/usr/local/lib/python3.13/site-packages/starlette/_exception_handler.py", line 53, in wrapped_app
    raise exc
  File "/usr/local/lib/python3.13/site-packages/starlette/_exception_handler.py", line 42, in wrapped_app
    await app(scope, receive, sender)
          │   │      │        └ <function wrap_app_handling_exceptions.<locals>.wrapped_app.<locals>.sender at 0x729b9333c360>
          │   │      └ <function BaseHTTPMiddleware.__call__.<locals>.call_next.<locals>.receive_or_disconnect at 0x729b9333c180>
          │   └ {'type': 'http', 'http_version': '1.1', 'method': 'POST', 'path': '/api/v1/history', 'raw_path': b'/api/v1/history', 'root_pa...
          └ <function request_response.<locals>.app.<locals>.app at 0x729b9333c400>
  File "/usr/local/lib/python3.13/site-packages/fastapi/routing.py", line 137, in app
    response = await f(request)
                     │ └ <starlette.requests.Request object at 0x729b93362a50>
                     └ <function get_request_handler.<locals>.app at 0x729b933e3d80>
  File "/usr/local/lib/python3.13/site-packages/fastapi/routing.py", line 691, in app
    raw_response = await run_endpoint_function(
                         └ <function run_endpoint_function at 0x729bae72f380>
  File "/usr/local/lib/python3.13/site-packages/fastapi/routing.py", line 345, in run_endpoint_function
    return await dependant.call(**values)
                 │         │      └ {'current_user': <app.database.models.User object at 0x729b933b0510>, 'db': <MagicMock spec='AsyncSession' id='12601251575460...
                 │         └ <function record_visit at 0x729babc20360>
                 └ Dependant(path_params=[], query_params=[], header_params=[], cookie_params=[], body_params=[ModelField(field_info=Body(Pydant...

  File "/workspace/app/api/history/router.py", line 78, in record_visit
    data=HistoryResponse.model_validate(new_entry)
         │               │              └ <app.database.models.History object at 0x729b933d2f90>
         │               └ <classmethod(<function BaseModel.model_validate at 0x729baf15f880>)>
         └ <class 'app.schemas.history.HistoryResponse'>

  File "/usr/local/lib/python3.13/site-packages/pydantic/main.py", line 732, in model_validate
    return cls.__pydantic_validator__.validate_python(
           │   │                      └ <method 'validate_python' of 'pydantic_core._pydantic_core.SchemaValidator' objects>
           │   └ SchemaValidator(title="HistoryResponse", validator=Model(
           │         ModelValidator {
           │             revalidate: Never,
           │             validator: ...
           └ <class 'app.schemas.history.HistoryResponse'>

pydantic_core._pydantic_core.ValidationError: 1 validation error for HistoryResponse
id
  UUID input should be a string, bytes or UUID object [type=uuid_type, input_value=None, input_type=NoneType]
    For further information visit https://errors.pydantic.dev/2.13/v/uuid_type
2026-07-19 11:14:09.606 | CRITICAL | main:lifespan:46 - Failed to ping Redis broker: Event loop is closed
2026-07-19 11:14:09.878 | ERROR    | app.middleware.logging:dispatch:27 - Exception during request GET /api/v1/settings: 5 validation errors for SettingResponse
language
  Input should be a valid string [type=string_type, input_value=None, input_type=NoneType]
    For further information visit https://errors.pydantic.dev/2.13/v/string_type
font_size
  Input should be a valid integer [type=int_type, input_value=None, input_type=NoneType]
    For further information visit https://errors.pydantic.dev/2.13/v/int_type
privacy_tracking_protection
  Input should be a valid boolean [type=bool_type, input_value=None, input_type=NoneType]
    For further information visit https://errors.pydantic.dev/2.13/v/bool_type
ai_provider
  Input should be a valid string [type=string_type, input_value=None, input_type=NoneType]
    For further information visit https://errors.pydantic.dev/2.13/v/string_type
ai_model
  Input should be a valid string [type=string_type, input_value=None, input_type=NoneType]
    For further information visit https://errors.pydantic.dev/2.13/v/string_type | Latency: 0.0195s
2026-07-19 11:14:09.879 | ERROR    | app.middleware.error_handlers:general_exception_handler:52 - Unhandled system error - GET /api/v1/settings - Error: 5 validation errors for SettingResponse
language
  Input should be a valid string [type=string_type, input_value=None, input_type=NoneType]
    For further information visit https://errors.pydantic.dev/2.13/v/string_type
font_size
  Input should be a valid integer [type=int_type, input_value=None, input_type=NoneType]
    For further information visit https://errors.pydantic.dev/2.13/v/int_type
privacy_tracking_protection
  Input should be a valid boolean [type=bool_type, input_value=None, input_type=NoneType]
    For further information visit https://errors.pydantic.dev/2.13/v/bool_type
ai_provider
  Input should be a valid string [type=string_type, input_value=None, input_type=NoneType]
    For further information visit https://errors.pydantic.dev/2.13/v/string_type
ai_model
  Input should be a valid string [type=string_type, input_value=None, input_type=NoneType]
    For further information visit https://errors.pydantic.dev/2.13/v/string_type
Traceback (most recent call last):

  File "/usr/local/lib/python3.13/threading.py", line 1015, in _bootstrap
    self._bootstrap_inner()
    │    └ <function Thread._bootstrap_inner at 0x729bb0754ea0>
    └ <Thread(asyncio-portal-729ba84f0af0, started daemon 126012921280192)>
  File "/usr/local/lib/python3.13/threading.py", line 1044, in _bootstrap_inner
    self.run()
    │    └ <function Thread.run at 0x729bb0754c20>
    └ <Thread(asyncio-portal-729ba84f0af0, started daemon 126012921280192)>
  File "/usr/local/lib/python3.13/threading.py", line 995, in run
    self._target(*self._args, **self._kwargs)
    │    │        │    │        │    └ {}
    │    │        │    │        └ <Thread(asyncio-portal-729ba84f0af0, started daemon 126012921280192)>
    │    │        │    └ ()
    │    │        └ <Thread(asyncio-portal-729ba84f0af0, started daemon 126012921280192)>
    │    └ <function start_blocking_portal.<locals>.run_blocking_portal at 0x729b933e3c40>
    └ <Thread(asyncio-portal-729ba84f0af0, started daemon 126012921280192)>
  File "/usr/local/lib/python3.13/site-packages/anyio/from_thread.py", line 536, in run_blocking_portal
    run_eventloop(
    └ <function run at 0x729bb0d9c900>
  File "/usr/local/lib/python3.13/site-packages/anyio/_core/_eventloop.py", line 83, in run
    return async_backend.run(func, args, {}, backend_options)
           │             │   │     │         └ {}
           │             │   │     └ ()
           │             │   └ <function start_blocking_portal.<locals>.run_portal at 0x729ba8554900>
           │             └ <classmethod(<function AsyncIOBackend.run at 0x729baf32d6c0>)>
           └ <class 'anyio._backends._asyncio.AsyncIOBackend'>
  File "/usr/local/lib/python3.13/site-packages/anyio/_backends/_asyncio.py", line 2481, in run
    return runner.run(wrapper())
           │      │   └ <function start_blocking_portal.<locals>.run_portal at 0x729b9333e5c0>
           │      └ <function Runner.run at 0x729baef9e340>
           └ <asyncio.runners.Runner object at 0x729b93310130>
  File "/usr/local/lib/python3.13/asyncio/runners.py", line 119, in run
    return self._loop.run_until_complete(task)
           │    │     │                  └ <Task pending name='anyio.from_thread.start_blocking_portal.<locals>.run_portal' coro=<start_blocking_portal.<locals>.run_por...
           │    │     └ <function BaseEventLoop.run_until_complete at 0x729baef97e20>
           │    └ <_UnixSelectorEventLoop running=True closed=False debug=False>
           └ <asyncio.runners.Runner object at 0x729b93310130>
  File "/usr/local/lib/python3.13/asyncio/base_events.py", line 712, in run_until_complete
    self.run_forever()
    │    └ <function BaseEventLoop.run_forever at 0x729baef97d80>
    └ <_UnixSelectorEventLoop running=True closed=False debug=False>
  File "/usr/local/lib/python3.13/asyncio/base_events.py", line 683, in run_forever
    self._run_once()
    │    └ <function BaseEventLoop._run_once at 0x729baef9dbc0>
    └ <_UnixSelectorEventLoop running=True closed=False debug=False>
  File "/usr/local/lib/python3.13/asyncio/base_events.py", line 2060, in _run_once
    handle._run()
    │      └ <function Handle._run at 0x729bafe47880>
    └ <Handle Task.task_wakeup()>
  File "/usr/local/lib/python3.13/asyncio/events.py", line 89, in _run
    self._context.run(self._callback, *self._args)
    │    │            │    │           │    └ <member '_args' of 'Handle' objects>
    │    │            │    │           └ <Handle Task.task_wakeup()>
    │    │            │    └ <member '_callback' of 'Handle' objects>
    │    │            └ <Handle Task.task_wakeup()>
    │    └ <member '_context' of 'Handle' objects>
    └ <Handle Task.task_wakeup()>
  File "/usr/local/lib/python3.13/site-packages/anyio/_core/_tasks.py", line 275, in _run_coro
    retval = await self._coro
                   │    └ <member '_coro' of 'TaskHandle' objects>
                   └ <TaskHandle pending name='anyio.from_thread.BlockingPortal._call_func' coro=<coroutine object BlockingPortal._call_func at 0x...
  File "/usr/local/lib/python3.13/site-packages/anyio/from_thread.py", line 263, in _call_func
    retval = await retval_or_awaitable
                   └ <coroutine object FastAPI.__call__ at 0x729b933f64d0>
  File "/usr/local/lib/python3.13/site-packages/fastapi/applications.py", line 1163, in __call__
    await super().__call__(scope, receive, send)
                           │      │        └ <function _TestClientTransport.handle_request.<locals>.send at 0x729ba85542c0>
                           │      └ <function _TestClientTransport.handle_request.<locals>.receive at 0x729bab6feb60>
                           └ {'type': 'http', 'http_version': '1.1', 'method': 'GET', 'path': '/api/v1/settings', 'raw_path': b'/api/v1/settings', 'root_p...
  File "/usr/local/lib/python3.13/site-packages/starlette/applications.py", line 90, in __call__
    await self.middleware_stack(scope, receive, send)
          │    │                │      │        └ <function _TestClientTransport.handle_request.<locals>.send at 0x729ba85542c0>
          │    │                │      └ <function _TestClientTransport.handle_request.<locals>.receive at 0x729bab6feb60>
          │    │                └ {'type': 'http', 'http_version': '1.1', 'method': 'GET', 'path': '/api/v1/settings', 'raw_path': b'/api/v1/settings', 'root_p...
          │    └ <starlette.middleware.errors.ServerErrorMiddleware object at 0x729bab92ef90>
          └ <fastapi.applications.FastAPI object at 0x729babd62ba0>
> File "/usr/local/lib/python3.13/site-packages/starlette/middleware/errors.py", line 164, in __call__
    await self.app(scope, receive, _send)
          │    │   │      │        └ <function ServerErrorMiddleware.__call__.<locals>._send at 0x729b9333e340>
          │    │   │      └ <function _TestClientTransport.handle_request.<locals>.receive at 0x729bab6feb60>
          │    │   └ {'type': 'http', 'http_version': '1.1', 'method': 'GET', 'path': '/api/v1/settings', 'raw_path': b'/api/v1/settings', 'root_p...
          │    └ <app.middleware.logging.LoggingAndTrackingMiddleware object at 0x729bab92ee40>
          └ <starlette.middleware.errors.ServerErrorMiddleware object at 0x729bab92ef90>
  File "/usr/local/lib/python3.13/site-packages/starlette/middleware/base.py", line 193, in __call__
    response = await self.dispatch_func(request, call_next)
                     │    │             │        └ <function BaseHTTPMiddleware.__call__.<locals>.call_next at 0x729b9333ca40>
                     │    │             └ <starlette.middleware.base._CachedRequest object at 0x729b9339ce20>
                     │    └ <bound method LoggingAndTrackingMiddleware.dispatch of <app.middleware.logging.LoggingAndTrackingMiddleware object at 0x729ba...
                     └ <app.middleware.logging.LoggingAndTrackingMiddleware object at 0x729bab92ee40>

  File "/workspace/app/middleware/logging.py", line 30, in dispatch
    raise e

  File "/workspace/app/middleware/logging.py", line 23, in dispatch
    response = await call_next(request)
                     │         └ <starlette.middleware.base._CachedRequest object at 0x729b9339ce20>
                     └ <function BaseHTTPMiddleware.__call__.<locals>.call_next at 0x729b9333ca40>

  File "/usr/local/lib/python3.13/site-packages/starlette/middleware/base.py", line 168, in call_next
    raise app_exc from app_exc.__cause__ or app_exc.__context__
          │            │       │            │       └ <attribute '__context__' of 'BaseException' objects>
          │            │       │            └ 5 validation errors for SettingResponse
          │            │       │              language
          │            │       │                Input should be a valid string [type=string_type, input_value=None, input_...
          │            │       └ <attribute '__cause__' of 'BaseException' objects>
          │            └ 5 validation errors for SettingResponse
          │              language
          │                Input should be a valid string [type=string_type, input_value=None, input_...
          └ 5 validation errors for SettingResponse
            language
              Input should be a valid string [type=string_type, input_value=None, input_...
  File "/usr/local/lib/python3.13/site-packages/starlette/middleware/base.py", line 144, in coro
    await self.app(scope, receive_or_disconnect, send_no_error)
          │    │   │      │                      └ <function BaseHTTPMiddleware.__call__.<locals>.call_next.<locals>.send_no_error at 0x729b9333da80>
          │    │   │      └ <function BaseHTTPMiddleware.__call__.<locals>.call_next.<locals>.receive_or_disconnect at 0x729b9333d940>
          │    │   └ {'type': 'http', 'http_version': '1.1', 'method': 'GET', 'path': '/api/v1/settings', 'raw_path': b'/api/v1/settings', 'root_p...
          │    └ <starlette.middleware.cors.CORSMiddleware object at 0x729bab92ecf0>
          └ <app.middleware.logging.LoggingAndTrackingMiddleware object at 0x729bab92ee40>
  File "/usr/local/lib/python3.13/site-packages/starlette/middleware/cors.py", line 88, in __call__
    await self.app(scope, receive, send)
          │    │   │      │        └ <function BaseHTTPMiddleware.__call__.<locals>.call_next.<locals>.send_no_error at 0x729b9333da80>
          │    │   │      └ <function BaseHTTPMiddleware.__call__.<locals>.call_next.<locals>.receive_or_disconnect at 0x729b9333d940>
          │    │   └ {'type': 'http', 'http_version': '1.1', 'method': 'GET', 'path': '/api/v1/settings', 'raw_path': b'/api/v1/settings', 'root_p...
          │    └ <starlette.middleware.exceptions.ExceptionMiddleware object at 0x729bab92eba0>
          └ <starlette.middleware.cors.CORSMiddleware object at 0x729bab92ecf0>
  File "/usr/local/lib/python3.13/site-packages/starlette/middleware/exceptions.py", line 63, in __call__
    await wrap_app_handling_exceptions(self.app, conn)(scope, receive, send)
          │                            │    │    │     │      │        └ <function BaseHTTPMiddleware.__call__.<locals>.call_next.<locals>.send_no_error at 0x729b9333da80>
          │                            │    │    │     │      └ <function BaseHTTPMiddleware.__call__.<locals>.call_next.<locals>.receive_or_disconnect at 0x729b9333d940>
          │                            │    │    │     └ {'type': 'http', 'http_version': '1.1', 'method': 'GET', 'path': '/api/v1/settings', 'raw_path': b'/api/v1/settings', 'root_p...
          │                            │    │    └ <starlette.requests.Request object at 0x729bab78fee0>
          │                            │    └ <fastapi.middleware.asyncexitstack.AsyncExitStackMiddleware object at 0x729bab92ea50>
          │                            └ <starlette.middleware.exceptions.ExceptionMiddleware object at 0x729bab92eba0>
          └ <function wrap_app_handling_exceptions at 0x729bae7034c0>
  File "/usr/local/lib/python3.13/site-packages/starlette/_exception_handler.py", line 53, in wrapped_app
    raise exc
  File "/usr/local/lib/python3.13/site-packages/starlette/_exception_handler.py", line 42, in wrapped_app
    await app(scope, receive, sender)
          │   │      │        └ <function wrap_app_handling_exceptions.<locals>.wrapped_app.<locals>.sender at 0x729b9333df80>
          │   │      └ <function BaseHTTPMiddleware.__call__.<locals>.call_next.<locals>.receive_or_disconnect at 0x729b9333d940>
          │   └ {'type': 'http', 'http_version': '1.1', 'method': 'GET', 'path': '/api/v1/settings', 'raw_path': b'/api/v1/settings', 'root_p...
          └ <fastapi.middleware.asyncexitstack.AsyncExitStackMiddleware object at 0x729bab92ea50>
  File "/usr/local/lib/python3.13/site-packages/fastapi/middleware/asyncexitstack.py", line 18, in __call__
    await self.app(scope, receive, send)
          │    │   │      │        └ <function wrap_app_handling_exceptions.<locals>.wrapped_app.<locals>.sender at 0x729b9333df80>
          │    │   │      └ <function BaseHTTPMiddleware.__call__.<locals>.call_next.<locals>.receive_or_disconnect at 0x729b9333d940>
          │    │   └ {'type': 'http', 'http_version': '1.1', 'method': 'GET', 'path': '/api/v1/settings', 'raw_path': b'/api/v1/settings', 'root_p...
          │    └ <fastapi.routing.APIRouter object at 0x729bab8aa8b0>
          └ <fastapi.middleware.asyncexitstack.AsyncExitStackMiddleware object at 0x729bab92ea50>
  File "/usr/local/lib/python3.13/site-packages/starlette/routing.py", line 660, in __call__
    await self.middleware_stack(scope, receive, send)
          │    │                │      │        └ <function wrap_app_handling_exceptions.<locals>.wrapped_app.<locals>.sender at 0x729b9333df80>
          │    │                │      └ <function BaseHTTPMiddleware.__call__.<locals>.call_next.<locals>.receive_or_disconnect at 0x729b9333d940>
          │    │                └ {'type': 'http', 'http_version': '1.1', 'method': 'GET', 'path': '/api/v1/settings', 'raw_path': b'/api/v1/settings', 'root_p...
          │    └ <bound method APIRouter.app of <fastapi.routing.APIRouter object at 0x729bab8aa8b0>>
          └ <fastapi.routing.APIRouter object at 0x729bab8aa8b0>
  File "/usr/local/lib/python3.13/site-packages/fastapi/routing.py", line 2685, in app
    await route.handle(scope, receive, send)
          │     │      │      │        └ <function wrap_app_handling_exceptions.<locals>.wrapped_app.<locals>.sender at 0x729b9333df80>
          │     │      │      └ <function BaseHTTPMiddleware.__call__.<locals>.call_next.<locals>.receive_or_disconnect at 0x729b9333d940>
          │     │      └ {'type': 'http', 'http_version': '1.1', 'method': 'GET', 'path': '/api/v1/settings', 'raw_path': b'/api/v1/settings', 'root_p...
          │     └ <function _IncludedRouter.handle at 0x729bae739f80>
          └ _IncludedRouter(original_router=<fastapi.routing.APIRouter object at 0x729babc4fbb0>, include_context=_RouterIncludeContext(i...
  File "/usr/local/lib/python3.13/site-packages/fastapi/routing.py", line 1766, in handle
    await self.original_router.handle(scope, receive, send)
          │    │               │      │      │        └ <function wrap_app_handling_exceptions.<locals>.wrapped_app.<locals>.sender at 0x729b9333df80>
          │    │               │      │      └ <function BaseHTTPMiddleware.__call__.<locals>.call_next.<locals>.receive_or_disconnect at 0x729b9333d940>
          │    │               │      └ {'type': 'http', 'http_version': '1.1', 'method': 'GET', 'path': '/api/v1/settings', 'raw_path': b'/api/v1/settings', 'root_p...
          │    │               └ <function APIRouter.handle at 0x729bae73be20>
          │    └ <fastapi.routing.APIRouter object at 0x729babc4fbb0>
          └ _IncludedRouter(original_router=<fastapi.routing.APIRouter object at 0x729babc4fbb0>, include_context=_RouterIncludeContext(i...
  File "/usr/local/lib/python3.13/site-packages/fastapi/routing.py", line 2740, in handle
    await included_router._handle_selected(scope, receive, send)
          │               │                │      │        └ <function wrap_app_handling_exceptions.<locals>.wrapped_app.<locals>.sender at 0x729b9333df80>
          │               │                │      └ <function BaseHTTPMiddleware.__call__.<locals>.call_next.<locals>.receive_or_disconnect at 0x729b9333d940>
          │               │                └ {'type': 'http', 'http_version': '1.1', 'method': 'GET', 'path': '/api/v1/settings', 'raw_path': b'/api/v1/settings', 'root_p...
          │               └ <function _IncludedRouter._handle_selected at 0x729bae73a020>
          └ _IncludedRouter(original_router=<fastapi.routing.APIRouter object at 0x729babc4fbb0>, include_context=_RouterIncludeContext(i...
  File "/usr/local/lib/python3.13/site-packages/fastapi/routing.py", line 1786, in _handle_selected
    await original_route.handle(scope, receive, send)
          │              │      │      │        └ <function wrap_app_handling_exceptions.<locals>.wrapped_app.<locals>.sender at 0x729b9333df80>
          │              │      │      └ <function BaseHTTPMiddleware.__call__.<locals>.call_next.<locals>.receive_or_disconnect at 0x729b9333d940>
          │              │      └ {'type': 'http', 'http_version': '1.1', 'method': 'GET', 'path': '/api/v1/settings', 'raw_path': b'/api/v1/settings', 'root_p...
          │              └ <function APIRoute.handle at 0x729bae738040>
          └ APIRoute(path='/settings', name='get_user_settings', methods=['GET'])
  File "/usr/local/lib/python3.13/site-packages/fastapi/routing.py", line 1265, in handle
    await app(scope, receive, send)
          │   │      │        └ <function wrap_app_handling_exceptions.<locals>.wrapped_app.<locals>.sender at 0x729b9333df80>
          │   │      └ <function BaseHTTPMiddleware.__call__.<locals>.call_next.<locals>.receive_or_disconnect at 0x729b9333d940>
          │   └ {'type': 'http', 'http_version': '1.1', 'method': 'GET', 'path': '/api/v1/settings', 'raw_path': b'/api/v1/settings', 'root_p...
          └ <function request_response.<locals>.app at 0x729b9333e020>
  File "/usr/local/lib/python3.13/site-packages/fastapi/routing.py", line 151, in app
    await wrap_app_handling_exceptions(app, request)(scope, receive, send)
          │                            │    │        │      │        └ <function wrap_app_handling_exceptions.<locals>.wrapped_app.<locals>.sender at 0x729b9333df80>
          │                            │    │        │      └ <function BaseHTTPMiddleware.__call__.<locals>.call_next.<locals>.receive_or_disconnect at 0x729b9333d940>
          │                            │    │        └ {'type': 'http', 'http_version': '1.1', 'method': 'GET', 'path': '/api/v1/settings', 'raw_path': b'/api/v1/settings', 'root_p...
          │                            │    └ <starlette.requests.Request object at 0x729bab78db20>
          │                            └ <function request_response.<locals>.app.<locals>.app at 0x729b9333e160>
          └ <function wrap_app_handling_exceptions at 0x729bae7034c0>
  File "/usr/local/lib/python3.13/site-packages/starlette/_exception_handler.py", line 53, in wrapped_app
    raise exc
  File "/usr/local/lib/python3.13/site-packages/starlette/_exception_handler.py", line 42, in wrapped_app
    await app(scope, receive, sender)
          │   │      │        └ <function wrap_app_handling_exceptions.<locals>.wrapped_app.<locals>.sender at 0x729b9333e2a0>
          │   │      └ <function BaseHTTPMiddleware.__call__.<locals>.call_next.<locals>.receive_or_disconnect at 0x729b9333d940>
          │   └ {'type': 'http', 'http_version': '1.1', 'method': 'GET', 'path': '/api/v1/settings', 'raw_path': b'/api/v1/settings', 'root_p...
          └ <function request_response.<locals>.app.<locals>.app at 0x729b9333e160>
  File "/usr/local/lib/python3.13/site-packages/fastapi/routing.py", line 137, in app
    response = await f(request)
                     │ └ <starlette.requests.Request object at 0x729bab78db20>
                     └ <function get_request_handler.<locals>.app at 0x729b9333e0c0>
  File "/usr/local/lib/python3.13/site-packages/fastapi/routing.py", line 691, in app
    raw_response = await run_endpoint_function(
                         └ <function run_endpoint_function at 0x729bae72f380>
  File "/usr/local/lib/python3.13/site-packages/fastapi/routing.py", line 345, in run_endpoint_function
    return await dependant.call(**values)
                 │         │      └ {'current_user': <app.database.models.User object at 0x729bab6ad040>, 'db': <MagicMock spec='AsyncSession' id='12601251494776...
                 │         └ <function get_user_settings at 0x729babc21120>
                 └ Dependant(path_params=[], query_params=[], header_params=[], cookie_params=[], body_params=[], dependencies=[Dependant(path_p...

  File "/workspace/app/api/settings/router.py", line 42, in get_user_settings
    data=SettingResponse.model_validate(setting)
         │               │              └ <app.database.models.Setting object at 0x729b9339c9e0>
         │               └ <classmethod(<function BaseModel.model_validate at 0x729baf15f880>)>
         └ <class 'app.schemas.settings.SettingResponse'>

  File "/usr/local/lib/python3.13/site-packages/pydantic/main.py", line 732, in model_validate
    return cls.__pydantic_validator__.validate_python(
           │   │                      └ <method 'validate_python' of 'pydantic_core._pydantic_core.SchemaValidator' objects>
           │   └ SchemaValidator(title="SettingResponse", validator=Model(
           │         ModelValidator {
           │             revalidate: Never,
           │             validator: ...
           └ <class 'app.schemas.settings.SettingResponse'>

pydantic_core._pydantic_core.ValidationError: 5 validation errors for SettingResponse
language
  Input should be a valid string [type=string_type, input_value=None, input_type=NoneType]
    For further information visit https://errors.pydantic.dev/2.13/v/string_type
font_size
  Input should be a valid integer [type=int_type, input_value=None, input_type=NoneType]
    For further information visit https://errors.pydantic.dev/2.13/v/int_type
privacy_tracking_protection
  Input should be a valid boolean [type=bool_type, input_value=None, input_type=NoneType]
    For further information visit https://errors.pydantic.dev/2.13/v/bool_type
ai_provider
  Input should be a valid string [type=string_type, input_value=None, input_type=NoneType]
    For further information visit https://errors.pydantic.dev/2.13/v/string_type
ai_model
  Input should be a valid string [type=string_type, input_value=None, input_type=NoneType]
    For further information visit https://errors.pydantic.dev/2.13/v/string_type
2026-07-19 11:14:10.638 | CRITICAL | main:lifespan:46 - Failed to ping Redis broker: Event loop is closed
2026-07-19 11:14:10.646 | ERROR    | app.middleware.logging:dispatch:27 - Exception during request PUT /api/v1/settings: 6 validation errors for SettingResponse
homepage_url
  Input should be a valid string [type=string_type, input_value=None, input_type=NoneType]
    For further information visit https://errors.pydantic.dev/2.13/v/string_type
language
  Input should be a valid string [type=string_type, input_value=None, input_type=NoneType]
    For further information visit https://errors.pydantic.dev/2.13/v/string_type
font_size
  Input should be a valid integer [type=int_type, input_value=None, input_type=NoneType]
    For further information visit https://errors.pydantic.dev/2.13/v/int_type
privacy_tracking_protection
  Input should be a valid boolean [type=bool_type, input_value=None, input_type=NoneType]
    For further information visit https://errors.pydantic.dev/2.13/v/bool_type
ai_provider
  Input should be a valid string [type=string_type, input_value=None, input_type=NoneType]
    For further information visit https://errors.pydantic.dev/2.13/v/string_type
ai_model
  Input should be a valid string [type=string_type, input_value=None, input_type=NoneType]
    For further information visit https://errors.pydantic.dev/2.13/v/string_type | Latency: 0.0051s
2026-07-19 11:14:10.646 | ERROR    | app.middleware.error_handlers:general_exception_handler:52 - Unhandled system error - PUT /api/v1/settings - Error: 6 validation errors for SettingResponse
homepage_url
  Input should be a valid string [type=string_type, input_value=None, input_type=NoneType]
    For further information visit https://errors.pydantic.dev/2.13/v/string_type
language
  Input should be a valid string [type=string_type, input_value=None, input_type=NoneType]
    For further information visit https://errors.pydantic.dev/2.13/v/string_type
font_size
  Input should be a valid integer [type=int_type, input_value=None, input_type=NoneType]
    For further information visit https://errors.pydantic.dev/2.13/v/int_type
privacy_tracking_protection
  Input should be a valid boolean [type=bool_type, input_value=None, input_type=NoneType]
    For further information visit https://errors.pydantic.dev/2.13/v/bool_type
ai_provider
  Input should be a valid string [type=string_type, input_value=None, input_type=NoneType]
    For further information visit https://errors.pydantic.dev/2.13/v/string_type
ai_model
  Input should be a valid string [type=string_type, input_value=None, input_type=NoneType]
    For further information visit https://errors.pydantic.dev/2.13/v/string_type
Traceback (most recent call last):

  File "/usr/local/lib/python3.13/threading.py", line 1015, in _bootstrap
    self._bootstrap_inner()
    │    └ <function Thread._bootstrap_inner at 0x729bb0754ea0>
    └ <Thread(asyncio-portal-729b9339c380, started daemon 126012921280192)>
  File "/usr/local/lib/python3.13/threading.py", line 1044, in _bootstrap_inner
    self.run()
    │    └ <function Thread.run at 0x729bb0754c20>
    └ <Thread(asyncio-portal-729b9339c380, started daemon 126012921280192)>
  File "/usr/local/lib/python3.13/threading.py", line 995, in run
    self._target(*self._args, **self._kwargs)
    │    │        │    │        │    └ {}
    │    │        │    │        └ <Thread(asyncio-portal-729b9339c380, started daemon 126012921280192)>
    │    │        │    └ ()
    │    │        └ <Thread(asyncio-portal-729b9339c380, started daemon 126012921280192)>
    │    └ <function start_blocking_portal.<locals>.run_blocking_portal at 0x729b9333c720>
    └ <Thread(asyncio-portal-729b9339c380, started daemon 126012921280192)>
  File "/usr/local/lib/python3.13/site-packages/anyio/from_thread.py", line 536, in run_blocking_portal
    run_eventloop(
    └ <function run at 0x729bb0d9c900>
  File "/usr/local/lib/python3.13/site-packages/anyio/_core/_eventloop.py", line 83, in run
    return async_backend.run(func, args, {}, backend_options)
           │             │   │     │         └ {}
           │             │   │     └ ()
           │             │   └ <function start_blocking_portal.<locals>.run_portal at 0x729b9333c900>
           │             └ <classmethod(<function AsyncIOBackend.run at 0x729baf32d6c0>)>
           └ <class 'anyio._backends._asyncio.AsyncIOBackend'>
  File "/usr/local/lib/python3.13/site-packages/anyio/_backends/_asyncio.py", line 2481, in run
    return runner.run(wrapper())
           │      │   └ <function start_blocking_portal.<locals>.run_portal at 0x729bab6ff1a0>
           │      └ <function Runner.run at 0x729baef9e340>
           └ <asyncio.runners.Runner object at 0x729ba857dd90>
  File "/usr/local/lib/python3.13/asyncio/runners.py", line 119, in run
    return self._loop.run_until_complete(task)
           │    │     │                  └ <Task pending name='anyio.from_thread.start_blocking_portal.<locals>.run_portal' coro=<start_blocking_portal.<locals>.run_por...
           │    │     └ <function BaseEventLoop.run_until_complete at 0x729baef97e20>
           │    └ <_UnixSelectorEventLoop running=True closed=False debug=False>
           └ <asyncio.runners.Runner object at 0x729ba857dd90>
  File "/usr/local/lib/python3.13/asyncio/base_events.py", line 712, in run_until_complete
    self.run_forever()
    │    └ <function BaseEventLoop.run_forever at 0x729baef97d80>
    └ <_UnixSelectorEventLoop running=True closed=False debug=False>
  File "/usr/local/lib/python3.13/asyncio/base_events.py", line 683, in run_forever
    self._run_once()
    │    └ <function BaseEventLoop._run_once at 0x729baef9dbc0>
    └ <_UnixSelectorEventLoop running=True closed=False debug=False>
  File "/usr/local/lib/python3.13/asyncio/base_events.py", line 2060, in _run_once
    handle._run()
    │      └ <function Handle._run at 0x729bafe47880>
    └ <Handle Task.task_wakeup()>
  File "/usr/local/lib/python3.13/asyncio/events.py", line 89, in _run
    self._context.run(self._callback, *self._args)
    │    │            │    │           │    └ <member '_args' of 'Handle' objects>
    │    │            │    │           └ <Handle Task.task_wakeup()>
    │    │            │    └ <member '_callback' of 'Handle' objects>
    │    │            └ <Handle Task.task_wakeup()>
    │    └ <member '_context' of 'Handle' objects>
    └ <Handle Task.task_wakeup()>
  File "/usr/local/lib/python3.13/site-packages/anyio/_core/_tasks.py", line 275, in _run_coro
    retval = await self._coro
                   │    └ <member '_coro' of 'TaskHandle' objects>
                   └ <TaskHandle pending name='anyio.from_thread.BlockingPortal._call_func' coro=<coroutine object BlockingPortal._call_func at 0x...
  File "/usr/local/lib/python3.13/site-packages/anyio/from_thread.py", line 263, in _call_func
    retval = await retval_or_awaitable
                   └ <coroutine object FastAPI.__call__ at 0x729b937914e0>
  File "/usr/local/lib/python3.13/site-packages/fastapi/applications.py", line 1163, in __call__
    await super().__call__(scope, receive, send)
                           │      │        └ <function _TestClientTransport.handle_request.<locals>.send at 0x729b9333e5c0>
                           │      └ <function _TestClientTransport.handle_request.<locals>.receive at 0x729bab6ffec0>
                           └ {'type': 'http', 'http_version': '1.1', 'method': 'PUT', 'path': '/api/v1/settings', 'raw_path': b'/api/v1/settings', 'root_p...
  File "/usr/local/lib/python3.13/site-packages/starlette/applications.py", line 90, in __call__
    await self.middleware_stack(scope, receive, send)
          │    │                │      │        └ <function _TestClientTransport.handle_request.<locals>.send at 0x729b9333e5c0>
          │    │                │      └ <function _TestClientTransport.handle_request.<locals>.receive at 0x729bab6ffec0>
          │    │                └ {'type': 'http', 'http_version': '1.1', 'method': 'PUT', 'path': '/api/v1/settings', 'raw_path': b'/api/v1/settings', 'root_p...
          │    └ <starlette.middleware.errors.ServerErrorMiddleware object at 0x729bab92ef90>
          └ <fastapi.applications.FastAPI object at 0x729babd62ba0>
> File "/usr/local/lib/python3.13/site-packages/starlette/middleware/errors.py", line 164, in __call__
    await self.app(scope, receive, _send)
          │    │   │      │        └ <function ServerErrorMiddleware.__call__.<locals>._send at 0x729b9333f600>
          │    │   │      └ <function _TestClientTransport.handle_request.<locals>.receive at 0x729bab6ffec0>
          │    │   └ {'type': 'http', 'http_version': '1.1', 'method': 'PUT', 'path': '/api/v1/settings', 'raw_path': b'/api/v1/settings', 'root_p...
          │    └ <app.middleware.logging.LoggingAndTrackingMiddleware object at 0x729bab92ee40>
          └ <starlette.middleware.errors.ServerErrorMiddleware object at 0x729bab92ef90>
  File "/usr/local/lib/python3.13/site-packages/starlette/middleware/base.py", line 193, in __call__
    response = await self.dispatch_func(request, call_next)
                     │    │             │        └ <function BaseHTTPMiddleware.__call__.<locals>.call_next at 0x729b9333f880>
                     │    │             └ <starlette.middleware.base._CachedRequest object at 0x729b9339ef10>
                     │    └ <bound method LoggingAndTrackingMiddleware.dispatch of <app.middleware.logging.LoggingAndTrackingMiddleware object at 0x729ba...
                     └ <app.middleware.logging.LoggingAndTrackingMiddleware object at 0x729bab92ee40>

  File "/workspace/app/middleware/logging.py", line 30, in dispatch
    raise e

  File "/workspace/app/middleware/logging.py", line 23, in dispatch
    response = await call_next(request)
                     │         └ <starlette.middleware.base._CachedRequest object at 0x729b9339ef10>
                     └ <function BaseHTTPMiddleware.__call__.<locals>.call_next at 0x729b9333f880>

  File "/usr/local/lib/python3.13/site-packages/starlette/middleware/base.py", line 168, in call_next
    raise app_exc from app_exc.__cause__ or app_exc.__context__
          │            │       │            │       └ <attribute '__context__' of 'BaseException' objects>
          │            │       │            └ 6 validation errors for SettingResponse
          │            │       │              homepage_url
          │            │       │                Input should be a valid string [type=string_type, input_value=None, in...
          │            │       └ <attribute '__cause__' of 'BaseException' objects>
          │            └ 6 validation errors for SettingResponse
          │              homepage_url
          │                Input should be a valid string [type=string_type, input_value=None, in...
          └ 6 validation errors for SettingResponse
            homepage_url
              Input should be a valid string [type=string_type, input_value=None, in...
  File "/usr/local/lib/python3.13/site-packages/starlette/middleware/base.py", line 144, in coro
    await self.app(scope, receive_or_disconnect, send_no_error)
          │    │   │      │                      └ <function BaseHTTPMiddleware.__call__.<locals>.call_next.<locals>.send_no_error at 0x729b9333fa60>
          │    │   │      └ <function BaseHTTPMiddleware.__call__.<locals>.call_next.<locals>.receive_or_disconnect at 0x729b9333fb00>
          │    │   └ {'type': 'http', 'http_version': '1.1', 'method': 'PUT', 'path': '/api/v1/settings', 'raw_path': b'/api/v1/settings', 'root_p...
          │    └ <starlette.middleware.cors.CORSMiddleware object at 0x729bab92ecf0>
          └ <app.middleware.logging.LoggingAndTrackingMiddleware object at 0x729bab92ee40>
  File "/usr/local/lib/python3.13/site-packages/starlette/middleware/cors.py", line 88, in __call__
    await self.app(scope, receive, send)
          │    │   │      │        └ <function BaseHTTPMiddleware.__call__.<locals>.call_next.<locals>.send_no_error at 0x729b9333fa60>
          │    │   │      └ <function BaseHTTPMiddleware.__call__.<locals>.call_next.<locals>.receive_or_disconnect at 0x729b9333fb00>
          │    │   └ {'type': 'http', 'http_version': '1.1', 'method': 'PUT', 'path': '/api/v1/settings', 'raw_path': b'/api/v1/settings', 'root_p...
          │    └ <starlette.middleware.exceptions.ExceptionMiddleware object at 0x729bab92eba0>
          └ <starlette.middleware.cors.CORSMiddleware object at 0x729bab92ecf0>
  File "/usr/local/lib/python3.13/site-packages/starlette/middleware/exceptions.py", line 63, in __call__
    await wrap_app_handling_exceptions(self.app, conn)(scope, receive, send)
          │                            │    │    │     │      │        └ <function BaseHTTPMiddleware.__call__.<locals>.call_next.<locals>.send_no_error at 0x729b9333fa60>
          │                            │    │    │     │      └ <function BaseHTTPMiddleware.__call__.<locals>.call_next.<locals>.receive_or_disconnect at 0x729b9333fb00>
          │                            │    │    │     └ {'type': 'http', 'http_version': '1.1', 'method': 'PUT', 'path': '/api/v1/settings', 'raw_path': b'/api/v1/settings', 'root_p...
          │                            │    │    └ <starlette.requests.Request object at 0x729bab78e2b0>
          │                            │    └ <fastapi.middleware.asyncexitstack.AsyncExitStackMiddleware object at 0x729bab92ea50>
          │                            └ <starlette.middleware.exceptions.ExceptionMiddleware object at 0x729bab92eba0>
          └ <function wrap_app_handling_exceptions at 0x729bae7034c0>
  File "/usr/local/lib/python3.13/site-packages/starlette/_exception_handler.py", line 53, in wrapped_app
    raise exc
  File "/usr/local/lib/python3.13/site-packages/starlette/_exception_handler.py", line 42, in wrapped_app
    await app(scope, receive, sender)
          │   │      │        └ <function wrap_app_handling_exceptions.<locals>.wrapped_app.<locals>.sender at 0x729b9333fe20>
          │   │      └ <function BaseHTTPMiddleware.__call__.<locals>.call_next.<locals>.receive_or_disconnect at 0x729b9333fb00>
          │   └ {'type': 'http', 'http_version': '1.1', 'method': 'PUT', 'path': '/api/v1/settings', 'raw_path': b'/api/v1/settings', 'root_p...
          └ <fastapi.middleware.asyncexitstack.AsyncExitStackMiddleware object at 0x729bab92ea50>
  File "/usr/local/lib/python3.13/site-packages/fastapi/middleware/asyncexitstack.py", line 18, in __call__
    await self.app(scope, receive, send)
          │    │   │      │        └ <function wrap_app_handling_exceptions.<locals>.wrapped_app.<locals>.sender at 0x729b9333fe20>
          │    │   │      └ <function BaseHTTPMiddleware.__call__.<locals>.call_next.<locals>.receive_or_disconnect at 0x729b9333fb00>
          │    │   └ {'type': 'http', 'http_version': '1.1', 'method': 'PUT', 'path': '/api/v1/settings', 'raw_path': b'/api/v1/settings', 'root_p...
          │    └ <fastapi.routing.APIRouter object at 0x729bab8aa8b0>
          └ <fastapi.middleware.asyncexitstack.AsyncExitStackMiddleware object at 0x729bab92ea50>
  File "/usr/local/lib/python3.13/site-packages/starlette/routing.py", line 660, in __call__
    await self.middleware_stack(scope, receive, send)
          │    │                │      │        └ <function wrap_app_handling_exceptions.<locals>.wrapped_app.<locals>.sender at 0x729b9333fe20>
          │    │                │      └ <function BaseHTTPMiddleware.__call__.<locals>.call_next.<locals>.receive_or_disconnect at 0x729b9333fb00>
          │    │                └ {'type': 'http', 'http_version': '1.1', 'method': 'PUT', 'path': '/api/v1/settings', 'raw_path': b'/api/v1/settings', 'root_p...
          │    └ <bound method APIRouter.app of <fastapi.routing.APIRouter object at 0x729bab8aa8b0>>
          └ <fastapi.routing.APIRouter object at 0x729bab8aa8b0>
  File "/usr/local/lib/python3.13/site-packages/fastapi/routing.py", line 2685, in app
    await route.handle(scope, receive, send)
          │     │      │      │        └ <function wrap_app_handling_exceptions.<locals>.wrapped_app.<locals>.sender at 0x729b9333fe20>
          │     │      │      └ <function BaseHTTPMiddleware.__call__.<locals>.call_next.<locals>.receive_or_disconnect at 0x729b9333fb00>
          │     │      └ {'type': 'http', 'http_version': '1.1', 'method': 'PUT', 'path': '/api/v1/settings', 'raw_path': b'/api/v1/settings', 'root_p...
          │     └ <function _IncludedRouter.handle at 0x729bae739f80>
          └ _IncludedRouter(original_router=<fastapi.routing.APIRouter object at 0x729babc4fbb0>, include_context=_RouterIncludeContext(i...
  File "/usr/local/lib/python3.13/site-packages/fastapi/routing.py", line 1766, in handle
    await self.original_router.handle(scope, receive, send)
          │    │               │      │      │        └ <function wrap_app_handling_exceptions.<locals>.wrapped_app.<locals>.sender at 0x729b9333fe20>
          │    │               │      │      └ <function BaseHTTPMiddleware.__call__.<locals>.call_next.<locals>.receive_or_disconnect at 0x729b9333fb00>
          │    │               │      └ {'type': 'http', 'http_version': '1.1', 'method': 'PUT', 'path': '/api/v1/settings', 'raw_path': b'/api/v1/settings', 'root_p...
          │    │               └ <function APIRouter.handle at 0x729bae73be20>
          │    └ <fastapi.routing.APIRouter object at 0x729babc4fbb0>
          └ _IncludedRouter(original_router=<fastapi.routing.APIRouter object at 0x729babc4fbb0>, include_context=_RouterIncludeContext(i...
  File "/usr/local/lib/python3.13/site-packages/fastapi/routing.py", line 2740, in handle
    await included_router._handle_selected(scope, receive, send)
          │               │                │      │        └ <function wrap_app_handling_exceptions.<locals>.wrapped_app.<locals>.sender at 0x729b9333fe20>
          │               │                │      └ <function BaseHTTPMiddleware.__call__.<locals>.call_next.<locals>.receive_or_disconnect at 0x729b9333fb00>
          │               │                └ {'type': 'http', 'http_version': '1.1', 'method': 'PUT', 'path': '/api/v1/settings', 'raw_path': b'/api/v1/settings', 'root_p...
          │               └ <function _IncludedRouter._handle_selected at 0x729bae73a020>
          └ _IncludedRouter(original_router=<fastapi.routing.APIRouter object at 0x729babc4fbb0>, include_context=_RouterIncludeContext(i...
  File "/usr/local/lib/python3.13/site-packages/fastapi/routing.py", line 1786, in _handle_selected
    await original_route.handle(scope, receive, send)
          │              │      │      │        └ <function wrap_app_handling_exceptions.<locals>.wrapped_app.<locals>.sender at 0x729b9333fe20>
          │              │      │      └ <function BaseHTTPMiddleware.__call__.<locals>.call_next.<locals>.receive_or_disconnect at 0x729b9333fb00>
          │              │      └ {'type': 'http', 'http_version': '1.1', 'method': 'PUT', 'path': '/api/v1/settings', 'raw_path': b'/api/v1/settings', 'root_p...
          │              └ <function APIRoute.handle at 0x729bae738040>
          └ APIRoute(path='/settings', name='update_user_settings', methods=['PUT'])
  File "/usr/local/lib/python3.13/site-packages/fastapi/routing.py", line 1265, in handle
    await app(scope, receive, send)
          │   │      │        └ <function wrap_app_handling_exceptions.<locals>.wrapped_app.<locals>.sender at 0x729b9333fe20>
          │   │      └ <function BaseHTTPMiddleware.__call__.<locals>.call_next.<locals>.receive_or_disconnect at 0x729b9333fb00>
          │   └ {'type': 'http', 'http_version': '1.1', 'method': 'PUT', 'path': '/api/v1/settings', 'raw_path': b'/api/v1/settings', 'root_p...
          └ <function request_response.<locals>.app at 0x729b9333ff60>
  File "/usr/local/lib/python3.13/site-packages/fastapi/routing.py", line 151, in app
    await wrap_app_handling_exceptions(app, request)(scope, receive, send)
          │                            │    │        │      │        └ <function wrap_app_handling_exceptions.<locals>.wrapped_app.<locals>.sender at 0x729b9333fe20>
          │                            │    │        │      └ <function BaseHTTPMiddleware.__call__.<locals>.call_next.<locals>.receive_or_disconnect at 0x729b9333fb00>
          │                            │    │        └ {'type': 'http', 'http_version': '1.1', 'method': 'PUT', 'path': '/api/v1/settings', 'raw_path': b'/api/v1/settings', 'root_p...
          │                            │    └ <starlette.requests.Request object at 0x729bab78fe30>
          │                            └ <function request_response.<locals>.app.<locals>.app at 0x729b9333ed40>
          └ <function wrap_app_handling_exceptions at 0x729bae7034c0>
  File "/usr/local/lib/python3.13/site-packages/starlette/_exception_handler.py", line 53, in wrapped_app
    raise exc
  File "/usr/local/lib/python3.13/site-packages/starlette/_exception_handler.py", line 42, in wrapped_app
    await app(scope, receive, sender)
          │   │      │        └ <function wrap_app_handling_exceptions.<locals>.wrapped_app.<locals>.sender at 0x729b937a00e0>
          │   │      └ <function BaseHTTPMiddleware.__call__.<locals>.call_next.<locals>.receive_or_disconnect at 0x729b9333fb00>
          │   └ {'type': 'http', 'http_version': '1.1', 'method': 'PUT', 'path': '/api/v1/settings', 'raw_path': b'/api/v1/settings', 'root_p...
          └ <function request_response.<locals>.app.<locals>.app at 0x729b9333ed40>
  File "/usr/local/lib/python3.13/site-packages/fastapi/routing.py", line 137, in app
    response = await f(request)
                     │ └ <starlette.requests.Request object at 0x729bab78fe30>
                     └ <function get_request_handler.<locals>.app at 0x729b9333fec0>
  File "/usr/local/lib/python3.13/site-packages/fastapi/routing.py", line 691, in app
    raw_response = await run_endpoint_function(
                         └ <function run_endpoint_function at 0x729bae72f380>
  File "/usr/local/lib/python3.13/site-packages/fastapi/routing.py", line 345, in run_endpoint_function
    return await dependant.call(**values)
                 │         │      └ {'current_user': <app.database.models.User object at 0x729ba84f3f00>, 'db': <MagicMock spec='AsyncSession' id='12601251494372...
                 │         └ <function update_user_settings at 0x729babc21300>
                 └ Dependant(path_params=[], query_params=[], header_params=[], cookie_params=[], body_params=[ModelField(field_info=Body(Pydant...

  File "/workspace/app/api/settings/router.py", line 74, in update_user_settings
    data=SettingResponse.model_validate(setting)
         │               │              └ <app.database.models.Setting object at 0x729bab6cb450>
         │               └ <classmethod(<function BaseModel.model_validate at 0x729baf15f880>)>
         └ <class 'app.schemas.settings.SettingResponse'>

  File "/usr/local/lib/python3.13/site-packages/pydantic/main.py", line 732, in model_validate
    return cls.__pydantic_validator__.validate_python(
           │   │                      └ <method 'validate_python' of 'pydantic_core._pydantic_core.SchemaValidator' objects>
           │   └ SchemaValidator(title="SettingResponse", validator=Model(
           │         ModelValidator {
           │             revalidate: Never,
           │             validator: ...
           └ <class 'app.schemas.settings.SettingResponse'>

pydantic_core._pydantic_core.ValidationError: 6 validation errors for SettingResponse
homepage_url
  Input should be a valid string [type=string_type, input_value=None, input_type=NoneType]
    For further information visit https://errors.pydantic.dev/2.13/v/string_type
language
  Input should be a valid string [type=string_type, input_value=None, input_type=NoneType]
    For further information visit https://errors.pydantic.dev/2.13/v/string_type
font_size
  Input should be a valid integer [type=int_type, input_value=None, input_type=NoneType]
    For further information visit https://errors.pydantic.dev/2.13/v/int_type
privacy_tracking_protection
  Input should be a valid boolean [type=bool_type, input_value=None, input_type=NoneType]
    For further information visit https://errors.pydantic.dev/2.13/v/bool_type
ai_provider
  Input should be a valid string [type=string_type, input_value=None, input_type=NoneType]
    For further information visit https://errors.pydantic.dev/2.13/v/string_type
ai_model
  Input should be a valid string [type=string_type, input_value=None, input_type=NoneType]
    For further information visit https://errors.pydantic.dev/2.13/v/string_type
2026-07-19 11:15:11.139 | ERROR    | app.middleware.logging:dispatch:27 - Exception during request GET /api/v1/auth/me: 1 validation error for UserMeResponse
profile.id
  UUID input should be a string, bytes or UUID object [type=uuid_type, input_value=None, input_type=NoneType]
    For further information visit https://errors.pydantic.dev/2.13/v/uuid_type | Latency: 0.0220s
2026-07-19 11:15:11.140 | ERROR    | app.middleware.error_handlers:general_exception_handler:52 - Unhandled system error - GET /api/v1/auth/me - Error: 1 validation error for UserMeResponse
profile.id
  UUID input should be a string, bytes or UUID object [type=uuid_type, input_value=None, input_type=NoneType]
    For further information visit https://errors.pydantic.dev/2.13/v/uuid_type
Traceback (most recent call last):

  File "/usr/local/lib/python3.13/threading.py", line 1015, in _bootstrap
    self._bootstrap_inner()
    │    └ <function Thread._bootstrap_inner at 0x767d2ed54ea0>
    └ <Thread(asyncio-portal-767d29e8ea50, started daemon 130279944025792)>
  File "/usr/local/lib/python3.13/threading.py", line 1044, in _bootstrap_inner
    self.run()
    │    └ <function Thread.run at 0x767d2ed54c20>
    └ <Thread(asyncio-portal-767d29e8ea50, started daemon 130279944025792)>
  File "/usr/local/lib/python3.13/threading.py", line 995, in run
    self._target(*self._args, **self._kwargs)
    │    │        │    │        │    └ {}
    │    │        │    │        └ <Thread(asyncio-portal-767d29e8ea50, started daemon 130279944025792)>
    │    │        │    └ ()
    │    │        └ <Thread(asyncio-portal-767d29e8ea50, started daemon 130279944025792)>
    │    └ <function start_blocking_portal.<locals>.run_blocking_portal at 0x767d29e88ea0>
    └ <Thread(asyncio-portal-767d29e8ea50, started daemon 130279944025792)>
  File "/usr/local/lib/python3.13/site-packages/anyio/from_thread.py", line 536, in run_blocking_portal
    run_eventloop(
    └ <function run at 0x767d2f39c900>
  File "/usr/local/lib/python3.13/site-packages/anyio/_core/_eventloop.py", line 83, in run
    return async_backend.run(func, args, {}, backend_options)
           │             │   │     │         └ {}
           │             │   │     └ ()
           │             │   └ <function start_blocking_portal.<locals>.run_portal at 0x767d29e88e00>
           │             └ <classmethod(<function AsyncIOBackend.run at 0x767d2d9356c0>)>
           └ <class 'anyio._backends._asyncio.AsyncIOBackend'>
  File "/usr/local/lib/python3.13/site-packages/anyio/_backends/_asyncio.py", line 2481, in run
    return runner.run(wrapper())
           │      │   └ <function start_blocking_portal.<locals>.run_portal at 0x767d29e89080>
           │      └ <function Runner.run at 0x767d2d596340>
           └ <asyncio.runners.Runner object at 0x767d29e8e510>
  File "/usr/local/lib/python3.13/asyncio/runners.py", line 119, in run
    return self._loop.run_until_complete(task)
           │    │     │                  └ <Task pending name='anyio.from_thread.start_blocking_portal.<locals>.run_portal' coro=<start_blocking_portal.<locals>.run_por...
           │    │     └ <function BaseEventLoop.run_until_complete at 0x767d2d58fe20>
           │    └ <_UnixSelectorEventLoop running=True closed=False debug=False>
           └ <asyncio.runners.Runner object at 0x767d29e8e510>
  File "/usr/local/lib/python3.13/asyncio/base_events.py", line 712, in run_until_complete
    self.run_forever()
    │    └ <function BaseEventLoop.run_forever at 0x767d2d58fd80>
    └ <_UnixSelectorEventLoop running=True closed=False debug=False>
  File "/usr/local/lib/python3.13/asyncio/base_events.py", line 683, in run_forever
    self._run_once()
    │    └ <function BaseEventLoop._run_once at 0x767d2d595bc0>
    └ <_UnixSelectorEventLoop running=True closed=False debug=False>
  File "/usr/local/lib/python3.13/asyncio/base_events.py", line 2060, in _run_once
    handle._run()
    │      └ <function Handle._run at 0x767d2e437880>
    └ <Handle Task.task_wakeup()>
  File "/usr/local/lib/python3.13/asyncio/events.py", line 89, in _run
    self._context.run(self._callback, *self._args)
    │    │            │    │           │    └ <member '_args' of 'Handle' objects>
    │    │            │    │           └ <Handle Task.task_wakeup()>
    │    │            │    └ <member '_callback' of 'Handle' objects>
    │    │            └ <Handle Task.task_wakeup()>
    │    └ <member '_context' of 'Handle' objects>
    └ <Handle Task.task_wakeup()>
  File "/usr/local/lib/python3.13/site-packages/anyio/_core/_tasks.py", line 275, in _run_coro
    retval = await self._coro
                   │    └ <member '_coro' of 'TaskHandle' objects>
                   └ <TaskHandle pending name='anyio.from_thread.BlockingPortal._call_func' coro=<coroutine object BlockingPortal._call_func at 0x...
  File "/usr/local/lib/python3.13/site-packages/anyio/from_thread.py", line 263, in _call_func
    retval = await retval_or_awaitable
                   └ <coroutine object FastAPI.__call__ at 0x767d29d4dd50>
  File "/usr/local/lib/python3.13/site-packages/fastapi/applications.py", line 1163, in __call__
    await super().__call__(scope, receive, send)
                           │      │        └ <function _TestClientTransport.handle_request.<locals>.send at 0x767d29e89da0>
                           │      └ <function _TestClientTransport.handle_request.<locals>.receive at 0x767d2d669ee0>
                           └ {'type': 'http', 'http_version': '1.1', 'method': 'GET', 'path': '/api/v1/auth/me', 'raw_path': b'/api/v1/auth/me', 'root_pat...
  File "/usr/local/lib/python3.13/site-packages/starlette/applications.py", line 90, in __call__
    await self.middleware_stack(scope, receive, send)
          │    │                │      │        └ <function _TestClientTransport.handle_request.<locals>.send at 0x767d29e89da0>
          │    │                │      └ <function _TestClientTransport.handle_request.<locals>.receive at 0x767d2d669ee0>
          │    │                └ {'type': 'http', 'http_version': '1.1', 'method': 'GET', 'path': '/api/v1/auth/me', 'raw_path': b'/api/v1/auth/me', 'root_pat...
          │    └ <starlette.middleware.errors.ServerErrorMiddleware object at 0x767d29e8f8c0>
          └ <fastapi.applications.FastAPI object at 0x767d2a362cf0>
> File "/usr/local/lib/python3.13/site-packages/starlette/middleware/errors.py", line 164, in __call__
    await self.app(scope, receive, _send)
          │    │   │      │        └ <function ServerErrorMiddleware.__call__.<locals>._send at 0x767d29d28180>
          │    │   │      └ <function _TestClientTransport.handle_request.<locals>.receive at 0x767d2d669ee0>
          │    │   └ {'type': 'http', 'http_version': '1.1', 'method': 'GET', 'path': '/api/v1/auth/me', 'raw_path': b'/api/v1/auth/me', 'root_pat...
          │    └ <app.middleware.logging.LoggingAndTrackingMiddleware object at 0x767d29e8f770>
          └ <starlette.middleware.errors.ServerErrorMiddleware object at 0x767d29e8f8c0>
  File "/usr/local/lib/python3.13/site-packages/starlette/middleware/base.py", line 193, in __call__
    response = await self.dispatch_func(request, call_next)
                     │    │             │        └ <function BaseHTTPMiddleware.__call__.<locals>.call_next at 0x767d29d28360>
                     │    │             └ <starlette.middleware.base._CachedRequest object at 0x767d29cc9940>
                     │    └ <bound method LoggingAndTrackingMiddleware.dispatch of <app.middleware.logging.LoggingAndTrackingMiddleware object at 0x767d2...
                     └ <app.middleware.logging.LoggingAndTrackingMiddleware object at 0x767d29e8f770>

  File "/workspace/app/middleware/logging.py", line 30, in dispatch
    raise e

  File "/workspace/app/middleware/logging.py", line 23, in dispatch
    response = await call_next(request)
                     │         └ <starlette.middleware.base._CachedRequest object at 0x767d29cc9940>
                     └ <function BaseHTTPMiddleware.__call__.<locals>.call_next at 0x767d29d28360>

  File "/usr/local/lib/python3.13/site-packages/starlette/middleware/base.py", line 168, in call_next
    raise app_exc from app_exc.__cause__ or app_exc.__context__
          │            │       │            │       └ <attribute '__context__' of 'BaseException' objects>
          │            │       │            └ 1 validation error for UserMeResponse
          │            │       │              profile.id
          │            │       │                UUID input should be a string, bytes or UUID object [type=uuid_type, input...
          │            │       └ <attribute '__cause__' of 'BaseException' objects>
          │            └ 1 validation error for UserMeResponse
          │              profile.id
          │                UUID input should be a string, bytes or UUID object [type=uuid_type, input...
          └ 1 validation error for UserMeResponse
            profile.id
              UUID input should be a string, bytes or UUID object [type=uuid_type, input...
  File "/usr/local/lib/python3.13/site-packages/starlette/middleware/base.py", line 144, in coro
    await self.app(scope, receive_or_disconnect, send_no_error)
          │    │   │      │                      └ <function BaseHTTPMiddleware.__call__.<locals>.call_next.<locals>.send_no_error at 0x767d29d28f40>
          │    │   │      └ <function BaseHTTPMiddleware.__call__.<locals>.call_next.<locals>.receive_or_disconnect at 0x767d29d28ea0>
          │    │   └ {'type': 'http', 'http_version': '1.1', 'method': 'GET', 'path': '/api/v1/auth/me', 'raw_path': b'/api/v1/auth/me', 'root_pat...
          │    └ <starlette.middleware.cors.CORSMiddleware object at 0x767d29e8f620>
          └ <app.middleware.logging.LoggingAndTrackingMiddleware object at 0x767d29e8f770>
  File "/usr/local/lib/python3.13/site-packages/starlette/middleware/cors.py", line 88, in __call__
    await self.app(scope, receive, send)
          │    │   │      │        └ <function BaseHTTPMiddleware.__call__.<locals>.call_next.<locals>.send_no_error at 0x767d29d28f40>
          │    │   │      └ <function BaseHTTPMiddleware.__call__.<locals>.call_next.<locals>.receive_or_disconnect at 0x767d29d28ea0>
          │    │   └ {'type': 'http', 'http_version': '1.1', 'method': 'GET', 'path': '/api/v1/auth/me', 'raw_path': b'/api/v1/auth/me', 'root_pat...
          │    └ <starlette.middleware.exceptions.ExceptionMiddleware object at 0x767d29e8f4d0>
          └ <starlette.middleware.cors.CORSMiddleware object at 0x767d29e8f620>
  File "/usr/local/lib/python3.13/site-packages/starlette/middleware/exceptions.py", line 63, in __call__
    await wrap_app_handling_exceptions(self.app, conn)(scope, receive, send)
          │                            │    │    │     │      │        └ <function BaseHTTPMiddleware.__call__.<locals>.call_next.<locals>.send_no_error at 0x767d29d28f40>
          │                            │    │    │     │      └ <function BaseHTTPMiddleware.__call__.<locals>.call_next.<locals>.receive_or_disconnect at 0x767d29d28ea0>
          │                            │    │    │     └ {'type': 'http', 'http_version': '1.1', 'method': 'GET', 'path': '/api/v1/auth/me', 'raw_path': b'/api/v1/auth/me', 'root_pat...
          │                            │    │    └ <starlette.requests.Request object at 0x767d29cc9be0>
          │                            │    └ <fastapi.middleware.asyncexitstack.AsyncExitStackMiddleware object at 0x767d29e8f380>
          │                            └ <starlette.middleware.exceptions.ExceptionMiddleware object at 0x767d29e8f4d0>
          └ <function wrap_app_handling_exceptions at 0x767d2cd0b600>
  File "/usr/local/lib/python3.13/site-packages/starlette/_exception_handler.py", line 53, in wrapped_app
    raise exc
  File "/usr/local/lib/python3.13/site-packages/starlette/_exception_handler.py", line 42, in wrapped_app
    await app(scope, receive, sender)
          │   │      │        └ <function wrap_app_handling_exceptions.<locals>.wrapped_app.<locals>.sender at 0x767d29d291c0>
          │   │      └ <function BaseHTTPMiddleware.__call__.<locals>.call_next.<locals>.receive_or_disconnect at 0x767d29d28ea0>
          │   └ {'type': 'http', 'http_version': '1.1', 'method': 'GET', 'path': '/api/v1/auth/me', 'raw_path': b'/api/v1/auth/me', 'root_pat...
          └ <fastapi.middleware.asyncexitstack.AsyncExitStackMiddleware object at 0x767d29e8f380>
  File "/usr/local/lib/python3.13/site-packages/fastapi/middleware/asyncexitstack.py", line 18, in __call__
    await self.app(scope, receive, send)
          │    │   │      │        └ <function wrap_app_handling_exceptions.<locals>.wrapped_app.<locals>.sender at 0x767d29d291c0>
          │    │   │      └ <function BaseHTTPMiddleware.__call__.<locals>.call_next.<locals>.receive_or_disconnect at 0x767d29d28ea0>
          │    │   └ {'type': 'http', 'http_version': '1.1', 'method': 'GET', 'path': '/api/v1/auth/me', 'raw_path': b'/api/v1/auth/me', 'root_pat...
          │    └ <fastapi.routing.APIRouter object at 0x767d29eaa8b0>
          └ <fastapi.middleware.asyncexitstack.AsyncExitStackMiddleware object at 0x767d29e8f380>
  File "/usr/local/lib/python3.13/site-packages/starlette/routing.py", line 660, in __call__
    await self.middleware_stack(scope, receive, send)
          │    │                │      │        └ <function wrap_app_handling_exceptions.<locals>.wrapped_app.<locals>.sender at 0x767d29d291c0>
          │    │                │      └ <function BaseHTTPMiddleware.__call__.<locals>.call_next.<locals>.receive_or_disconnect at 0x767d29d28ea0>
          │    │                └ {'type': 'http', 'http_version': '1.1', 'method': 'GET', 'path': '/api/v1/auth/me', 'raw_path': b'/api/v1/auth/me', 'root_pat...
          │    └ <bound method APIRouter.app of <fastapi.routing.APIRouter object at 0x767d29eaa8b0>>
          └ <fastapi.routing.APIRouter object at 0x767d29eaa8b0>
  File "/usr/local/lib/python3.13/site-packages/fastapi/routing.py", line 2685, in app
    await route.handle(scope, receive, send)
          │     │      │      │        └ <function wrap_app_handling_exceptions.<locals>.wrapped_app.<locals>.sender at 0x767d29d291c0>
          │     │      │      └ <function BaseHTTPMiddleware.__call__.<locals>.call_next.<locals>.receive_or_disconnect at 0x767d29d28ea0>
          │     │      └ {'type': 'http', 'http_version': '1.1', 'method': 'GET', 'path': '/api/v1/auth/me', 'raw_path': b'/api/v1/auth/me', 'root_pat...
          │     └ <function _IncludedRouter.handle at 0x767d2cd3e0c0>
          └ _IncludedRouter(original_router=<fastapi.routing.APIRouter object at 0x767d2b032660>, include_context=_RouterIncludeContext(i...
  File "/usr/local/lib/python3.13/site-packages/fastapi/routing.py", line 1766, in handle
    await self.original_router.handle(scope, receive, send)
          │    │               │      │      │        └ <function wrap_app_handling_exceptions.<locals>.wrapped_app.<locals>.sender at 0x767d29d291c0>
          │    │               │      │      └ <function BaseHTTPMiddleware.__call__.<locals>.call_next.<locals>.receive_or_disconnect at 0x767d29d28ea0>
          │    │               │      └ {'type': 'http', 'http_version': '1.1', 'method': 'GET', 'path': '/api/v1/auth/me', 'raw_path': b'/api/v1/auth/me', 'root_pat...
          │    │               └ <function APIRouter.handle at 0x767d2cd3ff60>
          │    └ <fastapi.routing.APIRouter object at 0x767d2b032660>
          └ _IncludedRouter(original_router=<fastapi.routing.APIRouter object at 0x767d2b032660>, include_context=_RouterIncludeContext(i...
  File "/usr/local/lib/python3.13/site-packages/fastapi/routing.py", line 2740, in handle
    await included_router._handle_selected(scope, receive, send)
          │               │                │      │        └ <function wrap_app_handling_exceptions.<locals>.wrapped_app.<locals>.sender at 0x767d29d291c0>
          │               │                │      └ <function BaseHTTPMiddleware.__call__.<locals>.call_next.<locals>.receive_or_disconnect at 0x767d29d28ea0>
          │               │                └ {'type': 'http', 'http_version': '1.1', 'method': 'GET', 'path': '/api/v1/auth/me', 'raw_path': b'/api/v1/auth/me', 'root_pat...
          │               └ <function _IncludedRouter._handle_selected at 0x767d2cd3e160>
          └ _IncludedRouter(original_router=<fastapi.routing.APIRouter object at 0x767d2b032660>, include_context=_RouterIncludeContext(i...
  File "/usr/local/lib/python3.13/site-packages/fastapi/routing.py", line 1786, in _handle_selected
    await original_route.handle(scope, receive, send)
          │              │      │      │        └ <function wrap_app_handling_exceptions.<locals>.wrapped_app.<locals>.sender at 0x767d29d291c0>
          │              │      │      └ <function BaseHTTPMiddleware.__call__.<locals>.call_next.<locals>.receive_or_disconnect at 0x767d29d28ea0>
          │              │      └ {'type': 'http', 'http_version': '1.1', 'method': 'GET', 'path': '/api/v1/auth/me', 'raw_path': b'/api/v1/auth/me', 'root_pat...
          │              └ <function APIRoute.handle at 0x767d2cd3c180>
          └ APIRoute(path='/auth/me', name='get_me', methods=['GET'])
  File "/usr/local/lib/python3.13/site-packages/fastapi/routing.py", line 1265, in handle
    await app(scope, receive, send)
          │   │      │        └ <function wrap_app_handling_exceptions.<locals>.wrapped_app.<locals>.sender at 0x767d29d291c0>
          │   │      └ <function BaseHTTPMiddleware.__call__.<locals>.call_next.<locals>.receive_or_disconnect at 0x767d29d28ea0>
          │   └ {'type': 'http', 'http_version': '1.1', 'method': 'GET', 'path': '/api/v1/auth/me', 'raw_path': b'/api/v1/auth/me', 'root_pat...
          └ <function request_response.<locals>.app at 0x767d29d29260>
  File "/usr/local/lib/python3.13/site-packages/fastapi/routing.py", line 151, in app
    await wrap_app_handling_exceptions(app, request)(scope, receive, send)
          │                            │    │        │      │        └ <function wrap_app_handling_exceptions.<locals>.wrapped_app.<locals>.sender at 0x767d29d291c0>
          │                            │    │        │      └ <function BaseHTTPMiddleware.__call__.<locals>.call_next.<locals>.receive_or_disconnect at 0x767d29d28ea0>
          │                            │    │        └ {'type': 'http', 'http_version': '1.1', 'method': 'GET', 'path': '/api/v1/auth/me', 'raw_path': b'/api/v1/auth/me', 'root_pat...
          │                            │    └ <starlette.requests.Request object at 0x767d29d2d810>
          │                            └ <function request_response.<locals>.app.<locals>.app at 0x767d29d293a0>
          └ <function wrap_app_handling_exceptions at 0x767d2cd0b600>
  File "/usr/local/lib/python3.13/site-packages/starlette/_exception_handler.py", line 53, in wrapped_app
    raise exc
  File "/usr/local/lib/python3.13/site-packages/starlette/_exception_handler.py", line 42, in wrapped_app
    await app(scope, receive, sender)
          │   │      │        └ <function wrap_app_handling_exceptions.<locals>.wrapped_app.<locals>.sender at 0x767d29d294e0>
          │   │      └ <function BaseHTTPMiddleware.__call__.<locals>.call_next.<locals>.receive_or_disconnect at 0x767d29d28ea0>
          │   └ {'type': 'http', 'http_version': '1.1', 'method': 'GET', 'path': '/api/v1/auth/me', 'raw_path': b'/api/v1/auth/me', 'root_pat...
          └ <function request_response.<locals>.app.<locals>.app at 0x767d29d293a0>
  File "/usr/local/lib/python3.13/site-packages/fastapi/routing.py", line 137, in app
    response = await f(request)
                     │ └ <starlette.requests.Request object at 0x767d29d2d810>
                     └ <function get_request_handler.<locals>.app at 0x767d29d29300>
  File "/usr/local/lib/python3.13/site-packages/fastapi/routing.py", line 691, in app
    raw_response = await run_endpoint_function(
                         └ <function run_endpoint_function at 0x767d2cd334c0>
  File "/usr/local/lib/python3.13/site-packages/fastapi/routing.py", line 345, in run_endpoint_function
    return await dependant.call(**values)
                 │         │      └ {'current_user': <app.database.models.User object at 0x767d2d9a6cf0>, 'db': <MagicMock spec='AsyncSession' id='13027994610900...
                 │         └ <function get_me at 0x767d2a484cc0>
                 └ Dependant(path_params=[], query_params=[], header_params=[], cookie_params=[], body_params=[], dependencies=[Dependant(path_p...

  File "/workspace/app/api/auth/router.py", line 197, in get_me
    data=UserMeResponse.model_validate(user)
         │              │              └ <app.database.models.User object at 0x767d2d9a6cf0>
         │              └ <classmethod(<function BaseModel.model_validate at 0x767d2d75f9c0>)>
         └ <class 'app.schemas.auth.UserMeResponse'>

  File "/usr/local/lib/python3.13/site-packages/pydantic/main.py", line 732, in model_validate
    return cls.__pydantic_validator__.validate_python(
           │   │                      └ <method 'validate_python' of 'pydantic_core._pydantic_core.SchemaValidator' objects>
           │   └ SchemaValidator(title="UserMeResponse", validator=Model(
           │         ModelValidator {
           │             revalidate: Never,
           │             validator: M...
           └ <class 'app.schemas.auth.UserMeResponse'>

pydantic_core._pydantic_core.ValidationError: 1 validation error for UserMeResponse
profile.id
  UUID input should be a string, bytes or UUID object [type=uuid_type, input_value=None, input_type=NoneType]
    For further information visit https://errors.pydantic.dev/2.13/v/uuid_type
2026-07-19 11:15:12.446 | CRITICAL | main:lifespan:46 - Failed to ping Redis broker: Event loop is closed
2026-07-19 11:15:12.853 | CRITICAL | main:lifespan:46 - Failed to ping Redis broker: Event loop is closed
2026-07-19 11:15:12.859 | ERROR    | app.middleware.logging:dispatch:27 - Exception during request GET /api/v1/bookmarks: 2 validation errors for BookmarkResponse
position
  Input should be a valid integer [type=int_type, input_value=None, input_type=NoneType]
    For further information visit https://errors.pydantic.dev/2.13/v/int_type
user_id
  UUID input should be a string, bytes or UUID object [type=uuid_type, input_value=None, input_type=NoneType]
    For further information visit https://errors.pydantic.dev/2.13/v/uuid_type | Latency: 0.0022s
2026-07-19 11:15:12.859 | ERROR    | app.middleware.error_handlers:general_exception_handler:52 - Unhandled system error - GET /api/v1/bookmarks - Error: 2 validation errors for BookmarkResponse
position
  Input should be a valid integer [type=int_type, input_value=None, input_type=NoneType]
    For further information visit https://errors.pydantic.dev/2.13/v/int_type
user_id
  UUID input should be a string, bytes or UUID object [type=uuid_type, input_value=None, input_type=NoneType]
    For further information visit https://errors.pydantic.dev/2.13/v/uuid_type
Traceback (most recent call last):

  File "/usr/local/lib/python3.13/threading.py", line 1015, in _bootstrap
    self._bootstrap_inner()
    │    └ <function Thread._bootstrap_inner at 0x767d2ed54ea0>
    └ <Thread(asyncio-portal-767d28163360, started daemon 130279944025792)>
  File "/usr/local/lib/python3.13/threading.py", line 1044, in _bootstrap_inner
    self.run()
    │    └ <function Thread.run at 0x767d2ed54c20>
    └ <Thread(asyncio-portal-767d28163360, started daemon 130279944025792)>
  File "/usr/local/lib/python3.13/threading.py", line 995, in run
    self._target(*self._args, **self._kwargs)
    │    │        │    │        │    └ {}
    │    │        │    │        └ <Thread(asyncio-portal-767d28163360, started daemon 130279944025792)>
    │    │        │    └ ()
    │    │        └ <Thread(asyncio-portal-767d28163360, started daemon 130279944025792)>
    │    └ <function start_blocking_portal.<locals>.run_blocking_portal at 0x767d282f3880>
    └ <Thread(asyncio-portal-767d28163360, started daemon 130279944025792)>
  File "/usr/local/lib/python3.13/site-packages/anyio/from_thread.py", line 536, in run_blocking_portal
    run_eventloop(
    └ <function run at 0x767d2f39c900>
  File "/usr/local/lib/python3.13/site-packages/anyio/_core/_eventloop.py", line 83, in run
    return async_backend.run(func, args, {}, backend_options)
           │             │   │     │         └ {}
           │             │   │     └ ()
           │             │   └ <function start_blocking_portal.<locals>.run_portal at 0x767d282f3c40>
           │             └ <classmethod(<function AsyncIOBackend.run at 0x767d2d9356c0>)>
           └ <class 'anyio._backends._asyncio.AsyncIOBackend'>
  File "/usr/local/lib/python3.13/site-packages/anyio/_backends/_asyncio.py", line 2481, in run
    return runner.run(wrapper())
           │      │   └ <function start_blocking_portal.<locals>.run_portal at 0x767d282f3560>
           │      └ <function Runner.run at 0x767d2d596340>
           └ <asyncio.runners.Runner object at 0x767d28162ea0>
  File "/usr/local/lib/python3.13/asyncio/runners.py", line 119, in run
    return self._loop.run_until_complete(task)
           │    │     │                  └ <Task pending name='anyio.from_thread.start_blocking_portal.<locals>.run_portal' coro=<start_blocking_portal.<locals>.run_por...
           │    │     └ <function BaseEventLoop.run_until_complete at 0x767d2d58fe20>
           │    └ <_UnixSelectorEventLoop running=True closed=False debug=False>
           └ <asyncio.runners.Runner object at 0x767d28162ea0>
  File "/usr/local/lib/python3.13/asyncio/base_events.py", line 712, in run_until_complete
    self.run_forever()
    │    └ <function BaseEventLoop.run_forever at 0x767d2d58fd80>
    └ <_UnixSelectorEventLoop running=True closed=False debug=False>
  File "/usr/local/lib/python3.13/asyncio/base_events.py", line 683, in run_forever
    self._run_once()
    │    └ <function BaseEventLoop._run_once at 0x767d2d595bc0>
    └ <_UnixSelectorEventLoop running=True closed=False debug=False>
  File "/usr/local/lib/python3.13/asyncio/base_events.py", line 2060, in _run_once
    handle._run()
    │      └ <function Handle._run at 0x767d2e437880>
    └ <Handle Task.task_wakeup()>
  File "/usr/local/lib/python3.13/asyncio/events.py", line 89, in _run
    self._context.run(self._callback, *self._args)
    │    │            │    │           │    └ <member '_args' of 'Handle' objects>
    │    │            │    │           └ <Handle Task.task_wakeup()>
    │    │            │    └ <member '_callback' of 'Handle' objects>
    │    │            └ <Handle Task.task_wakeup()>
    │    └ <member '_context' of 'Handle' objects>
    └ <Handle Task.task_wakeup()>
  File "/usr/local/lib/python3.13/site-packages/anyio/_core/_tasks.py", line 275, in _run_coro
    retval = await self._coro
                   │    └ <member '_coro' of 'TaskHandle' objects>
                   └ <TaskHandle pending name='anyio.from_thread.BlockingPortal._call_func' coro=<coroutine object BlockingPortal._call_func at 0x...
  File "/usr/local/lib/python3.13/site-packages/anyio/from_thread.py", line 263, in _call_func
    retval = await retval_or_awaitable
                   └ <coroutine object FastAPI.__call__ at 0x767d29e431f0>
  File "/usr/local/lib/python3.13/site-packages/fastapi/applications.py", line 1163, in __call__
    await super().__call__(scope, receive, send)
                           │      │        └ <function _TestClientTransport.handle_request.<locals>.send at 0x767d282f3740>
                           │      └ <function _TestClientTransport.handle_request.<locals>.receive at 0x767d29d23100>
                           └ {'type': 'http', 'http_version': '1.1', 'method': 'GET', 'path': '/api/v1/bookmarks', 'raw_path': b'/api/v1/bookmarks', 'root...
  File "/usr/local/lib/python3.13/site-packages/starlette/applications.py", line 90, in __call__
    await self.middleware_stack(scope, receive, send)
          │    │                │      │        └ <function _TestClientTransport.handle_request.<locals>.send at 0x767d282f3740>
          │    │                │      └ <function _TestClientTransport.handle_request.<locals>.receive at 0x767d29d23100>
          │    │                └ {'type': 'http', 'http_version': '1.1', 'method': 'GET', 'path': '/api/v1/bookmarks', 'raw_path': b'/api/v1/bookmarks', 'root...
          │    └ <starlette.middleware.errors.ServerErrorMiddleware object at 0x767d29e8f8c0>
          └ <fastapi.applications.FastAPI object at 0x767d2a362cf0>
> File "/usr/local/lib/python3.13/site-packages/starlette/middleware/errors.py", line 164, in __call__
    await self.app(scope, receive, _send)
          │    │   │      │        └ <function ServerErrorMiddleware.__call__.<locals>._send at 0x767d282f3ce0>
          │    │   │      └ <function _TestClientTransport.handle_request.<locals>.receive at 0x767d29d23100>
          │    │   └ {'type': 'http', 'http_version': '1.1', 'method': 'GET', 'path': '/api/v1/bookmarks', 'raw_path': b'/api/v1/bookmarks', 'root...
          │    └ <app.middleware.logging.LoggingAndTrackingMiddleware object at 0x767d29e8f770>
          └ <starlette.middleware.errors.ServerErrorMiddleware object at 0x767d29e8f8c0>
  File "/usr/local/lib/python3.13/site-packages/starlette/middleware/base.py", line 193, in __call__
    response = await self.dispatch_func(request, call_next)
                     │    │             │        └ <function BaseHTTPMiddleware.__call__.<locals>.call_next at 0x767d28090ae0>
                     │    │             └ <starlette.middleware.base._CachedRequest object at 0x767d281636f0>
                     │    └ <bound method LoggingAndTrackingMiddleware.dispatch of <app.middleware.logging.LoggingAndTrackingMiddleware object at 0x767d2...
                     └ <app.middleware.logging.LoggingAndTrackingMiddleware object at 0x767d29e8f770>

  File "/workspace/app/middleware/logging.py", line 30, in dispatch
    raise e

  File "/workspace/app/middleware/logging.py", line 23, in dispatch
    response = await call_next(request)
                     │         └ <starlette.middleware.base._CachedRequest object at 0x767d281636f0>
                     └ <function BaseHTTPMiddleware.__call__.<locals>.call_next at 0x767d28090ae0>

  File "/usr/local/lib/python3.13/site-packages/starlette/middleware/base.py", line 168, in call_next
    raise app_exc from app_exc.__cause__ or app_exc.__context__
          │            │       │            │       └ <attribute '__context__' of 'BaseException' objects>
          │            │       │            └ 2 validation errors for BookmarkResponse
          │            │       │              position
          │            │       │                Input should be a valid integer [type=int_type, input_value=None, input_t...
          │            │       └ <attribute '__cause__' of 'BaseException' objects>
          │            └ 2 validation errors for BookmarkResponse
          │              position
          │                Input should be a valid integer [type=int_type, input_value=None, input_t...
          └ 2 validation errors for BookmarkResponse
            position
              Input should be a valid integer [type=int_type, input_value=None, input_t...
  File "/usr/local/lib/python3.13/site-packages/starlette/middleware/base.py", line 144, in coro
    await self.app(scope, receive_or_disconnect, send_no_error)
          │    │   │      │                      └ <function BaseHTTPMiddleware.__call__.<locals>.call_next.<locals>.send_no_error at 0x767d28090a40>
          │    │   │      └ <function BaseHTTPMiddleware.__call__.<locals>.call_next.<locals>.receive_or_disconnect at 0x767d28090900>
          │    │   └ {'type': 'http', 'http_version': '1.1', 'method': 'GET', 'path': '/api/v1/bookmarks', 'raw_path': b'/api/v1/bookmarks', 'root...
          │    └ <starlette.middleware.cors.CORSMiddleware object at 0x767d29e8f620>
          └ <app.middleware.logging.LoggingAndTrackingMiddleware object at 0x767d29e8f770>
  File "/usr/local/lib/python3.13/site-packages/starlette/middleware/cors.py", line 88, in __call__
    await self.app(scope, receive, send)
          │    │   │      │        └ <function BaseHTTPMiddleware.__call__.<locals>.call_next.<locals>.send_no_error at 0x767d28090a40>
          │    │   │      └ <function BaseHTTPMiddleware.__call__.<locals>.call_next.<locals>.receive_or_disconnect at 0x767d28090900>
          │    │   └ {'type': 'http', 'http_version': '1.1', 'method': 'GET', 'path': '/api/v1/bookmarks', 'raw_path': b'/api/v1/bookmarks', 'root...
          │    └ <starlette.middleware.exceptions.ExceptionMiddleware object at 0x767d29e8f4d0>
          └ <starlette.middleware.cors.CORSMiddleware object at 0x767d29e8f620>
  File "/usr/local/lib/python3.13/site-packages/starlette/middleware/exceptions.py", line 63, in __call__
    await wrap_app_handling_exceptions(self.app, conn)(scope, receive, send)
          │                            │    │    │     │      │        └ <function BaseHTTPMiddleware.__call__.<locals>.call_next.<locals>.send_no_error at 0x767d28090a40>
          │                            │    │    │     │      └ <function BaseHTTPMiddleware.__call__.<locals>.call_next.<locals>.receive_or_disconnect at 0x767d28090900>
          │                            │    │    │     └ {'type': 'http', 'http_version': '1.1', 'method': 'GET', 'path': '/api/v1/bookmarks', 'raw_path': b'/api/v1/bookmarks', 'root...
          │                            │    │    └ <starlette.requests.Request object at 0x767d29d02f10>
          │                            │    └ <fastapi.middleware.asyncexitstack.AsyncExitStackMiddleware object at 0x767d29e8f380>
          │                            └ <starlette.middleware.exceptions.ExceptionMiddleware object at 0x767d29e8f4d0>
          └ <function wrap_app_handling_exceptions at 0x767d2cd0b600>
  File "/usr/local/lib/python3.13/site-packages/starlette/_exception_handler.py", line 53, in wrapped_app
    raise exc
  File "/usr/local/lib/python3.13/site-packages/starlette/_exception_handler.py", line 42, in wrapped_app
    await app(scope, receive, sender)
          │   │      │        └ <function wrap_app_handling_exceptions.<locals>.wrapped_app.<locals>.sender at 0x767d28090ea0>
          │   │      └ <function BaseHTTPMiddleware.__call__.<locals>.call_next.<locals>.receive_or_disconnect at 0x767d28090900>
          │   └ {'type': 'http', 'http_version': '1.1', 'method': 'GET', 'path': '/api/v1/bookmarks', 'raw_path': b'/api/v1/bookmarks', 'root...
          └ <fastapi.middleware.asyncexitstack.AsyncExitStackMiddleware object at 0x767d29e8f380>
  File "/usr/local/lib/python3.13/site-packages/fastapi/middleware/asyncexitstack.py", line 18, in __call__
    await self.app(scope, receive, send)
          │    │   │      │        └ <function wrap_app_handling_exceptions.<locals>.wrapped_app.<locals>.sender at 0x767d28090ea0>
          │    │   │      └ <function BaseHTTPMiddleware.__call__.<locals>.call_next.<locals>.receive_or_disconnect at 0x767d28090900>
          │    │   └ {'type': 'http', 'http_version': '1.1', 'method': 'GET', 'path': '/api/v1/bookmarks', 'raw_path': b'/api/v1/bookmarks', 'root...
          │    └ <fastapi.routing.APIRouter object at 0x767d29eaa8b0>
          └ <fastapi.middleware.asyncexitstack.AsyncExitStackMiddleware object at 0x767d29e8f380>
  File "/usr/local/lib/python3.13/site-packages/starlette/routing.py", line 660, in __call__
    await self.middleware_stack(scope, receive, send)
          │    │                │      │        └ <function wrap_app_handling_exceptions.<locals>.wrapped_app.<locals>.sender at 0x767d28090ea0>
          │    │                │      └ <function BaseHTTPMiddleware.__call__.<locals>.call_next.<locals>.receive_or_disconnect at 0x767d28090900>
          │    │                └ {'type': 'http', 'http_version': '1.1', 'method': 'GET', 'path': '/api/v1/bookmarks', 'raw_path': b'/api/v1/bookmarks', 'root...
          │    └ <bound method APIRouter.app of <fastapi.routing.APIRouter object at 0x767d29eaa8b0>>
          └ <fastapi.routing.APIRouter object at 0x767d29eaa8b0>
  File "/usr/local/lib/python3.13/site-packages/fastapi/routing.py", line 2685, in app
    await route.handle(scope, receive, send)
          │     │      │      │        └ <function wrap_app_handling_exceptions.<locals>.wrapped_app.<locals>.sender at 0x767d28090ea0>
          │     │      │      └ <function BaseHTTPMiddleware.__call__.<locals>.call_next.<locals>.receive_or_disconnect at 0x767d28090900>
          │     │      └ {'type': 'http', 'http_version': '1.1', 'method': 'GET', 'path': '/api/v1/bookmarks', 'raw_path': b'/api/v1/bookmarks', 'root...
          │     └ <function _IncludedRouter.handle at 0x767d2cd3e0c0>
          └ _IncludedRouter(original_router=<fastapi.routing.APIRouter object at 0x767d2a48cb90>, include_context=_RouterIncludeContext(i...
  File "/usr/local/lib/python3.13/site-packages/fastapi/routing.py", line 1766, in handle
    await self.original_router.handle(scope, receive, send)
          │    │               │      │      │        └ <function wrap_app_handling_exceptions.<locals>.wrapped_app.<locals>.sender at 0x767d28090ea0>
          │    │               │      │      └ <function BaseHTTPMiddleware.__call__.<locals>.call_next.<locals>.receive_or_disconnect at 0x767d28090900>
          │    │               │      └ {'type': 'http', 'http_version': '1.1', 'method': 'GET', 'path': '/api/v1/bookmarks', 'raw_path': b'/api/v1/bookmarks', 'root...
          │    │               └ <function APIRouter.handle at 0x767d2cd3ff60>
          │    └ <fastapi.routing.APIRouter object at 0x767d2a48cb90>
          └ _IncludedRouter(original_router=<fastapi.routing.APIRouter object at 0x767d2a48cb90>, include_context=_RouterIncludeContext(i...
  File "/usr/local/lib/python3.13/site-packages/fastapi/routing.py", line 2740, in handle
    await included_router._handle_selected(scope, receive, send)
          │               │                │      │        └ <function wrap_app_handling_exceptions.<locals>.wrapped_app.<locals>.sender at 0x767d28090ea0>
          │               │                │      └ <function BaseHTTPMiddleware.__call__.<locals>.call_next.<locals>.receive_or_disconnect at 0x767d28090900>
          │               │                └ {'type': 'http', 'http_version': '1.1', 'method': 'GET', 'path': '/api/v1/bookmarks', 'raw_path': b'/api/v1/bookmarks', 'root...
          │               └ <function _IncludedRouter._handle_selected at 0x767d2cd3e160>
          └ _IncludedRouter(original_router=<fastapi.routing.APIRouter object at 0x767d2a48cb90>, include_context=_RouterIncludeContext(i...
  File "/usr/local/lib/python3.13/site-packages/fastapi/routing.py", line 1786, in _handle_selected
    await original_route.handle(scope, receive, send)
          │              │      │      │        └ <function wrap_app_handling_exceptions.<locals>.wrapped_app.<locals>.sender at 0x767d28090ea0>
          │              │      │      └ <function BaseHTTPMiddleware.__call__.<locals>.call_next.<locals>.receive_or_disconnect at 0x767d28090900>
          │              │      └ {'type': 'http', 'http_version': '1.1', 'method': 'GET', 'path': '/api/v1/bookmarks', 'raw_path': b'/api/v1/bookmarks', 'root...
          │              └ <function APIRoute.handle at 0x767d2cd3c180>
          └ APIRoute(path='/bookmarks', name='get_bookmarks', methods=['GET'])
  File "/usr/local/lib/python3.13/site-packages/fastapi/routing.py", line 1265, in handle
    await app(scope, receive, send)
          │   │      │        └ <function wrap_app_handling_exceptions.<locals>.wrapped_app.<locals>.sender at 0x767d28090ea0>
          │   │      └ <function BaseHTTPMiddleware.__call__.<locals>.call_next.<locals>.receive_or_disconnect at 0x767d28090900>
          │   └ {'type': 'http', 'http_version': '1.1', 'method': 'GET', 'path': '/api/v1/bookmarks', 'raw_path': b'/api/v1/bookmarks', 'root...
          └ <function request_response.<locals>.app at 0x767d28090fe0>
  File "/usr/local/lib/python3.13/site-packages/fastapi/routing.py", line 151, in app
    await wrap_app_handling_exceptions(app, request)(scope, receive, send)
          │                            │    │        │      │        └ <function wrap_app_handling_exceptions.<locals>.wrapped_app.<locals>.sender at 0x767d28090ea0>
          │                            │    │        │      └ <function BaseHTTPMiddleware.__call__.<locals>.call_next.<locals>.receive_or_disconnect at 0x767d28090900>
          │                            │    │        └ {'type': 'http', 'http_version': '1.1', 'method': 'GET', 'path': '/api/v1/bookmarks', 'raw_path': b'/api/v1/bookmarks', 'root...
          │                            │    └ <starlette.requests.Request object at 0x767d29d37a50>
          │                            └ <function request_response.<locals>.app.<locals>.app at 0x767d28090f40>
          └ <function wrap_app_handling_exceptions at 0x767d2cd0b600>
  File "/usr/local/lib/python3.13/site-packages/starlette/_exception_handler.py", line 53, in wrapped_app
    raise exc
  File "/usr/local/lib/python3.13/site-packages/starlette/_exception_handler.py", line 42, in wrapped_app
    await app(scope, receive, sender)
          │   │      │        └ <function wrap_app_handling_exceptions.<locals>.wrapped_app.<locals>.sender at 0x767d28091260>
          │   │      └ <function BaseHTTPMiddleware.__call__.<locals>.call_next.<locals>.receive_or_disconnect at 0x767d28090900>
          │   └ {'type': 'http', 'http_version': '1.1', 'method': 'GET', 'path': '/api/v1/bookmarks', 'raw_path': b'/api/v1/bookmarks', 'root...
          └ <function request_response.<locals>.app.<locals>.app at 0x767d28090f40>
  File "/usr/local/lib/python3.13/site-packages/fastapi/routing.py", line 137, in app
    response = await f(request)
                     │ └ <starlette.requests.Request object at 0x767d29d37a50>
                     └ <function get_request_handler.<locals>.app at 0x767d28091120>
  File "/usr/local/lib/python3.13/site-packages/fastapi/routing.py", line 691, in app
    raw_response = await run_endpoint_function(
                         └ <function run_endpoint_function at 0x767d2cd334c0>
  File "/usr/local/lib/python3.13/site-packages/fastapi/routing.py", line 345, in run_endpoint_function
    return await dependant.call(**values)
                 │         │      └ {'current_user': <app.database.models.User object at 0x767d29caec40>, 'db': <MagicMock spec='AsyncSession' id='13027994611774...
                 │         └ <function get_bookmarks at 0x767d2a1bf420>
                 └ Dependant(path_params=[], query_params=[ModelField(field_info=Query(None), name='folder_id', mode='validation', config=None)]...

  File "/workspace/app/api/bookmarks/router.py", line 225, in get_bookmarks
    data=[BookmarkResponse.model_validate(b) for b in bookmarks]
          │                │                          └ [<app.database.models.Bookmark object at 0x767d29caa210>]
          │                └ <classmethod(<function BaseModel.model_validate at 0x767d2d75f9c0>)>
          └ <class 'app.schemas.bookmarks.BookmarkResponse'>

  File "/usr/local/lib/python3.13/site-packages/pydantic/main.py", line 732, in model_validate
    return cls.__pydantic_validator__.validate_python(
           │   │                      └ <method 'validate_python' of 'pydantic_core._pydantic_core.SchemaValidator' objects>
           │   └ SchemaValidator(title="BookmarkResponse", validator=Model(
           │         ModelValidator {
           │             revalidate: Never,
           │             validator:...
           └ <class 'app.schemas.bookmarks.BookmarkResponse'>

pydantic_core._pydantic_core.ValidationError: 2 validation errors for BookmarkResponse
position
  Input should be a valid integer [type=int_type, input_value=None, input_type=NoneType]
    For further information visit https://errors.pydantic.dev/2.13/v/int_type
user_id
  UUID input should be a string, bytes or UUID object [type=uuid_type, input_value=None, input_type=NoneType]
    For further information visit https://errors.pydantic.dev/2.13/v/uuid_type
2026-07-19 11:15:13.687 | CRITICAL | main:lifespan:46 - Failed to ping Redis broker: Event loop is closed
2026-07-19 11:15:14.030 | ERROR    | app.middleware.logging:dispatch:27 - Exception during request GET /api/v1/settings: 5 validation errors for SettingResponse
language
  Input should be a valid string [type=string_type, input_value=None, input_type=NoneType]
    For further information visit https://errors.pydantic.dev/2.13/v/string_type
font_size
  Input should be a valid integer [type=int_type, input_value=None, input_type=NoneType]
    For further information visit https://errors.pydantic.dev/2.13/v/int_type
privacy_tracking_protection
  Input should be a valid boolean [type=bool_type, input_value=None, input_type=NoneType]
    For further information visit https://errors.pydantic.dev/2.13/v/bool_type
ai_provider
  Input should be a valid string [type=string_type, input_value=None, input_type=NoneType]
    For further information visit https://errors.pydantic.dev/2.13/v/string_type
ai_model
  Input should be a valid string [type=string_type, input_value=None, input_type=NoneType]
    For further information visit https://errors.pydantic.dev/2.13/v/string_type | Latency: 0.0194s
2026-07-19 11:15:14.030 | ERROR    | app.middleware.error_handlers:general_exception_handler:52 - Unhandled system error - GET /api/v1/settings - Error: 5 validation errors for SettingResponse
language
  Input should be a valid string [type=string_type, input_value=None, input_type=NoneType]
    For further information visit https://errors.pydantic.dev/2.13/v/string_type
font_size
  Input should be a valid integer [type=int_type, input_value=None, input_type=NoneType]
    For further information visit https://errors.pydantic.dev/2.13/v/int_type
privacy_tracking_protection
  Input should be a valid boolean [type=bool_type, input_value=None, input_type=NoneType]
    For further information visit https://errors.pydantic.dev/2.13/v/bool_type
ai_provider
  Input should be a valid string [type=string_type, input_value=None, input_type=NoneType]
    For further information visit https://errors.pydantic.dev/2.13/v/string_type
ai_model
  Input should be a valid string [type=string_type, input_value=None, input_type=NoneType]
    For further information visit https://errors.pydantic.dev/2.13/v/string_type
Traceback (most recent call last):

  File "/usr/local/lib/python3.13/threading.py", line 1015, in _bootstrap
    self._bootstrap_inner()
    │    └ <function Thread._bootstrap_inner at 0x767d2ed54ea0>
    └ <Thread(asyncio-portal-767d29d03020, started daemon 130279944025792)>
  File "/usr/local/lib/python3.13/threading.py", line 1044, in _bootstrap_inner
    self.run()
    │    └ <function Thread.run at 0x767d2ed54c20>
    └ <Thread(asyncio-portal-767d29d03020, started daemon 130279944025792)>
  File "/usr/local/lib/python3.13/threading.py", line 995, in run
    self._target(*self._args, **self._kwargs)
    │    │        │    │        │    └ {}
    │    │        │    │        └ <Thread(asyncio-portal-767d29d03020, started daemon 130279944025792)>
    │    │        │    └ ()
    │    │        └ <Thread(asyncio-portal-767d29d03020, started daemon 130279944025792)>
    │    └ <function start_blocking_portal.<locals>.run_blocking_portal at 0x767d28092480>
    └ <Thread(asyncio-portal-767d29d03020, started daemon 130279944025792)>
  File "/usr/local/lib/python3.13/site-packages/anyio/from_thread.py", line 536, in run_blocking_portal
    run_eventloop(
    └ <function run at 0x767d2f39c900>
  File "/usr/local/lib/python3.13/site-packages/anyio/_core/_eventloop.py", line 83, in run
    return async_backend.run(func, args, {}, backend_options)
           │             │   │     │         └ {}
           │             │   │     └ ()
           │             │   └ <function start_blocking_portal.<locals>.run_portal at 0x767d282f3560>
           │             └ <classmethod(<function AsyncIOBackend.run at 0x767d2d9356c0>)>
           └ <class 'anyio._backends._asyncio.AsyncIOBackend'>
  File "/usr/local/lib/python3.13/site-packages/anyio/_backends/_asyncio.py", line 2481, in run
    return runner.run(wrapper())
           │      │   └ <function start_blocking_portal.<locals>.run_portal at 0x767d28091c60>
           │      └ <function Runner.run at 0x767d2d596340>
           └ <asyncio.runners.Runner object at 0x767d29d01590>
  File "/usr/local/lib/python3.13/asyncio/runners.py", line 119, in run
    return self._loop.run_until_complete(task)
           │    │     │                  └ <Task pending name='anyio.from_thread.start_blocking_portal.<locals>.run_portal' coro=<start_blocking_portal.<locals>.run_por...
           │    │     └ <function BaseEventLoop.run_until_complete at 0x767d2d58fe20>
           │    └ <_UnixSelectorEventLoop running=True closed=False debug=False>
           └ <asyncio.runners.Runner object at 0x767d29d01590>
  File "/usr/local/lib/python3.13/asyncio/base_events.py", line 712, in run_until_complete
    self.run_forever()
    │    └ <function BaseEventLoop.run_forever at 0x767d2d58fd80>
    └ <_UnixSelectorEventLoop running=True closed=False debug=False>
  File "/usr/local/lib/python3.13/asyncio/base_events.py", line 683, in run_forever
    self._run_once()
    │    └ <function BaseEventLoop._run_once at 0x767d2d595bc0>
    └ <_UnixSelectorEventLoop running=True closed=False debug=False>
  File "/usr/local/lib/python3.13/asyncio/base_events.py", line 2060, in _run_once
    handle._run()
    │      └ <function Handle._run at 0x767d2e437880>
    └ <Handle Task.task_wakeup()>
  File "/usr/local/lib/python3.13/asyncio/events.py", line 89, in _run
    self._context.run(self._callback, *self._args)
    │    │            │    │           │    └ <member '_args' of 'Handle' objects>
    │    │            │    │           └ <Handle Task.task_wakeup()>
    │    │            │    └ <member '_callback' of 'Handle' objects>
    │    │            └ <Handle Task.task_wakeup()>
    │    └ <member '_context' of 'Handle' objects>
    └ <Handle Task.task_wakeup()>
  File "/usr/local/lib/python3.13/site-packages/anyio/_core/_tasks.py", line 275, in _run_coro
    retval = await self._coro
                   │    └ <member '_coro' of 'TaskHandle' objects>
                   └ <TaskHandle pending name='anyio.from_thread.BlockingPortal._call_func' coro=<coroutine object BlockingPortal._call_func at 0x...
  File "/usr/local/lib/python3.13/site-packages/anyio/from_thread.py", line 263, in _call_func
    retval = await retval_or_awaitable
                   └ <coroutine object FastAPI.__call__ at 0x767d2807f790>
  File "/usr/local/lib/python3.13/site-packages/fastapi/applications.py", line 1163, in __call__
    await super().__call__(scope, receive, send)
                           │      │        └ <function _TestClientTransport.handle_request.<locals>.send at 0x767d28091a80>
                           │      └ <function _TestClientTransport.handle_request.<locals>.receive at 0x767d29e89bc0>
                           └ {'type': 'http', 'http_version': '1.1', 'method': 'GET', 'path': '/api/v1/settings', 'raw_path': b'/api/v1/settings', 'root_p...
  File "/usr/local/lib/python3.13/site-packages/starlette/applications.py", line 90, in __call__
    await self.middleware_stack(scope, receive, send)
          │    │                │      │        └ <function _TestClientTransport.handle_request.<locals>.send at 0x767d28091a80>
          │    │                │      └ <function _TestClientTransport.handle_request.<locals>.receive at 0x767d29e89bc0>
          │    │                └ {'type': 'http', 'http_version': '1.1', 'method': 'GET', 'path': '/api/v1/settings', 'raw_path': b'/api/v1/settings', 'root_p...
          │    └ <starlette.middleware.errors.ServerErrorMiddleware object at 0x767d29e8f8c0>
          └ <fastapi.applications.FastAPI object at 0x767d2a362cf0>
> File "/usr/local/lib/python3.13/site-packages/starlette/middleware/errors.py", line 164, in __call__
    await self.app(scope, receive, _send)
          │    │   │      │        └ <function ServerErrorMiddleware.__call__.<locals>._send at 0x767d28092160>
          │    │   │      └ <function _TestClientTransport.handle_request.<locals>.receive at 0x767d29e89bc0>
          │    │   └ {'type': 'http', 'http_version': '1.1', 'method': 'GET', 'path': '/api/v1/settings', 'raw_path': b'/api/v1/settings', 'root_p...
          │    └ <app.middleware.logging.LoggingAndTrackingMiddleware object at 0x767d29e8f770>
          └ <starlette.middleware.errors.ServerErrorMiddleware object at 0x767d29e8f8c0>
  File "/usr/local/lib/python3.13/site-packages/starlette/middleware/base.py", line 193, in __call__
    response = await self.dispatch_func(request, call_next)
                     │    │             │        └ <function BaseHTTPMiddleware.__call__.<locals>.call_next at 0x767d28091b20>
                     │    │             └ <starlette.middleware.base._CachedRequest object at 0x767d2810e580>
                     │    └ <bound method LoggingAndTrackingMiddleware.dispatch of <app.middleware.logging.LoggingAndTrackingMiddleware object at 0x767d2...
                     └ <app.middleware.logging.LoggingAndTrackingMiddleware object at 0x767d29e8f770>

  File "/workspace/app/middleware/logging.py", line 30, in dispatch
    raise e

  File "/workspace/app/middleware/logging.py", line 23, in dispatch
    response = await call_next(request)
                     │         └ <starlette.middleware.base._CachedRequest object at 0x767d2810e580>
                     └ <function BaseHTTPMiddleware.__call__.<locals>.call_next at 0x767d28091b20>

  File "/usr/local/lib/python3.13/site-packages/starlette/middleware/base.py", line 168, in call_next
    raise app_exc from app_exc.__cause__ or app_exc.__context__
          │            │       │            │       └ <attribute '__context__' of 'BaseException' objects>
          │            │       │            └ 5 validation errors for SettingResponse
          │            │       │              language
          │            │       │                Input should be a valid string [type=string_type, input_value=None, input_...
          │            │       └ <attribute '__cause__' of 'BaseException' objects>
          │            └ 5 validation errors for SettingResponse
          │              language
          │                Input should be a valid string [type=string_type, input_value=None, input_...
          └ 5 validation errors for SettingResponse
            language
              Input should be a valid string [type=string_type, input_value=None, input_...
  File "/usr/local/lib/python3.13/site-packages/starlette/middleware/base.py", line 144, in coro
    await self.app(scope, receive_or_disconnect, send_no_error)
          │    │   │      │                      └ <function BaseHTTPMiddleware.__call__.<locals>.call_next.<locals>.send_no_error at 0x767d28092e80>
          │    │   │      └ <function BaseHTTPMiddleware.__call__.<locals>.call_next.<locals>.receive_or_disconnect at 0x767d28092de0>
          │    │   └ {'type': 'http', 'http_version': '1.1', 'method': 'GET', 'path': '/api/v1/settings', 'raw_path': b'/api/v1/settings', 'root_p...
          │    └ <starlette.middleware.cors.CORSMiddleware object at 0x767d29e8f620>
          └ <app.middleware.logging.LoggingAndTrackingMiddleware object at 0x767d29e8f770>
  File "/usr/local/lib/python3.13/site-packages/starlette/middleware/cors.py", line 88, in __call__
    await self.app(scope, receive, send)
          │    │   │      │        └ <function BaseHTTPMiddleware.__call__.<locals>.call_next.<locals>.send_no_error at 0x767d28092e80>
          │    │   │      └ <function BaseHTTPMiddleware.__call__.<locals>.call_next.<locals>.receive_or_disconnect at 0x767d28092de0>
          │    │   └ {'type': 'http', 'http_version': '1.1', 'method': 'GET', 'path': '/api/v1/settings', 'raw_path': b'/api/v1/settings', 'root_p...
          │    └ <starlette.middleware.exceptions.ExceptionMiddleware object at 0x767d29e8f4d0>
          └ <starlette.middleware.cors.CORSMiddleware object at 0x767d29e8f620>
  File "/usr/local/lib/python3.13/site-packages/starlette/middleware/exceptions.py", line 63, in __call__
    await wrap_app_handling_exceptions(self.app, conn)(scope, receive, send)
          │                            │    │    │     │      │        └ <function BaseHTTPMiddleware.__call__.<locals>.call_next.<locals>.send_no_error at 0x767d28092e80>
          │                            │    │    │     │      └ <function BaseHTTPMiddleware.__call__.<locals>.call_next.<locals>.receive_or_disconnect at 0x767d28092de0>
          │                            │    │    │     └ {'type': 'http', 'http_version': '1.1', 'method': 'GET', 'path': '/api/v1/settings', 'raw_path': b'/api/v1/settings', 'root_p...
          │                            │    │    └ <starlette.requests.Request object at 0x767d19d68120>
          │                            │    └ <fastapi.middleware.asyncexitstack.AsyncExitStackMiddleware object at 0x767d29e8f380>
          │                            └ <starlette.middleware.exceptions.ExceptionMiddleware object at 0x767d29e8f4d0>
          └ <function wrap_app_handling_exceptions at 0x767d2cd0b600>
  File "/usr/local/lib/python3.13/site-packages/starlette/_exception_handler.py", line 53, in wrapped_app
    raise exc
  File "/usr/local/lib/python3.13/site-packages/starlette/_exception_handler.py", line 42, in wrapped_app
    await app(scope, receive, sender)
          │   │      │        └ <function wrap_app_handling_exceptions.<locals>.wrapped_app.<locals>.sender at 0x767d280934c0>
          │   │      └ <function BaseHTTPMiddleware.__call__.<locals>.call_next.<locals>.receive_or_disconnect at 0x767d28092de0>
          │   └ {'type': 'http', 'http_version': '1.1', 'method': 'GET', 'path': '/api/v1/settings', 'raw_path': b'/api/v1/settings', 'root_p...
          └ <fastapi.middleware.asyncexitstack.AsyncExitStackMiddleware object at 0x767d29e8f380>
  File "/usr/local/lib/python3.13/site-packages/fastapi/middleware/asyncexitstack.py", line 18, in __call__
    await self.app(scope, receive, send)
          │    │   │      │        └ <function wrap_app_handling_exceptions.<locals>.wrapped_app.<locals>.sender at 0x767d280934c0>
          │    │   │      └ <function BaseHTTPMiddleware.__call__.<locals>.call_next.<locals>.receive_or_disconnect at 0x767d28092de0>
          │    │   └ {'type': 'http', 'http_version': '1.1', 'method': 'GET', 'path': '/api/v1/settings', 'raw_path': b'/api/v1/settings', 'root_p...
          │    └ <fastapi.routing.APIRouter object at 0x767d29eaa8b0>
          └ <fastapi.middleware.asyncexitstack.AsyncExitStackMiddleware object at 0x767d29e8f380>
  File "/usr/local/lib/python3.13/site-packages/starlette/routing.py", line 660, in __call__
    await self.middleware_stack(scope, receive, send)
          │    │                │      │        └ <function wrap_app_handling_exceptions.<locals>.wrapped_app.<locals>.sender at 0x767d280934c0>
          │    │                │      └ <function BaseHTTPMiddleware.__call__.<locals>.call_next.<locals>.receive_or_disconnect at 0x767d28092de0>
          │    │                └ {'type': 'http', 'http_version': '1.1', 'method': 'GET', 'path': '/api/v1/settings', 'raw_path': b'/api/v1/settings', 'root_p...
          │    └ <bound method APIRouter.app of <fastapi.routing.APIRouter object at 0x767d29eaa8b0>>
          └ <fastapi.routing.APIRouter object at 0x767d29eaa8b0>
  File "/usr/local/lib/python3.13/site-packages/fastapi/routing.py", line 2685, in app
    await route.handle(scope, receive, send)
          │     │      │      │        └ <function wrap_app_handling_exceptions.<locals>.wrapped_app.<locals>.sender at 0x767d280934c0>
          │     │      │      └ <function BaseHTTPMiddleware.__call__.<locals>.call_next.<locals>.receive_or_disconnect at 0x767d28092de0>
          │     │      └ {'type': 'http', 'http_version': '1.1', 'method': 'GET', 'path': '/api/v1/settings', 'raw_path': b'/api/v1/settings', 'root_p...
          │     └ <function _IncludedRouter.handle at 0x767d2cd3e0c0>
          └ _IncludedRouter(original_router=<fastapi.routing.APIRouter object at 0x767d2a24fce0>, include_context=_RouterIncludeContext(i...
  File "/usr/local/lib/python3.13/site-packages/fastapi/routing.py", line 1766, in handle
    await self.original_router.handle(scope, receive, send)
          │    │               │      │      │        └ <function wrap_app_handling_exceptions.<locals>.wrapped_app.<locals>.sender at 0x767d280934c0>
          │    │               │      │      └ <function BaseHTTPMiddleware.__call__.<locals>.call_next.<locals>.receive_or_disconnect at 0x767d28092de0>
          │    │               │      └ {'type': 'http', 'http_version': '1.1', 'method': 'GET', 'path': '/api/v1/settings', 'raw_path': b'/api/v1/settings', 'root_p...
          │    │               └ <function APIRouter.handle at 0x767d2cd3ff60>
          │    └ <fastapi.routing.APIRouter object at 0x767d2a24fce0>
          └ _IncludedRouter(original_router=<fastapi.routing.APIRouter object at 0x767d2a24fce0>, include_context=_RouterIncludeContext(i...
  File "/usr/local/lib/python3.13/site-packages/fastapi/routing.py", line 2740, in handle
    await included_router._handle_selected(scope, receive, send)
          │               │                │      │        └ <function wrap_app_handling_exceptions.<locals>.wrapped_app.<locals>.sender at 0x767d280934c0>
          │               │                │      └ <function BaseHTTPMiddleware.__call__.<locals>.call_next.<locals>.receive_or_disconnect at 0x767d28092de0>
          │               │                └ {'type': 'http', 'http_version': '1.1', 'method': 'GET', 'path': '/api/v1/settings', 'raw_path': b'/api/v1/settings', 'root_p...
          │               └ <function _IncludedRouter._handle_selected at 0x767d2cd3e160>
          └ _IncludedRouter(original_router=<fastapi.routing.APIRouter object at 0x767d2a24fce0>, include_context=_RouterIncludeContext(i...
  File "/usr/local/lib/python3.13/site-packages/fastapi/routing.py", line 1786, in _handle_selected
    await original_route.handle(scope, receive, send)
          │              │      │      │        └ <function wrap_app_handling_exceptions.<locals>.wrapped_app.<locals>.sender at 0x767d280934c0>
          │              │      │      └ <function BaseHTTPMiddleware.__call__.<locals>.call_next.<locals>.receive_or_disconnect at 0x767d28092de0>
          │              │      └ {'type': 'http', 'http_version': '1.1', 'method': 'GET', 'path': '/api/v1/settings', 'raw_path': b'/api/v1/settings', 'root_p...
          │              └ <function APIRoute.handle at 0x767d2cd3c180>
          └ APIRoute(path='/settings', name='get_user_settings', methods=['GET'])
  File "/usr/local/lib/python3.13/site-packages/fastapi/routing.py", line 1265, in handle
    await app(scope, receive, send)
          │   │      │        └ <function wrap_app_handling_exceptions.<locals>.wrapped_app.<locals>.sender at 0x767d280934c0>
          │   │      └ <function BaseHTTPMiddleware.__call__.<locals>.call_next.<locals>.receive_or_disconnect at 0x767d28092de0>
          │   └ {'type': 'http', 'http_version': '1.1', 'method': 'GET', 'path': '/api/v1/settings', 'raw_path': b'/api/v1/settings', 'root_p...
          └ <function request_response.<locals>.app at 0x767d28093560>
  File "/usr/local/lib/python3.13/site-packages/fastapi/routing.py", line 151, in app
    await wrap_app_handling_exceptions(app, request)(scope, receive, send)
          │                            │    │        │      │        └ <function wrap_app_handling_exceptions.<locals>.wrapped_app.<locals>.sender at 0x767d280934c0>
          │                            │    │        │      └ <function BaseHTTPMiddleware.__call__.<locals>.call_next.<locals>.receive_or_disconnect at 0x767d28092de0>
          │                            │    │        └ {'type': 'http', 'http_version': '1.1', 'method': 'GET', 'path': '/api/v1/settings', 'raw_path': b'/api/v1/settings', 'root_p...
          │                            │    └ <starlette.requests.Request object at 0x767d28437590>
          │                            └ <function request_response.<locals>.app.<locals>.app at 0x767d280936a0>
          └ <function wrap_app_handling_exceptions at 0x767d2cd0b600>
  File "/usr/local/lib/python3.13/site-packages/starlette/_exception_handler.py", line 53, in wrapped_app
    raise exc
  File "/usr/local/lib/python3.13/site-packages/starlette/_exception_handler.py", line 42, in wrapped_app
    await app(scope, receive, sender)
          │   │      │        └ <function wrap_app_handling_exceptions.<locals>.wrapped_app.<locals>.sender at 0x767d280937e0>
          │   │      └ <function BaseHTTPMiddleware.__call__.<locals>.call_next.<locals>.receive_or_disconnect at 0x767d28092de0>
          │   └ {'type': 'http', 'http_version': '1.1', 'method': 'GET', 'path': '/api/v1/settings', 'raw_path': b'/api/v1/settings', 'root_p...
          └ <function request_response.<locals>.app.<locals>.app at 0x767d280936a0>
  File "/usr/local/lib/python3.13/site-packages/fastapi/routing.py", line 137, in app
    response = await f(request)
                     │ └ <starlette.requests.Request object at 0x767d28437590>
                     └ <function get_request_handler.<locals>.app at 0x767d28093600>
  File "/usr/local/lib/python3.13/site-packages/fastapi/routing.py", line 691, in app
    raw_response = await run_endpoint_function(
                         └ <function run_endpoint_function at 0x767d2cd334c0>
  File "/usr/local/lib/python3.13/site-packages/fastapi/routing.py", line 345, in run_endpoint_function
    return await dependant.call(**values)
                 │         │      └ {'current_user': <app.database.models.User object at 0x767d29cb9040>, 'db': <MagicMock spec='AsyncSession' id='13027991503225...
                 │         └ <function get_user_settings at 0x767d2a219260>
                 └ Dependant(path_params=[], query_params=[], header_params=[], cookie_params=[], body_params=[], dependencies=[Dependant(path_p...

  File "/workspace/app/api/settings/router.py", line 42, in get_user_settings
    data=SettingResponse.model_validate(setting)
         │               │              └ <app.database.models.Setting object at 0x767d2810e250>
         │               └ <classmethod(<function BaseModel.model_validate at 0x767d2d75f9c0>)>
         └ <class 'app.schemas.settings.SettingResponse'>

  File "/usr/local/lib/python3.13/site-packages/pydantic/main.py", line 732, in model_validate
    return cls.__pydantic_validator__.validate_python(
           │   │                      └ <method 'validate_python' of 'pydantic_core._pydantic_core.SchemaValidator' objects>
           │   └ SchemaValidator(title="SettingResponse", validator=Model(
           │         ModelValidator {
           │             revalidate: Never,
           │             validator: ...
           └ <class 'app.schemas.settings.SettingResponse'>

pydantic_core._pydantic_core.ValidationError: 5 validation errors for SettingResponse
language
  Input should be a valid string [type=string_type, input_value=None, input_type=NoneType]
    For further information visit https://errors.pydantic.dev/2.13/v/string_type
font_size
  Input should be a valid integer [type=int_type, input_value=None, input_type=NoneType]
    For further information visit https://errors.pydantic.dev/2.13/v/int_type
privacy_tracking_protection
  Input should be a valid boolean [type=bool_type, input_value=None, input_type=NoneType]
    For further information visit https://errors.pydantic.dev/2.13/v/bool_type
ai_provider
  Input should be a valid string [type=string_type, input_value=None, input_type=NoneType]
    For further information visit https://errors.pydantic.dev/2.13/v/string_type
ai_model
  Input should be a valid string [type=string_type, input_value=None, input_type=NoneType]
    For further information visit https://errors.pydantic.dev/2.13/v/string_type
2026-07-19 11:15:14.776 | CRITICAL | main:lifespan:46 - Failed to ping Redis broker: Event loop is closed
2026-07-19 11:15:14.784 | ERROR    | app.middleware.logging:dispatch:27 - Exception during request PUT /api/v1/settings: 6 validation errors for SettingResponse
homepage_url
  Input should be a valid string [type=string_type, input_value=None, input_type=NoneType]
    For further information visit https://errors.pydantic.dev/2.13/v/string_type
language
  Input should be a valid string [type=string_type, input_value=None, input_type=NoneType]
    For further information visit https://errors.pydantic.dev/2.13/v/string_type
font_size
  Input should be a valid integer [type=int_type, input_value=None, input_type=NoneType]
    For further information visit https://errors.pydantic.dev/2.13/v/int_type
privacy_tracking_protection
  Input should be a valid boolean [type=bool_type, input_value=None, input_type=NoneType]
    For further information visit https://errors.pydantic.dev/2.13/v/bool_type
ai_provider
  Input should be a valid string [type=string_type, input_value=None, input_type=NoneType]
    For further information visit https://errors.pydantic.dev/2.13/v/string_type
ai_model
  Input should be a valid string [type=string_type, input_value=None, input_type=NoneType]
    For further information visit https://errors.pydantic.dev/2.13/v/string_type | Latency: 0.0046s
2026-07-19 11:15:14.785 | ERROR    | app.middleware.error_handlers:general_exception_handler:52 - Unhandled system error - PUT /api/v1/settings - Error: 6 validation errors for SettingResponse
homepage_url
  Input should be a valid string [type=string_type, input_value=None, input_type=NoneType]
    For further information visit https://errors.pydantic.dev/2.13/v/string_type
language
  Input should be a valid string [type=string_type, input_value=None, input_type=NoneType]
    For further information visit https://errors.pydantic.dev/2.13/v/string_type
font_size
  Input should be a valid integer [type=int_type, input_value=None, input_type=NoneType]
    For further information visit https://errors.pydantic.dev/2.13/v/int_type
privacy_tracking_protection
  Input should be a valid boolean [type=bool_type, input_value=None, input_type=NoneType]
    For further information visit https://errors.pydantic.dev/2.13/v/bool_type
ai_provider
  Input should be a valid string [type=string_type, input_value=None, input_type=NoneType]
    For further information visit https://errors.pydantic.dev/2.13/v/string_type
ai_model
  Input should be a valid string [type=string_type, input_value=None, input_type=NoneType]
    For further information visit https://errors.pydantic.dev/2.13/v/string_type
Traceback (most recent call last):

  File "/usr/local/lib/python3.13/threading.py", line 1015, in _bootstrap
    self._bootstrap_inner()
    │    └ <function Thread._bootstrap_inner at 0x767d2ed54ea0>
    └ <Thread(asyncio-portal-767d2810dd00, started daemon 130279944025792)>
  File "/usr/local/lib/python3.13/threading.py", line 1044, in _bootstrap_inner
    self.run()
    │    └ <function Thread.run at 0x767d2ed54c20>
    └ <Thread(asyncio-portal-767d2810dd00, started daemon 130279944025792)>
  File "/usr/local/lib/python3.13/threading.py", line 995, in run
    self._target(*self._args, **self._kwargs)
    │    │        │    │        │    └ {}
    │    │        │    │        └ <Thread(asyncio-portal-767d2810dd00, started daemon 130279944025792)>
    │    │        │    └ ()
    │    │        └ <Thread(asyncio-portal-767d2810dd00, started daemon 130279944025792)>
    │    └ <function start_blocking_portal.<locals>.run_blocking_portal at 0x767d28092480>
    └ <Thread(asyncio-portal-767d2810dd00, started daemon 130279944025792)>
  File "/usr/local/lib/python3.13/site-packages/anyio/from_thread.py", line 536, in run_blocking_portal
    run_eventloop(
    └ <function run at 0x767d2f39c900>
  File "/usr/local/lib/python3.13/site-packages/anyio/_core/_eventloop.py", line 83, in run
    return async_backend.run(func, args, {}, backend_options)
           │             │   │     │         └ {}
           │             │   │     └ ()
           │             │   └ <function start_blocking_portal.<locals>.run_portal at 0x767d28092660>
           │             └ <classmethod(<function AsyncIOBackend.run at 0x767d2d9356c0>)>
           └ <class 'anyio._backends._asyncio.AsyncIOBackend'>
  File "/usr/local/lib/python3.13/site-packages/anyio/_backends/_asyncio.py", line 2481, in run
    return runner.run(wrapper())
           │      │   └ <function start_blocking_portal.<locals>.run_portal at 0x767d29d23e20>
           │      └ <function Runner.run at 0x767d2d596340>
           └ <asyncio.runners.Runner object at 0x767d2810d6a0>
  File "/usr/local/lib/python3.13/asyncio/runners.py", line 119, in run
    return self._loop.run_until_complete(task)
           │    │     │                  └ <Task pending name='anyio.from_thread.start_blocking_portal.<locals>.run_portal' coro=<start_blocking_portal.<locals>.run_por...
           │    │     └ <function BaseEventLoop.run_until_complete at 0x767d2d58fe20>
           │    └ <_UnixSelectorEventLoop running=True closed=False debug=False>
           └ <asyncio.runners.Runner object at 0x767d2810d6a0>
  File "/usr/local/lib/python3.13/asyncio/base_events.py", line 712, in run_until_complete
    self.run_forever()
    │    └ <function BaseEventLoop.run_forever at 0x767d2d58fd80>
    └ <_UnixSelectorEventLoop running=True closed=False debug=False>
  File "/usr/local/lib/python3.13/asyncio/base_events.py", line 683, in run_forever
    self._run_once()
    │    └ <function BaseEventLoop._run_once at 0x767d2d595bc0>
    └ <_UnixSelectorEventLoop running=True closed=False debug=False>
  File "/usr/local/lib/python3.13/asyncio/base_events.py", line 2060, in _run_once
    handle._run()
    │      └ <function Handle._run at 0x767d2e437880>
    └ <Handle Task.task_wakeup()>
  File "/usr/local/lib/python3.13/asyncio/events.py", line 89, in _run
    self._context.run(self._callback, *self._args)
    │    │            │    │           │    └ <member '_args' of 'Handle' objects>
    │    │            │    │           └ <Handle Task.task_wakeup()>
    │    │            │    └ <member '_callback' of 'Handle' objects>
    │    │            └ <Handle Task.task_wakeup()>
    │    └ <member '_context' of 'Handle' objects>
    └ <Handle Task.task_wakeup()>
  File "/usr/local/lib/python3.13/site-packages/anyio/_core/_tasks.py", line 275, in _run_coro
    retval = await self._coro
                   │    └ <member '_coro' of 'TaskHandle' objects>
                   └ <TaskHandle pending name='anyio.from_thread.BlockingPortal._call_func' coro=<coroutine object BlockingPortal._call_func at 0x...
  File "/usr/local/lib/python3.13/site-packages/anyio/from_thread.py", line 263, in _call_func
    retval = await retval_or_awaitable
                   └ <coroutine object FastAPI.__call__ at 0x767d2807df30>
  File "/usr/local/lib/python3.13/site-packages/fastapi/applications.py", line 1163, in __call__
    await super().__call__(scope, receive, send)
                           │      │        └ <function _TestClientTransport.handle_request.<locals>.send at 0x767d280920c0>
                           │      └ <function _TestClientTransport.handle_request.<locals>.receive at 0x767d29d23920>
                           └ {'type': 'http', 'http_version': '1.1', 'method': 'PUT', 'path': '/api/v1/settings', 'raw_path': b'/api/v1/settings', 'root_p...
  File "/usr/local/lib/python3.13/site-packages/starlette/applications.py", line 90, in __call__
    await self.middleware_stack(scope, receive, send)
          │    │                │      │        └ <function _TestClientTransport.handle_request.<locals>.send at 0x767d280920c0>
          │    │                │      └ <function _TestClientTransport.handle_request.<locals>.receive at 0x767d29d23920>
          │    │                └ {'type': 'http', 'http_version': '1.1', 'method': 'PUT', 'path': '/api/v1/settings', 'raw_path': b'/api/v1/settings', 'root_p...
          │    └ <starlette.middleware.errors.ServerErrorMiddleware object at 0x767d29e8f8c0>
          └ <fastapi.applications.FastAPI object at 0x767d2a362cf0>
> File "/usr/local/lib/python3.13/site-packages/starlette/middleware/errors.py", line 164, in __call__
    await self.app(scope, receive, _send)
          │    │   │      │        └ <function ServerErrorMiddleware.__call__.<locals>._send at 0x767d28092340>
          │    │   │      └ <function _TestClientTransport.handle_request.<locals>.receive at 0x767d29d23920>
          │    │   └ {'type': 'http', 'http_version': '1.1', 'method': 'PUT', 'path': '/api/v1/settings', 'raw_path': b'/api/v1/settings', 'root_p...
          │    └ <app.middleware.logging.LoggingAndTrackingMiddleware object at 0x767d29e8f770>
          └ <starlette.middleware.errors.ServerErrorMiddleware object at 0x767d29e8f8c0>
  File "/usr/local/lib/python3.13/site-packages/starlette/middleware/base.py", line 193, in __call__
    response = await self.dispatch_func(request, call_next)
                     │    │             │        └ <function BaseHTTPMiddleware.__call__.<locals>.call_next at 0x767d28091800>
                     │    │             └ <starlette.middleware.base._CachedRequest object at 0x767d28140490>
                     │    └ <bound method LoggingAndTrackingMiddleware.dispatch of <app.middleware.logging.LoggingAndTrackingMiddleware object at 0x767d2...
                     └ <app.middleware.logging.LoggingAndTrackingMiddleware object at 0x767d29e8f770>

  File "/workspace/app/middleware/logging.py", line 30, in dispatch
    raise e

  File "/workspace/app/middleware/logging.py", line 23, in dispatch
    response = await call_next(request)
                     │         └ <starlette.middleware.base._CachedRequest object at 0x767d28140490>
                     └ <function BaseHTTPMiddleware.__call__.<locals>.call_next at 0x767d28091800>

  File "/usr/local/lib/python3.13/site-packages/starlette/middleware/base.py", line 168, in call_next
    raise app_exc from app_exc.__cause__ or app_exc.__context__
          │            │       │            │       └ <attribute '__context__' of 'BaseException' objects>
          │            │       │            └ 6 validation errors for SettingResponse
          │            │       │              homepage_url
          │            │       │                Input should be a valid string [type=string_type, input_value=None, in...
          │            │       └ <attribute '__cause__' of 'BaseException' objects>
          │            └ 6 validation errors for SettingResponse
          │              homepage_url
          │                Input should be a valid string [type=string_type, input_value=None, in...
          └ 6 validation errors for SettingResponse
            homepage_url
              Input should be a valid string [type=string_type, input_value=None, in...
  File "/usr/local/lib/python3.13/site-packages/starlette/middleware/base.py", line 144, in coro
    await self.app(scope, receive_or_disconnect, send_no_error)
          │    │   │      │                      └ <function BaseHTTPMiddleware.__call__.<locals>.call_next.<locals>.send_no_error at 0x767d28092ca0>
          │    │   │      └ <function BaseHTTPMiddleware.__call__.<locals>.call_next.<locals>.receive_or_disconnect at 0x767d28093e20>
          │    │   └ {'type': 'http', 'http_version': '1.1', 'method': 'PUT', 'path': '/api/v1/settings', 'raw_path': b'/api/v1/settings', 'root_p...
          │    └ <starlette.middleware.cors.CORSMiddleware object at 0x767d29e8f620>
          └ <app.middleware.logging.LoggingAndTrackingMiddleware object at 0x767d29e8f770>
  File "/usr/local/lib/python3.13/site-packages/starlette/middleware/cors.py", line 88, in __call__
    await self.app(scope, receive, send)
          │    │   │      │        └ <function BaseHTTPMiddleware.__call__.<locals>.call_next.<locals>.send_no_error at 0x767d28092ca0>
          │    │   │      └ <function BaseHTTPMiddleware.__call__.<locals>.call_next.<locals>.receive_or_disconnect at 0x767d28093e20>
          │    │   └ {'type': 'http', 'http_version': '1.1', 'method': 'PUT', 'path': '/api/v1/settings', 'raw_path': b'/api/v1/settings', 'root_p...
          │    └ <starlette.middleware.exceptions.ExceptionMiddleware object at 0x767d29e8f4d0>
          └ <starlette.middleware.cors.CORSMiddleware object at 0x767d29e8f620>
  File "/usr/local/lib/python3.13/site-packages/starlette/middleware/exceptions.py", line 63, in __call__
    await wrap_app_handling_exceptions(self.app, conn)(scope, receive, send)
          │                            │    │    │     │      │        └ <function BaseHTTPMiddleware.__call__.<locals>.call_next.<locals>.send_no_error at 0x767d28092ca0>
          │                            │    │    │     │      └ <function BaseHTTPMiddleware.__call__.<locals>.call_next.<locals>.receive_or_disconnect at 0x767d28093e20>
          │                            │    │    │     └ {'type': 'http', 'http_version': '1.1', 'method': 'PUT', 'path': '/api/v1/settings', 'raw_path': b'/api/v1/settings', 'root_p...
          │                            │    │    └ <starlette.requests.Request object at 0x767d2836f960>
          │                            │    └ <fastapi.middleware.asyncexitstack.AsyncExitStackMiddleware object at 0x767d29e8f380>
          │                            └ <starlette.middleware.exceptions.ExceptionMiddleware object at 0x767d29e8f4d0>
          └ <function wrap_app_handling_exceptions at 0x767d2cd0b600>
  File "/usr/local/lib/python3.13/site-packages/starlette/_exception_handler.py", line 53, in wrapped_app
    raise exc
  File "/usr/local/lib/python3.13/site-packages/starlette/_exception_handler.py", line 42, in wrapped_app
    await app(scope, receive, sender)
          │   │      │        └ <function wrap_app_handling_exceptions.<locals>.wrapped_app.<locals>.sender at 0x767d280dc040>
          │   │      └ <function BaseHTTPMiddleware.__call__.<locals>.call_next.<locals>.receive_or_disconnect at 0x767d28093e20>
          │   └ {'type': 'http', 'http_version': '1.1', 'method': 'PUT', 'path': '/api/v1/settings', 'raw_path': b'/api/v1/settings', 'root_p...
          └ <fastapi.middleware.asyncexitstack.AsyncExitStackMiddleware object at 0x767d29e8f380>
  File "/usr/local/lib/python3.13/site-packages/fastapi/middleware/asyncexitstack.py", line 18, in __call__
    await self.app(scope, receive, send)
          │    │   │      │        └ <function wrap_app_handling_exceptions.<locals>.wrapped_app.<locals>.sender at 0x767d280dc040>
          │    │   │      └ <function BaseHTTPMiddleware.__call__.<locals>.call_next.<locals>.receive_or_disconnect at 0x767d28093e20>
          │    │   └ {'type': 'http', 'http_version': '1.1', 'method': 'PUT', 'path': '/api/v1/settings', 'raw_path': b'/api/v1/settings', 'root_p...
          │    └ <fastapi.routing.APIRouter object at 0x767d29eaa8b0>
          └ <fastapi.middleware.asyncexitstack.AsyncExitStackMiddleware object at 0x767d29e8f380>
  File "/usr/local/lib/python3.13/site-packages/starlette/routing.py", line 660, in __call__
    await self.middleware_stack(scope, receive, send)
          │    │                │      │        └ <function wrap_app_handling_exceptions.<locals>.wrapped_app.<locals>.sender at 0x767d280dc040>
          │    │                │      └ <function BaseHTTPMiddleware.__call__.<locals>.call_next.<locals>.receive_or_disconnect at 0x767d28093e20>
          │    │                └ {'type': 'http', 'http_version': '1.1', 'method': 'PUT', 'path': '/api/v1/settings', 'raw_path': b'/api/v1/settings', 'root_p...
          │    └ <bound method APIRouter.app of <fastapi.routing.APIRouter object at 0x767d29eaa8b0>>
          └ <fastapi.routing.APIRouter object at 0x767d29eaa8b0>
  File "/usr/local/lib/python3.13/site-packages/fastapi/routing.py", line 2685, in app
    await route.handle(scope, receive, send)
          │     │      │      │        └ <function wrap_app_handling_exceptions.<locals>.wrapped_app.<locals>.sender at 0x767d280dc040>
          │     │      │      └ <function BaseHTTPMiddleware.__call__.<locals>.call_next.<locals>.receive_or_disconnect at 0x767d28093e20>
          │     │      └ {'type': 'http', 'http_version': '1.1', 'method': 'PUT', 'path': '/api/v1/settings', 'raw_path': b'/api/v1/settings', 'root_p...
          │     └ <function _IncludedRouter.handle at 0x767d2cd3e0c0>
          └ _IncludedRouter(original_router=<fastapi.routing.APIRouter object at 0x767d2a24fce0>, include_context=_RouterIncludeContext(i...
  File "/usr/local/lib/python3.13/site-packages/fastapi/routing.py", line 1766, in handle
    await self.original_router.handle(scope, receive, send)
          │    │               │      │      │        └ <function wrap_app_handling_exceptions.<locals>.wrapped_app.<locals>.sender at 0x767d280dc040>
          │    │               │      │      └ <function BaseHTTPMiddleware.__call__.<locals>.call_next.<locals>.receive_or_disconnect at 0x767d28093e20>
          │    │               │      └ {'type': 'http', 'http_version': '1.1', 'method': 'PUT', 'path': '/api/v1/settings', 'raw_path': b'/api/v1/settings', 'root_p...
          │    │               └ <function APIRouter.handle at 0x767d2cd3ff60>
          │    └ <fastapi.routing.APIRouter object at 0x767d2a24fce0>
          └ _IncludedRouter(original_router=<fastapi.routing.APIRouter object at 0x767d2a24fce0>, include_context=_RouterIncludeContext(i...
  File "/usr/local/lib/python3.13/site-packages/fastapi/routing.py", line 2740, in handle
    await included_router._handle_selected(scope, receive, send)
          │               │                │      │        └ <function wrap_app_handling_exceptions.<locals>.wrapped_app.<locals>.sender at 0x767d280dc040>
          │               │                │      └ <function BaseHTTPMiddleware.__call__.<locals>.call_next.<locals>.receive_or_disconnect at 0x767d28093e20>
          │               │                └ {'type': 'http', 'http_version': '1.1', 'method': 'PUT', 'path': '/api/v1/settings', 'raw_path': b'/api/v1/settings', 'root_p...
          │               └ <function _IncludedRouter._handle_selected at 0x767d2cd3e160>
          └ _IncludedRouter(original_router=<fastapi.routing.APIRouter object at 0x767d2a24fce0>, include_context=_RouterIncludeContext(i...
  File "/usr/local/lib/python3.13/site-packages/fastapi/routing.py", line 1786, in _handle_selected
    await original_route.handle(scope, receive, send)
          │              │      │      │        └ <function wrap_app_handling_exceptions.<locals>.wrapped_app.<locals>.sender at 0x767d280dc040>
          │              │      │      └ <function BaseHTTPMiddleware.__call__.<locals>.call_next.<locals>.receive_or_disconnect at 0x767d28093e20>
          │              │      └ {'type': 'http', 'http_version': '1.1', 'method': 'PUT', 'path': '/api/v1/settings', 'raw_path': b'/api/v1/settings', 'root_p...
          │              └ <function APIRoute.handle at 0x767d2cd3c180>
          └ APIRoute(path='/settings', name='update_user_settings', methods=['PUT'])
  File "/usr/local/lib/python3.13/site-packages/fastapi/routing.py", line 1265, in handle
    await app(scope, receive, send)
          │   │      │        └ <function wrap_app_handling_exceptions.<locals>.wrapped_app.<locals>.sender at 0x767d280dc040>
          │   │      └ <function BaseHTTPMiddleware.__call__.<locals>.call_next.<locals>.receive_or_disconnect at 0x767d28093e20>
          │   └ {'type': 'http', 'http_version': '1.1', 'method': 'PUT', 'path': '/api/v1/settings', 'raw_path': b'/api/v1/settings', 'root_p...
          └ <function request_response.<locals>.app at 0x767d280dc180>
  File "/usr/local/lib/python3.13/site-packages/fastapi/routing.py", line 151, in app
    await wrap_app_handling_exceptions(app, request)(scope, receive, send)
          │                            │    │        │      │        └ <function wrap_app_handling_exceptions.<locals>.wrapped_app.<locals>.sender at 0x767d280dc040>
          │                            │    │        │      └ <function BaseHTTPMiddleware.__call__.<locals>.call_next.<locals>.receive_or_disconnect at 0x767d28093e20>
          │                            │    │        └ {'type': 'http', 'http_version': '1.1', 'method': 'PUT', 'path': '/api/v1/settings', 'raw_path': b'/api/v1/settings', 'root_p...
          │                            │    └ <starlette.requests.Request object at 0x767d2836f5f0>
          │                            └ <function request_response.<locals>.app.<locals>.app at 0x767d280dc220>
          └ <function wrap_app_handling_exceptions at 0x767d2cd0b600>
  File "/usr/local/lib/python3.13/site-packages/starlette/_exception_handler.py", line 53, in wrapped_app
    raise exc
  File "/usr/local/lib/python3.13/site-packages/starlette/_exception_handler.py", line 42, in wrapped_app
    await app(scope, receive, sender)
          │   │      │        └ <function wrap_app_handling_exceptions.<locals>.wrapped_app.<locals>.sender at 0x767d280dc360>
          │   │      └ <function BaseHTTPMiddleware.__call__.<locals>.call_next.<locals>.receive_or_disconnect at 0x767d28093e20>
          │   └ {'type': 'http', 'http_version': '1.1', 'method': 'PUT', 'path': '/api/v1/settings', 'raw_path': b'/api/v1/settings', 'root_p...
          └ <function request_response.<locals>.app.<locals>.app at 0x767d280dc220>
  File "/usr/local/lib/python3.13/site-packages/fastapi/routing.py", line 137, in app
    response = await f(request)
                     │ └ <starlette.requests.Request object at 0x767d2836f5f0>
                     └ <function get_request_handler.<locals>.app at 0x767d280dc0e0>
  File "/usr/local/lib/python3.13/site-packages/fastapi/routing.py", line 691, in app
    raw_response = await run_endpoint_function(
                         └ <function run_endpoint_function at 0x767d2cd334c0>
  File "/usr/local/lib/python3.13/site-packages/fastapi/routing.py", line 345, in run_endpoint_function
    return await dependant.call(**values)
                 │         │      └ {'current_user': <app.database.models.User object at 0x767d29d01ae0>, 'db': <MagicMock spec='AsyncSession' id='13027967029848...
                 │         └ <function update_user_settings at 0x767d2a219440>
                 └ Dependant(path_params=[], query_params=[], header_params=[], cookie_params=[], body_params=[ModelField(field_info=Body(Pydant...

  File "/workspace/app/api/settings/router.py", line 74, in update_user_settings
    data=SettingResponse.model_validate(setting)
         │               │              └ <app.database.models.Setting object at 0x767d29d35d50>
         │               └ <classmethod(<function BaseModel.model_validate at 0x767d2d75f9c0>)>
         └ <class 'app.schemas.settings.SettingResponse'>

  File "/usr/local/lib/python3.13/site-packages/pydantic/main.py", line 732, in model_validate
    return cls.__pydantic_validator__.validate_python(
           │   │                      └ <method 'validate_python' of 'pydantic_core._pydantic_core.SchemaValidator' objects>
           │   └ SchemaValidator(title="SettingResponse", validator=Model(
           │         ModelValidator {
           │             revalidate: Never,
           │             validator: ...
           └ <class 'app.schemas.settings.SettingResponse'>

pydantic_core._pydantic_core.ValidationError: 6 validation errors for SettingResponse
homepage_url
  Input should be a valid string [type=string_type, input_value=None, input_type=NoneType]
    For further information visit https://errors.pydantic.dev/2.13/v/string_type
language
  Input should be a valid string [type=string_type, input_value=None, input_type=NoneType]
    For further information visit https://errors.pydantic.dev/2.13/v/string_type
font_size
  Input should be a valid integer [type=int_type, input_value=None, input_type=NoneType]
    For further information visit https://errors.pydantic.dev/2.13/v/int_type
privacy_tracking_protection
  Input should be a valid boolean [type=bool_type, input_value=None, input_type=NoneType]
    For further information visit https://errors.pydantic.dev/2.13/v/bool_type
ai_provider
  Input should be a valid string [type=string_type, input_value=None, input_type=NoneType]
    For further information visit https://errors.pydantic.dev/2.13/v/string_type
ai_model
  Input should be a valid string [type=string_type, input_value=None, input_type=NoneType]
    For further information visit https://errors.pydantic.dev/2.13/v/string_type
2026-07-19 11:15:46.185 | ERROR    | app.middleware.logging:dispatch:27 - Exception during request GET /api/v1/auth/me: 1 validation error for UserMeResponse
profile.id
  UUID input should be a string, bytes or UUID object [type=uuid_type, input_value=None, input_type=NoneType]
    For further information visit https://errors.pydantic.dev/2.13/v/uuid_type | Latency: 0.0157s
2026-07-19 11:15:46.185 | ERROR    | app.middleware.error_handlers:general_exception_handler:52 - Unhandled system error - GET /api/v1/auth/me - Error: 1 validation error for UserMeResponse
profile.id
  UUID input should be a string, bytes or UUID object [type=uuid_type, input_value=None, input_type=NoneType]
    For further information visit https://errors.pydantic.dev/2.13/v/uuid_type
Traceback (most recent call last):

  File "/usr/local/lib/python3.13/threading.py", line 1015, in _bootstrap
    self._bootstrap_inner()
    │    └ <function Thread._bootstrap_inner at 0x7890bdc2cea0>
    └ <Thread(asyncio-portal-7890b8b86900, started daemon 132562969614016)>
  File "/usr/local/lib/python3.13/threading.py", line 1044, in _bootstrap_inner
    self.run()
    │    └ <function Thread.run at 0x7890bdc2cc20>
    └ <Thread(asyncio-portal-7890b8b86900, started daemon 132562969614016)>
  File "/usr/local/lib/python3.13/threading.py", line 995, in run
    self._target(*self._args, **self._kwargs)
    │    │        │    │        │    └ {}
    │    │        │    │        └ <Thread(asyncio-portal-7890b8b86900, started daemon 132562969614016)>
    │    │        │    └ ()
    │    │        └ <Thread(asyncio-portal-7890b8b86900, started daemon 132562969614016)>
    │    └ <function start_blocking_portal.<locals>.run_blocking_portal at 0x7890b8b78f40>
    └ <Thread(asyncio-portal-7890b8b86900, started daemon 132562969614016)>
  File "/usr/local/lib/python3.13/site-packages/anyio/from_thread.py", line 536, in run_blocking_portal
    run_eventloop(
    └ <function run at 0x7890be278900>
  File "/usr/local/lib/python3.13/site-packages/anyio/_core/_eventloop.py", line 83, in run
    return async_backend.run(func, args, {}, backend_options)
           │             │   │     │         └ {}
           │             │   │     └ ()
           │             │   └ <function start_blocking_portal.<locals>.run_portal at 0x7890b8b78ea0>
           │             └ <classmethod(<function AsyncIOBackend.run at 0x7890bc8096c0>)>
           └ <class 'anyio._backends._asyncio.AsyncIOBackend'>
  File "/usr/local/lib/python3.13/site-packages/anyio/_backends/_asyncio.py", line 2481, in run
    return runner.run(wrapper())
           │      │   └ <function start_blocking_portal.<locals>.run_portal at 0x7890b8b79120>
           │      └ <function Runner.run at 0x7890bc476340>
           └ <asyncio.runners.Runner object at 0x7890b8b863c0>
  File "/usr/local/lib/python3.13/asyncio/runners.py", line 119, in run
    return self._loop.run_until_complete(task)
           │    │     │                  └ <Task pending name='anyio.from_thread.start_blocking_portal.<locals>.run_portal' coro=<start_blocking_portal.<locals>.run_por...
           │    │     └ <function BaseEventLoop.run_until_complete at 0x7890bc3dfe20>
           │    └ <_UnixSelectorEventLoop running=True closed=False debug=False>
           └ <asyncio.runners.Runner object at 0x7890b8b863c0>
  File "/usr/local/lib/python3.13/asyncio/base_events.py", line 712, in run_until_complete
    self.run_forever()
    │    └ <function BaseEventLoop.run_forever at 0x7890bc3dfd80>
    └ <_UnixSelectorEventLoop running=True closed=False debug=False>
  File "/usr/local/lib/python3.13/asyncio/base_events.py", line 683, in run_forever
    self._run_once()
    │    └ <function BaseEventLoop._run_once at 0x7890bc475bc0>
    └ <_UnixSelectorEventLoop running=True closed=False debug=False>
  File "/usr/local/lib/python3.13/asyncio/base_events.py", line 2060, in _run_once
    handle._run()
    │      └ <function Handle._run at 0x7890bd313880>
    └ <Handle Task.task_wakeup()>
  File "/usr/local/lib/python3.13/asyncio/events.py", line 89, in _run
    self._context.run(self._callback, *self._args)
    │    │            │    │           │    └ <member '_args' of 'Handle' objects>
    │    │            │    │           └ <Handle Task.task_wakeup()>
    │    │            │    └ <member '_callback' of 'Handle' objects>
    │    │            └ <Handle Task.task_wakeup()>
    │    └ <member '_context' of 'Handle' objects>
    └ <Handle Task.task_wakeup()>
  File "/usr/local/lib/python3.13/site-packages/anyio/_core/_tasks.py", line 275, in _run_coro
    retval = await self._coro
                   │    └ <member '_coro' of 'TaskHandle' objects>
                   └ <TaskHandle pending name='anyio.from_thread.BlockingPortal._call_func' coro=<coroutine object BlockingPortal._call_func at 0x...
  File "/usr/local/lib/python3.13/site-packages/anyio/from_thread.py", line 263, in _call_func
    retval = await retval_or_awaitable
                   └ <coroutine object FastAPI.__call__ at 0x7890b8c41d50>
  File "/usr/local/lib/python3.13/site-packages/fastapi/applications.py", line 1163, in __call__
    await super().__call__(scope, receive, send)
                           │      │        └ <function _TestClientTransport.handle_request.<locals>.send at 0x7890b8b79ee0>
                           │      └ <function _TestClientTransport.handle_request.<locals>.receive at 0x7890bc599ee0>
                           └ {'type': 'http', 'http_version': '1.1', 'method': 'GET', 'path': '/api/v1/auth/me', 'raw_path': b'/api/v1/auth/me', 'root_pat...
  File "/usr/local/lib/python3.13/site-packages/starlette/applications.py", line 90, in __call__
    await self.middleware_stack(scope, receive, send)
          │    │                │      │        └ <function _TestClientTransport.handle_request.<locals>.send at 0x7890b8b79ee0>
          │    │                │      └ <function _TestClientTransport.handle_request.<locals>.receive at 0x7890bc599ee0>
          │    │                └ {'type': 'http', 'http_version': '1.1', 'method': 'GET', 'path': '/api/v1/auth/me', 'raw_path': b'/api/v1/auth/me', 'root_pat...
          │    └ <starlette.middleware.errors.ServerErrorMiddleware object at 0x7890b8b87770>
          └ <fastapi.applications.FastAPI object at 0x7890b923eba0>
> File "/usr/local/lib/python3.13/site-packages/starlette/middleware/errors.py", line 164, in __call__
    await self.app(scope, receive, _send)
          │    │   │      │        └ <function ServerErrorMiddleware.__call__.<locals>._send at 0x7890b8c20220>
          │    │   │      └ <function _TestClientTransport.handle_request.<locals>.receive at 0x7890bc599ee0>
          │    │   └ {'type': 'http', 'http_version': '1.1', 'method': 'GET', 'path': '/api/v1/auth/me', 'raw_path': b'/api/v1/auth/me', 'root_pat...
          │    └ <app.middleware.logging.LoggingAndTrackingMiddleware object at 0x7890b8b87620>
          └ <starlette.middleware.errors.ServerErrorMiddleware object at 0x7890b8b87770>
  File "/usr/local/lib/python3.13/site-packages/starlette/middleware/base.py", line 193, in __call__
    response = await self.dispatch_func(request, call_next)
                     │    │             │        └ <function BaseHTTPMiddleware.__call__.<locals>.call_next at 0x7890b8c20400>
                     │    │             └ <starlette.middleware.base._CachedRequest object at 0x7890b8bc57f0>
                     │    └ <bound method LoggingAndTrackingMiddleware.dispatch of <app.middleware.logging.LoggingAndTrackingMiddleware object at 0x7890b...
                     └ <app.middleware.logging.LoggingAndTrackingMiddleware object at 0x7890b8b87620>

  File "/workspace/app/middleware/logging.py", line 30, in dispatch
    raise e

  File "/workspace/app/middleware/logging.py", line 23, in dispatch
    response = await call_next(request)
                     │         └ <starlette.middleware.base._CachedRequest object at 0x7890b8bc57f0>
                     └ <function BaseHTTPMiddleware.__call__.<locals>.call_next at 0x7890b8c20400>

  File "/usr/local/lib/python3.13/site-packages/starlette/middleware/base.py", line 168, in call_next
    raise app_exc from app_exc.__cause__ or app_exc.__context__
          │            │       │            │       └ <attribute '__context__' of 'BaseException' objects>
          │            │       │            └ 1 validation error for UserMeResponse
          │            │       │              profile.id
          │            │       │                UUID input should be a string, bytes or UUID object [type=uuid_type, input...
          │            │       └ <attribute '__cause__' of 'BaseException' objects>
          │            └ 1 validation error for UserMeResponse
          │              profile.id
          │                UUID input should be a string, bytes or UUID object [type=uuid_type, input...
          └ 1 validation error for UserMeResponse
            profile.id
              UUID input should be a string, bytes or UUID object [type=uuid_type, input...
  File "/usr/local/lib/python3.13/site-packages/starlette/middleware/base.py", line 144, in coro
    await self.app(scope, receive_or_disconnect, send_no_error)
          │    │   │      │                      └ <function BaseHTTPMiddleware.__call__.<locals>.call_next.<locals>.send_no_error at 0x7890b8c20fe0>
          │    │   │      └ <function BaseHTTPMiddleware.__call__.<locals>.call_next.<locals>.receive_or_disconnect at 0x7890b8c20f40>
          │    │   └ {'type': 'http', 'http_version': '1.1', 'method': 'GET', 'path': '/api/v1/auth/me', 'raw_path': b'/api/v1/auth/me', 'root_pat...
          │    └ <starlette.middleware.cors.CORSMiddleware object at 0x7890b8b874d0>
          └ <app.middleware.logging.LoggingAndTrackingMiddleware object at 0x7890b8b87620>
  File "/usr/local/lib/python3.13/site-packages/starlette/middleware/cors.py", line 88, in __call__
    await self.app(scope, receive, send)
          │    │   │      │        └ <function BaseHTTPMiddleware.__call__.<locals>.call_next.<locals>.send_no_error at 0x7890b8c20fe0>
          │    │   │      └ <function BaseHTTPMiddleware.__call__.<locals>.call_next.<locals>.receive_or_disconnect at 0x7890b8c20f40>
          │    │   └ {'type': 'http', 'http_version': '1.1', 'method': 'GET', 'path': '/api/v1/auth/me', 'raw_path': b'/api/v1/auth/me', 'root_pat...
          │    └ <starlette.middleware.exceptions.ExceptionMiddleware object at 0x7890b8b87380>
          └ <starlette.middleware.cors.CORSMiddleware object at 0x7890b8b874d0>
  File "/usr/local/lib/python3.13/site-packages/starlette/middleware/exceptions.py", line 63, in __call__
    await wrap_app_handling_exceptions(self.app, conn)(scope, receive, send)
          │                            │    │    │     │      │        └ <function BaseHTTPMiddleware.__call__.<locals>.call_next.<locals>.send_no_error at 0x7890b8c20fe0>
          │                            │    │    │     │      └ <function BaseHTTPMiddleware.__call__.<locals>.call_next.<locals>.receive_or_disconnect at 0x7890b8c20f40>
          │                            │    │    │     └ {'type': 'http', 'http_version': '1.1', 'method': 'GET', 'path': '/api/v1/auth/me', 'raw_path': b'/api/v1/auth/me', 'root_pat...
          │                            │    │    └ <starlette.requests.Request object at 0x7890b8bc5a90>
          │                            │    └ <fastapi.middleware.asyncexitstack.AsyncExitStackMiddleware object at 0x7890b8b87230>
          │                            └ <starlette.middleware.exceptions.ExceptionMiddleware object at 0x7890b8b87380>
          └ <function wrap_app_handling_exceptions at 0x7890bbbd7600>
  File "/usr/local/lib/python3.13/site-packages/starlette/_exception_handler.py", line 53, in wrapped_app
    raise exc
  File "/usr/local/lib/python3.13/site-packages/starlette/_exception_handler.py", line 42, in wrapped_app
    await app(scope, receive, sender)
          │   │      │        └ <function wrap_app_handling_exceptions.<locals>.wrapped_app.<locals>.sender at 0x7890b8c21260>
          │   │      └ <function BaseHTTPMiddleware.__call__.<locals>.call_next.<locals>.receive_or_disconnect at 0x7890b8c20f40>
          │   └ {'type': 'http', 'http_version': '1.1', 'method': 'GET', 'path': '/api/v1/auth/me', 'raw_path': b'/api/v1/auth/me', 'root_pat...
          └ <fastapi.middleware.asyncexitstack.AsyncExitStackMiddleware object at 0x7890b8b87230>
  File "/usr/local/lib/python3.13/site-packages/fastapi/middleware/asyncexitstack.py", line 18, in __call__
    await self.app(scope, receive, send)
          │    │   │      │        └ <function wrap_app_handling_exceptions.<locals>.wrapped_app.<locals>.sender at 0x7890b8c21260>
          │    │   │      └ <function BaseHTTPMiddleware.__call__.<locals>.call_next.<locals>.receive_or_disconnect at 0x7890b8c20f40>
          │    │   └ {'type': 'http', 'http_version': '1.1', 'method': 'GET', 'path': '/api/v1/auth/me', 'raw_path': b'/api/v1/auth/me', 'root_pat...
          │    └ <fastapi.routing.APIRouter object at 0x7890b8d968b0>
          └ <fastapi.middleware.asyncexitstack.AsyncExitStackMiddleware object at 0x7890b8b87230>
  File "/usr/local/lib/python3.13/site-packages/starlette/routing.py", line 660, in __call__
    await self.middleware_stack(scope, receive, send)
          │    │                │      │        └ <function wrap_app_handling_exceptions.<locals>.wrapped_app.<locals>.sender at 0x7890b8c21260>
          │    │                │      └ <function BaseHTTPMiddleware.__call__.<locals>.call_next.<locals>.receive_or_disconnect at 0x7890b8c20f40>
          │    │                └ {'type': 'http', 'http_version': '1.1', 'method': 'GET', 'path': '/api/v1/auth/me', 'raw_path': b'/api/v1/auth/me', 'root_pat...
          │    └ <bound method APIRouter.app of <fastapi.routing.APIRouter object at 0x7890b8d968b0>>
          └ <fastapi.routing.APIRouter object at 0x7890b8d968b0>
  File "/usr/local/lib/python3.13/site-packages/fastapi/routing.py", line 2685, in app
    await route.handle(scope, receive, send)
          │     │      │      │        └ <function wrap_app_handling_exceptions.<locals>.wrapped_app.<locals>.sender at 0x7890b8c21260>
          │     │      │      └ <function BaseHTTPMiddleware.__call__.<locals>.call_next.<locals>.receive_or_disconnect at 0x7890b8c20f40>
          │     │      └ {'type': 'http', 'http_version': '1.1', 'method': 'GET', 'path': '/api/v1/auth/me', 'raw_path': b'/api/v1/auth/me', 'root_pat...
          │     └ <function _IncludedRouter.handle at 0x7890bbc220c0>
          └ _IncludedRouter(original_router=<fastapi.routing.APIRouter object at 0x7890b9f0a510>, include_context=_RouterIncludeContext(i...
  File "/usr/local/lib/python3.13/site-packages/fastapi/routing.py", line 1766, in handle
    await self.original_router.handle(scope, receive, send)
          │    │               │      │      │        └ <function wrap_app_handling_exceptions.<locals>.wrapped_app.<locals>.sender at 0x7890b8c21260>
          │    │               │      │      └ <function BaseHTTPMiddleware.__call__.<locals>.call_next.<locals>.receive_or_disconnect at 0x7890b8c20f40>
          │    │               │      └ {'type': 'http', 'http_version': '1.1', 'method': 'GET', 'path': '/api/v1/auth/me', 'raw_path': b'/api/v1/auth/me', 'root_pat...
          │    │               └ <function APIRouter.handle at 0x7890bbc23f60>
          │    └ <fastapi.routing.APIRouter object at 0x7890b9f0a510>
          └ _IncludedRouter(original_router=<fastapi.routing.APIRouter object at 0x7890b9f0a510>, include_context=_RouterIncludeContext(i...
  File "/usr/local/lib/python3.13/site-packages/fastapi/routing.py", line 2740, in handle
    await included_router._handle_selected(scope, receive, send)
          │               │                │      │        └ <function wrap_app_handling_exceptions.<locals>.wrapped_app.<locals>.sender at 0x7890b8c21260>
          │               │                │      └ <function BaseHTTPMiddleware.__call__.<locals>.call_next.<locals>.receive_or_disconnect at 0x7890b8c20f40>
          │               │                └ {'type': 'http', 'http_version': '1.1', 'method': 'GET', 'path': '/api/v1/auth/me', 'raw_path': b'/api/v1/auth/me', 'root_pat...
          │               └ <function _IncludedRouter._handle_selected at 0x7890bbc22160>
          └ _IncludedRouter(original_router=<fastapi.routing.APIRouter object at 0x7890b9f0a510>, include_context=_RouterIncludeContext(i...
  File "/usr/local/lib/python3.13/site-packages/fastapi/routing.py", line 1786, in _handle_selected
    await original_route.handle(scope, receive, send)
          │              │      │      │        └ <function wrap_app_handling_exceptions.<locals>.wrapped_app.<locals>.sender at 0x7890b8c21260>
          │              │      │      └ <function BaseHTTPMiddleware.__call__.<locals>.call_next.<locals>.receive_or_disconnect at 0x7890b8c20f40>
          │              │      └ {'type': 'http', 'http_version': '1.1', 'method': 'GET', 'path': '/api/v1/auth/me', 'raw_path': b'/api/v1/auth/me', 'root_pat...
          │              └ <function APIRoute.handle at 0x7890bbc20180>
          └ APIRoute(path='/auth/me', name='get_me', methods=['GET'])
  File "/usr/local/lib/python3.13/site-packages/fastapi/routing.py", line 1265, in handle
    await app(scope, receive, send)
          │   │      │        └ <function wrap_app_handling_exceptions.<locals>.wrapped_app.<locals>.sender at 0x7890b8c21260>
          │   │      └ <function BaseHTTPMiddleware.__call__.<locals>.call_next.<locals>.receive_or_disconnect at 0x7890b8c20f40>
          │   └ {'type': 'http', 'http_version': '1.1', 'method': 'GET', 'path': '/api/v1/auth/me', 'raw_path': b'/api/v1/auth/me', 'root_pat...
          └ <function request_response.<locals>.app at 0x7890b8c213a0>
  File "/usr/local/lib/python3.13/site-packages/fastapi/routing.py", line 151, in app
    await wrap_app_handling_exceptions(app, request)(scope, receive, send)
          │                            │    │        │      │        └ <function wrap_app_handling_exceptions.<locals>.wrapped_app.<locals>.sender at 0x7890b8c21260>
          │                            │    │        │      └ <function BaseHTTPMiddleware.__call__.<locals>.call_next.<locals>.receive_or_disconnect at 0x7890b8c20f40>
          │                            │    │        └ {'type': 'http', 'http_version': '1.1', 'method': 'GET', 'path': '/api/v1/auth/me', 'raw_path': b'/api/v1/auth/me', 'root_pat...
          │                            │    └ <starlette.requests.Request object at 0x7890b8c25810>
          │                            └ <function request_response.<locals>.app.<locals>.app at 0x7890b8c21300>
          └ <function wrap_app_handling_exceptions at 0x7890bbbd7600>
  File "/usr/local/lib/python3.13/site-packages/starlette/_exception_handler.py", line 53, in wrapped_app
    raise exc
  File "/usr/local/lib/python3.13/site-packages/starlette/_exception_handler.py", line 42, in wrapped_app
    await app(scope, receive, sender)
          │   │      │        └ <function wrap_app_handling_exceptions.<locals>.wrapped_app.<locals>.sender at 0x7890b8c214e0>
          │   │      └ <function BaseHTTPMiddleware.__call__.<locals>.call_next.<locals>.receive_or_disconnect at 0x7890b8c20f40>
          │   └ {'type': 'http', 'http_version': '1.1', 'method': 'GET', 'path': '/api/v1/auth/me', 'raw_path': b'/api/v1/auth/me', 'root_pat...
          └ <function request_response.<locals>.app.<locals>.app at 0x7890b8c21300>
  File "/usr/local/lib/python3.13/site-packages/fastapi/routing.py", line 137, in app
    response = await f(request)
                     │ └ <starlette.requests.Request object at 0x7890b8c25810>
                     └ <function get_request_handler.<locals>.app at 0x7890b8b7a0c0>
  File "/usr/local/lib/python3.13/site-packages/fastapi/routing.py", line 691, in app
    raw_response = await run_endpoint_function(
                         └ <function run_endpoint_function at 0x7890bbc174c0>
  File "/usr/local/lib/python3.13/site-packages/fastapi/routing.py", line 345, in run_endpoint_function
    return await dependant.call(**values)
                 │         │      └ {'current_user': <app.database.models.User object at 0x7890bc862ba0>, 'db': <MagicMock spec='AsyncSession' id='13256297676748...
                 │         └ <function get_me at 0x7890b935ccc0>
                 └ Dependant(path_params=[], query_params=[], header_params=[], cookie_params=[], body_params=[], dependencies=[Dependant(path_p...

  File "/workspace/app/api/auth/router.py", line 197, in get_me
    data=UserMeResponse.model_validate(user)
         │              │              └ <app.database.models.User object at 0x7890bc862ba0>
         │              └ <classmethod(<function BaseModel.model_validate at 0x7890bc7579c0>)>
         └ <class 'app.schemas.auth.UserMeResponse'>

  File "/usr/local/lib/python3.13/site-packages/pydantic/main.py", line 732, in model_validate
    return cls.__pydantic_validator__.validate_python(
           │   │                      └ <method 'validate_python' of 'pydantic_core._pydantic_core.SchemaValidator' objects>
           │   └ SchemaValidator(title="UserMeResponse", validator=Model(
           │         ModelValidator {
           │             revalidate: Never,
           │             validator: M...
           └ <class 'app.schemas.auth.UserMeResponse'>

pydantic_core._pydantic_core.ValidationError: 1 validation error for UserMeResponse
profile.id
  UUID input should be a string, bytes or UUID object [type=uuid_type, input_value=None, input_type=NoneType]
    For further information visit https://errors.pydantic.dev/2.13/v/uuid_type
2026-07-19 11:15:47.307 | CRITICAL | main:lifespan:46 - Failed to ping Redis broker: Event loop is closed
2026-07-19 11:15:47.800 | CRITICAL | main:lifespan:46 - Failed to ping Redis broker: Event loop is closed
2026-07-19 11:15:48.257 | CRITICAL | main:lifespan:46 - Failed to ping Redis broker: Event loop is closed
2026-07-19 11:15:48.600 | ERROR    | app.middleware.logging:dispatch:27 - Exception during request GET /api/v1/settings: 5 validation errors for SettingResponse
language
  Input should be a valid string [type=string_type, input_value=None, input_type=NoneType]
    For further information visit https://errors.pydantic.dev/2.13/v/string_type
font_size
  Input should be a valid integer [type=int_type, input_value=None, input_type=NoneType]
    For further information visit https://errors.pydantic.dev/2.13/v/int_type
privacy_tracking_protection
  Input should be a valid boolean [type=bool_type, input_value=None, input_type=NoneType]
    For further information visit https://errors.pydantic.dev/2.13/v/bool_type
ai_provider
  Input should be a valid string [type=string_type, input_value=None, input_type=NoneType]
    For further information visit https://errors.pydantic.dev/2.13/v/string_type
ai_model
  Input should be a valid string [type=string_type, input_value=None, input_type=NoneType]
    For further information visit https://errors.pydantic.dev/2.13/v/string_type | Latency: 0.0153s
2026-07-19 11:15:48.601 | ERROR    | app.middleware.error_handlers:general_exception_handler:52 - Unhandled system error - GET /api/v1/settings - Error: 5 validation errors for SettingResponse
language
  Input should be a valid string [type=string_type, input_value=None, input_type=NoneType]
    For further information visit https://errors.pydantic.dev/2.13/v/string_type
font_size
  Input should be a valid integer [type=int_type, input_value=None, input_type=NoneType]
    For further information visit https://errors.pydantic.dev/2.13/v/int_type
privacy_tracking_protection
  Input should be a valid boolean [type=bool_type, input_value=None, input_type=NoneType]
    For further information visit https://errors.pydantic.dev/2.13/v/bool_type
ai_provider
  Input should be a valid string [type=string_type, input_value=None, input_type=NoneType]
    For further information visit https://errors.pydantic.dev/2.13/v/string_type
ai_model
  Input should be a valid string [type=string_type, input_value=None, input_type=NoneType]
    For further information visit https://errors.pydantic.dev/2.13/v/string_type
Traceback (most recent call last):

  File "/usr/local/lib/python3.13/threading.py", line 1015, in _bootstrap
    self._bootstrap_inner()
    │    └ <function Thread._bootstrap_inner at 0x7890bdc2cea0>
    └ <Thread(asyncio-portal-7890b8bef020, started daemon 132562969614016)>
  File "/usr/local/lib/python3.13/threading.py", line 1044, in _bootstrap_inner
    self.run()
    │    └ <function Thread.run at 0x7890bdc2cc20>
    └ <Thread(asyncio-portal-7890b8bef020, started daemon 132562969614016)>
  File "/usr/local/lib/python3.13/threading.py", line 995, in run
    self._target(*self._args, **self._kwargs)
    │    │        │    │        │    └ {}
    │    │        │    │        └ <Thread(asyncio-portal-7890b8bef020, started daemon 132562969614016)>
    │    │        │    └ ()
    │    │        └ <Thread(asyncio-portal-7890b8bef020, started daemon 132562969614016)>
    │    └ <function start_blocking_portal.<locals>.run_blocking_portal at 0x7890b8c171a0>
    └ <Thread(asyncio-portal-7890b8bef020, started daemon 132562969614016)>
  File "/usr/local/lib/python3.13/site-packages/anyio/from_thread.py", line 536, in run_blocking_portal
    run_eventloop(
    └ <function run at 0x7890be278900>
  File "/usr/local/lib/python3.13/site-packages/anyio/_core/_eventloop.py", line 83, in run
    return async_backend.run(func, args, {}, backend_options)
           │             │   │     │         └ {}
           │             │   │     └ ()
           │             │   └ <function start_blocking_portal.<locals>.run_portal at 0x7890b81eb880>
           │             └ <classmethod(<function AsyncIOBackend.run at 0x7890bc8096c0>)>
           └ <class 'anyio._backends._asyncio.AsyncIOBackend'>
  File "/usr/local/lib/python3.13/site-packages/anyio/_backends/_asyncio.py", line 2481, in run
    return runner.run(wrapper())
           │      │   └ <function start_blocking_portal.<locals>.run_portal at 0x7890b8c16020>
           │      └ <function Runner.run at 0x7890bc476340>
           └ <asyncio.runners.Runner object at 0x7890b8bedae0>
  File "/usr/local/lib/python3.13/asyncio/runners.py", line 119, in run
    return self._loop.run_until_complete(task)
           │    │     │                  └ <Task pending name='anyio.from_thread.start_blocking_portal.<locals>.run_portal' coro=<start_blocking_portal.<locals>.run_por...
           │    │     └ <function BaseEventLoop.run_until_complete at 0x7890bc3dfe20>
           │    └ <_UnixSelectorEventLoop running=True closed=False debug=False>
           └ <asyncio.runners.Runner object at 0x7890b8bedae0>
  File "/usr/local/lib/python3.13/asyncio/base_events.py", line 712, in run_until_complete
    self.run_forever()
    │    └ <function BaseEventLoop.run_forever at 0x7890bc3dfd80>
    └ <_UnixSelectorEventLoop running=True closed=False debug=False>
  File "/usr/local/lib/python3.13/asyncio/base_events.py", line 683, in run_forever
    self._run_once()
    │    └ <function BaseEventLoop._run_once at 0x7890bc475bc0>
    └ <_UnixSelectorEventLoop running=True closed=False debug=False>
  File "/usr/local/lib/python3.13/asyncio/base_events.py", line 2060, in _run_once
    handle._run()
    │      └ <function Handle._run at 0x7890bd313880>
    └ <Handle Task.task_wakeup()>
  File "/usr/local/lib/python3.13/asyncio/events.py", line 89, in _run
    self._context.run(self._callback, *self._args)
    │    │            │    │           │    └ <member '_args' of 'Handle' objects>
    │    │            │    │           └ <Handle Task.task_wakeup()>
    │    │            │    └ <member '_callback' of 'Handle' objects>
    │    │            └ <Handle Task.task_wakeup()>
    │    └ <member '_context' of 'Handle' objects>
    └ <Handle Task.task_wakeup()>
  File "/usr/local/lib/python3.13/site-packages/anyio/_core/_tasks.py", line 275, in _run_coro
    retval = await self._coro
                   │    └ <member '_coro' of 'TaskHandle' objects>
                   └ <TaskHandle pending name='anyio.from_thread.BlockingPortal._call_func' coro=<coroutine object BlockingPortal._call_func at 0x...
  File "/usr/local/lib/python3.13/site-packages/anyio/from_thread.py", line 263, in _call_func
    retval = await retval_or_awaitable
                   └ <coroutine object FastAPI.__call__ at 0x7890b0f35990>
  File "/usr/local/lib/python3.13/site-packages/fastapi/applications.py", line 1163, in __call__
    await super().__call__(scope, receive, send)
                           │      │        └ <function _TestClientTransport.handle_request.<locals>.send at 0x7890b0ff44a0>
                           │      └ <function _TestClientTransport.handle_request.<locals>.receive at 0x7890b81eb100>
                           └ {'type': 'http', 'http_version': '1.1', 'method': 'GET', 'path': '/api/v1/settings', 'raw_path': b'/api/v1/settings', 'root_p...
  File "/usr/local/lib/python3.13/site-packages/starlette/applications.py", line 90, in __call__
    await self.middleware_stack(scope, receive, send)
          │    │                │      │        └ <function _TestClientTransport.handle_request.<locals>.send at 0x7890b0ff44a0>
          │    │                │      └ <function _TestClientTransport.handle_request.<locals>.receive at 0x7890b81eb100>
          │    │                └ {'type': 'http', 'http_version': '1.1', 'method': 'GET', 'path': '/api/v1/settings', 'raw_path': b'/api/v1/settings', 'root_p...
          │    └ <starlette.middleware.errors.ServerErrorMiddleware object at 0x7890b8b87770>
          └ <fastapi.applications.FastAPI object at 0x7890b923eba0>
> File "/usr/local/lib/python3.13/site-packages/starlette/middleware/errors.py", line 164, in __call__
    await self.app(scope, receive, _send)
          │    │   │      │        └ <function ServerErrorMiddleware.__call__.<locals>._send at 0x7890b0ff5760>
          │    │   │      └ <function _TestClientTransport.handle_request.<locals>.receive at 0x7890b81eb100>
          │    │   └ {'type': 'http', 'http_version': '1.1', 'method': 'GET', 'path': '/api/v1/settings', 'raw_path': b'/api/v1/settings', 'root_p...
          │    └ <app.middleware.logging.LoggingAndTrackingMiddleware object at 0x7890b8b87620>
          └ <starlette.middleware.errors.ServerErrorMiddleware object at 0x7890b8b87770>
  File "/usr/local/lib/python3.13/site-packages/starlette/middleware/base.py", line 193, in __call__
    response = await self.dispatch_func(request, call_next)
                     │    │             │        └ <function BaseHTTPMiddleware.__call__.<locals>.call_next at 0x7890b0ff5300>
                     │    │             └ <starlette.middleware.base._CachedRequest object at 0x7890b0f6d9d0>
                     │    └ <bound method LoggingAndTrackingMiddleware.dispatch of <app.middleware.logging.LoggingAndTrackingMiddleware object at 0x7890b...
                     └ <app.middleware.logging.LoggingAndTrackingMiddleware object at 0x7890b8b87620>

  File "/workspace/app/middleware/logging.py", line 30, in dispatch
    raise e

  File "/workspace/app/middleware/logging.py", line 23, in dispatch
    response = await call_next(request)
                     │         └ <starlette.middleware.base._CachedRequest object at 0x7890b0f6d9d0>
                     └ <function BaseHTTPMiddleware.__call__.<locals>.call_next at 0x7890b0ff5300>

  File "/usr/local/lib/python3.13/site-packages/starlette/middleware/base.py", line 168, in call_next
    raise app_exc from app_exc.__cause__ or app_exc.__context__
          │            │       │            │       └ <attribute '__context__' of 'BaseException' objects>
          │            │       │            └ 5 validation errors for SettingResponse
          │            │       │              language
          │            │       │                Input should be a valid string [type=string_type, input_value=None, input_...
          │            │       └ <attribute '__cause__' of 'BaseException' objects>
          │            └ 5 validation errors for SettingResponse
          │              language
          │                Input should be a valid string [type=string_type, input_value=None, input_...
          └ 5 validation errors for SettingResponse
            language
              Input should be a valid string [type=string_type, input_value=None, input_...
  File "/usr/local/lib/python3.13/site-packages/starlette/middleware/base.py", line 144, in coro
    await self.app(scope, receive_or_disconnect, send_no_error)
          │    │   │      │                      └ <function BaseHTTPMiddleware.__call__.<locals>.call_next.<locals>.send_no_error at 0x7890b0ff6200>
          │    │   │      └ <function BaseHTTPMiddleware.__call__.<locals>.call_next.<locals>.receive_or_disconnect at 0x7890b0ff5f80>
          │    │   └ {'type': 'http', 'http_version': '1.1', 'method': 'GET', 'path': '/api/v1/settings', 'raw_path': b'/api/v1/settings', 'root_p...
          │    └ <starlette.middleware.cors.CORSMiddleware object at 0x7890b8b874d0>
          └ <app.middleware.logging.LoggingAndTrackingMiddleware object at 0x7890b8b87620>
  File "/usr/local/lib/python3.13/site-packages/starlette/middleware/cors.py", line 88, in __call__
    await self.app(scope, receive, send)
          │    │   │      │        └ <function BaseHTTPMiddleware.__call__.<locals>.call_next.<locals>.send_no_error at 0x7890b0ff6200>
          │    │   │      └ <function BaseHTTPMiddleware.__call__.<locals>.call_next.<locals>.receive_or_disconnect at 0x7890b0ff5f80>
          │    │   └ {'type': 'http', 'http_version': '1.1', 'method': 'GET', 'path': '/api/v1/settings', 'raw_path': b'/api/v1/settings', 'root_p...
          │    └ <starlette.middleware.exceptions.ExceptionMiddleware object at 0x7890b8b87380>
          └ <starlette.middleware.cors.CORSMiddleware object at 0x7890b8b874d0>
  File "/usr/local/lib/python3.13/site-packages/starlette/middleware/exceptions.py", line 63, in __call__
    await wrap_app_handling_exceptions(self.app, conn)(scope, receive, send)
          │                            │    │    │     │      │        └ <function BaseHTTPMiddleware.__call__.<locals>.call_next.<locals>.send_no_error at 0x7890b0ff6200>
          │                            │    │    │     │      └ <function BaseHTTPMiddleware.__call__.<locals>.call_next.<locals>.receive_or_disconnect at 0x7890b0ff5f80>
          │                            │    │    │     └ {'type': 'http', 'http_version': '1.1', 'method': 'GET', 'path': '/api/v1/settings', 'raw_path': b'/api/v1/settings', 'root_p...
          │                            │    │    └ <starlette.requests.Request object at 0x7890b0f74d70>
          │                            │    └ <fastapi.middleware.asyncexitstack.AsyncExitStackMiddleware object at 0x7890b8b87230>
          │                            └ <starlette.middleware.exceptions.ExceptionMiddleware object at 0x7890b8b87380>
          └ <function wrap_app_handling_exceptions at 0x7890bbbd7600>
  File "/usr/local/lib/python3.13/site-packages/starlette/_exception_handler.py", line 53, in wrapped_app
    raise exc
  File "/usr/local/lib/python3.13/site-packages/starlette/_exception_handler.py", line 42, in wrapped_app
    await app(scope, receive, sender)
          │   │      │        └ <function wrap_app_handling_exceptions.<locals>.wrapped_app.<locals>.sender at 0x7890b0ff6520>
          │   │      └ <function BaseHTTPMiddleware.__call__.<locals>.call_next.<locals>.receive_or_disconnect at 0x7890b0ff5f80>
          │   └ {'type': 'http', 'http_version': '1.1', 'method': 'GET', 'path': '/api/v1/settings', 'raw_path': b'/api/v1/settings', 'root_p...
          └ <fastapi.middleware.asyncexitstack.AsyncExitStackMiddleware object at 0x7890b8b87230>
  File "/usr/local/lib/python3.13/site-packages/fastapi/middleware/asyncexitstack.py", line 18, in __call__
    await self.app(scope, receive, send)
          │    │   │      │        └ <function wrap_app_handling_exceptions.<locals>.wrapped_app.<locals>.sender at 0x7890b0ff6520>
          │    │   │      └ <function BaseHTTPMiddleware.__call__.<locals>.call_next.<locals>.receive_or_disconnect at 0x7890b0ff5f80>
          │    │   └ {'type': 'http', 'http_version': '1.1', 'method': 'GET', 'path': '/api/v1/settings', 'raw_path': b'/api/v1/settings', 'root_p...
          │    └ <fastapi.routing.APIRouter object at 0x7890b8d968b0>
          └ <fastapi.middleware.asyncexitstack.AsyncExitStackMiddleware object at 0x7890b8b87230>
  File "/usr/local/lib/python3.13/site-packages/starlette/routing.py", line 660, in __call__
    await self.middleware_stack(scope, receive, send)
          │    │                │      │        └ <function wrap_app_handling_exceptions.<locals>.wrapped_app.<locals>.sender at 0x7890b0ff6520>
          │    │                │      └ <function BaseHTTPMiddleware.__call__.<locals>.call_next.<locals>.receive_or_disconnect at 0x7890b0ff5f80>
          │    │                └ {'type': 'http', 'http_version': '1.1', 'method': 'GET', 'path': '/api/v1/settings', 'raw_path': b'/api/v1/settings', 'root_p...
          │    └ <bound method APIRouter.app of <fastapi.routing.APIRouter object at 0x7890b8d968b0>>
          └ <fastapi.routing.APIRouter object at 0x7890b8d968b0>
  File "/usr/local/lib/python3.13/site-packages/fastapi/routing.py", line 2685, in app
    await route.handle(scope, receive, send)
          │     │      │      │        └ <function wrap_app_handling_exceptions.<locals>.wrapped_app.<locals>.sender at 0x7890b0ff6520>
          │     │      │      └ <function BaseHTTPMiddleware.__call__.<locals>.call_next.<locals>.receive_or_disconnect at 0x7890b0ff5f80>
          │     │      └ {'type': 'http', 'http_version': '1.1', 'method': 'GET', 'path': '/api/v1/settings', 'raw_path': b'/api/v1/settings', 'root_p...
          │     └ <function _IncludedRouter.handle at 0x7890bbc220c0>
          └ _IncludedRouter(original_router=<fastapi.routing.APIRouter object at 0x7890b912fce0>, include_context=_RouterIncludeContext(i...
  File "/usr/local/lib/python3.13/site-packages/fastapi/routing.py", line 1766, in handle
    await self.original_router.handle(scope, receive, send)
          │    │               │      │      │        └ <function wrap_app_handling_exceptions.<locals>.wrapped_app.<locals>.sender at 0x7890b0ff6520>
          │    │               │      │      └ <function BaseHTTPMiddleware.__call__.<locals>.call_next.<locals>.receive_or_disconnect at 0x7890b0ff5f80>
          │    │               │      └ {'type': 'http', 'http_version': '1.1', 'method': 'GET', 'path': '/api/v1/settings', 'raw_path': b'/api/v1/settings', 'root_p...
          │    │               └ <function APIRouter.handle at 0x7890bbc23f60>
          │    └ <fastapi.routing.APIRouter object at 0x7890b912fce0>
          └ _IncludedRouter(original_router=<fastapi.routing.APIRouter object at 0x7890b912fce0>, include_context=_RouterIncludeContext(i...
  File "/usr/local/lib/python3.13/site-packages/fastapi/routing.py", line 2740, in handle
    await included_router._handle_selected(scope, receive, send)
          │               │                │      │        └ <function wrap_app_handling_exceptions.<locals>.wrapped_app.<locals>.sender at 0x7890b0ff6520>
          │               │                │      └ <function BaseHTTPMiddleware.__call__.<locals>.call_next.<locals>.receive_or_disconnect at 0x7890b0ff5f80>
          │               │                └ {'type': 'http', 'http_version': '1.1', 'method': 'GET', 'path': '/api/v1/settings', 'raw_path': b'/api/v1/settings', 'root_p...
          │               └ <function _IncludedRouter._handle_selected at 0x7890bbc22160>
          └ _IncludedRouter(original_router=<fastapi.routing.APIRouter object at 0x7890b912fce0>, include_context=_RouterIncludeContext(i...
  File "/usr/local/lib/python3.13/site-packages/fastapi/routing.py", line 1786, in _handle_selected
    await original_route.handle(scope, receive, send)
          │              │      │      │        └ <function wrap_app_handling_exceptions.<locals>.wrapped_app.<locals>.sender at 0x7890b0ff6520>
          │              │      │      └ <function BaseHTTPMiddleware.__call__.<locals>.call_next.<locals>.receive_or_disconnect at 0x7890b0ff5f80>
          │              │      └ {'type': 'http', 'http_version': '1.1', 'method': 'GET', 'path': '/api/v1/settings', 'raw_path': b'/api/v1/settings', 'root_p...
          │              └ <function APIRoute.handle at 0x7890bbc20180>
          └ APIRoute(path='/settings', name='get_user_settings', methods=['GET'])
  File "/usr/local/lib/python3.13/site-packages/fastapi/routing.py", line 1265, in handle
    await app(scope, receive, send)
          │   │      │        └ <function wrap_app_handling_exceptions.<locals>.wrapped_app.<locals>.sender at 0x7890b0ff6520>
          │   │      └ <function BaseHTTPMiddleware.__call__.<locals>.call_next.<locals>.receive_or_disconnect at 0x7890b0ff5f80>
          │   └ {'type': 'http', 'http_version': '1.1', 'method': 'GET', 'path': '/api/v1/settings', 'raw_path': b'/api/v1/settings', 'root_p...
          └ <function request_response.<locals>.app at 0x7890b0ff65c0>
  File "/usr/local/lib/python3.13/site-packages/fastapi/routing.py", line 151, in app
    await wrap_app_handling_exceptions(app, request)(scope, receive, send)
          │                            │    │        │      │        └ <function wrap_app_handling_exceptions.<locals>.wrapped_app.<locals>.sender at 0x7890b0ff6520>
          │                            │    │        │      └ <function BaseHTTPMiddleware.__call__.<locals>.call_next.<locals>.receive_or_disconnect at 0x7890b0ff5f80>
          │                            │    │        └ {'type': 'http', 'http_version': '1.1', 'method': 'GET', 'path': '/api/v1/settings', 'raw_path': b'/api/v1/settings', 'root_p...
          │                            │    └ <starlette.requests.Request object at 0x7890b8d021a0>
          │                            └ <function request_response.<locals>.app.<locals>.app at 0x7890b0ff6700>
          └ <function wrap_app_handling_exceptions at 0x7890bbbd7600>
  File "/usr/local/lib/python3.13/site-packages/starlette/_exception_handler.py", line 53, in wrapped_app
    raise exc
  File "/usr/local/lib/python3.13/site-packages/starlette/_exception_handler.py", line 42, in wrapped_app
    await app(scope, receive, sender)
          │   │      │        └ <function wrap_app_handling_exceptions.<locals>.wrapped_app.<locals>.sender at 0x7890b0ff6840>
          │   │      └ <function BaseHTTPMiddleware.__call__.<locals>.call_next.<locals>.receive_or_disconnect at 0x7890b0ff5f80>
          │   └ {'type': 'http', 'http_version': '1.1', 'method': 'GET', 'path': '/api/v1/settings', 'raw_path': b'/api/v1/settings', 'root_p...
          └ <function request_response.<locals>.app.<locals>.app at 0x7890b0ff6700>
  File "/usr/local/lib/python3.13/site-packages/fastapi/routing.py", line 137, in app
    response = await f(request)
                     │ └ <starlette.requests.Request object at 0x7890b8d021a0>
                     └ <function get_request_handler.<locals>.app at 0x7890b0ff6660>
  File "/usr/local/lib/python3.13/site-packages/fastapi/routing.py", line 691, in app
    raw_response = await run_endpoint_function(
                         └ <function run_endpoint_function at 0x7890bbc174c0>
  File "/usr/local/lib/python3.13/site-packages/fastapi/routing.py", line 345, in run_endpoint_function
    return await dependant.call(**values)
                 │         │      └ {'current_user': <app.database.models.User object at 0x7890b8bad040>, 'db': <MagicMock spec='AsyncSession' id='13256283949326...
                 │         └ <function get_user_settings at 0x7890b90f9260>
                 └ Dependant(path_params=[], query_params=[], header_params=[], cookie_params=[], body_params=[], dependencies=[Dependant(path_p...

  File "/workspace/app/api/settings/router.py", line 42, in get_user_settings
    data=SettingResponse.model_validate(setting)
         │               │              └ <app.database.models.Setting object at 0x7890b0f6d6a0>
         │               └ <classmethod(<function BaseModel.model_validate at 0x7890bc7579c0>)>
         └ <class 'app.schemas.settings.SettingResponse'>

  File "/usr/local/lib/python3.13/site-packages/pydantic/main.py", line 732, in model_validate
    return cls.__pydantic_validator__.validate_python(
           │   │                      └ <method 'validate_python' of 'pydantic_core._pydantic_core.SchemaValidator' objects>
           │   └ SchemaValidator(title="SettingResponse", validator=Model(
           │         ModelValidator {
           │             revalidate: Never,
           │             validator: ...
           └ <class 'app.schemas.settings.SettingResponse'>

pydantic_core._pydantic_core.ValidationError: 5 validation errors for SettingResponse
language
  Input should be a valid string [type=string_type, input_value=None, input_type=NoneType]
    For further information visit https://errors.pydantic.dev/2.13/v/string_type
font_size
  Input should be a valid integer [type=int_type, input_value=None, input_type=NoneType]
    For further information visit https://errors.pydantic.dev/2.13/v/int_type
privacy_tracking_protection
  Input should be a valid boolean [type=bool_type, input_value=None, input_type=NoneType]
    For further information visit https://errors.pydantic.dev/2.13/v/bool_type
ai_provider
  Input should be a valid string [type=string_type, input_value=None, input_type=NoneType]
    For further information visit https://errors.pydantic.dev/2.13/v/string_type
ai_model
  Input should be a valid string [type=string_type, input_value=None, input_type=NoneType]
    For further information visit https://errors.pydantic.dev/2.13/v/string_type
2026-07-19 11:15:49.376 | CRITICAL | main:lifespan:46 - Failed to ping Redis broker: Event loop is closed
2026-07-19 11:15:49.384 | ERROR    | app.middleware.logging:dispatch:27 - Exception during request PUT /api/v1/settings: 6 validation errors for SettingResponse
homepage_url
  Input should be a valid string [type=string_type, input_value=None, input_type=NoneType]
    For further information visit https://errors.pydantic.dev/2.13/v/string_type
language
  Input should be a valid string [type=string_type, input_value=None, input_type=NoneType]
    For further information visit https://errors.pydantic.dev/2.13/v/string_type
font_size
  Input should be a valid integer [type=int_type, input_value=None, input_type=NoneType]
    For further information visit https://errors.pydantic.dev/2.13/v/int_type
privacy_tracking_protection
  Input should be a valid boolean [type=bool_type, input_value=None, input_type=NoneType]
    For further information visit https://errors.pydantic.dev/2.13/v/bool_type
ai_provider
  Input should be a valid string [type=string_type, input_value=None, input_type=NoneType]
    For further information visit https://errors.pydantic.dev/2.13/v/string_type
ai_model
  Input should be a valid string [type=string_type, input_value=None, input_type=NoneType]
    For further information visit https://errors.pydantic.dev/2.13/v/string_type | Latency: 0.0048s
2026-07-19 11:15:49.385 | ERROR    | app.middleware.error_handlers:general_exception_handler:52 - Unhandled system error - PUT /api/v1/settings - Error: 6 validation errors for SettingResponse
homepage_url
  Input should be a valid string [type=string_type, input_value=None, input_type=NoneType]
    For further information visit https://errors.pydantic.dev/2.13/v/string_type
language
  Input should be a valid string [type=string_type, input_value=None, input_type=NoneType]
    For further information visit https://errors.pydantic.dev/2.13/v/string_type
font_size
  Input should be a valid integer [type=int_type, input_value=None, input_type=NoneType]
    For further information visit https://errors.pydantic.dev/2.13/v/int_type
privacy_tracking_protection
  Input should be a valid boolean [type=bool_type, input_value=None, input_type=NoneType]
    For further information visit https://errors.pydantic.dev/2.13/v/bool_type
ai_provider
  Input should be a valid string [type=string_type, input_value=None, input_type=NoneType]
    For further information visit https://errors.pydantic.dev/2.13/v/string_type
ai_model
  Input should be a valid string [type=string_type, input_value=None, input_type=NoneType]
    For further information visit https://errors.pydantic.dev/2.13/v/string_type
Traceback (most recent call last):

  File "/usr/local/lib/python3.13/threading.py", line 1015, in _bootstrap
    self._bootstrap_inner()
    │    └ <function Thread._bootstrap_inner at 0x7890bdc2cea0>
    └ <Thread(asyncio-portal-7890b0f6caf0, started daemon 132562969614016)>
  File "/usr/local/lib/python3.13/threading.py", line 1044, in _bootstrap_inner
    self.run()
    │    └ <function Thread.run at 0x7890bdc2cc20>
    └ <Thread(asyncio-portal-7890b0f6caf0, started daemon 132562969614016)>
  File "/usr/local/lib/python3.13/threading.py", line 995, in run
    self._target(*self._args, **self._kwargs)
    │    │        │    │        │    └ {}
    │    │        │    │        └ <Thread(asyncio-portal-7890b0f6caf0, started daemon 132562969614016)>
    │    │        │    └ ()
    │    │        └ <Thread(asyncio-portal-7890b0f6caf0, started daemon 132562969614016)>
    │    └ <function start_blocking_portal.<locals>.run_blocking_portal at 0x7890b81eb880>
    └ <Thread(asyncio-portal-7890b0f6caf0, started daemon 132562969614016)>
  File "/usr/local/lib/python3.13/site-packages/anyio/from_thread.py", line 536, in run_blocking_portal
    run_eventloop(
    └ <function run at 0x7890be278900>
  File "/usr/local/lib/python3.13/site-packages/anyio/_core/_eventloop.py", line 83, in run
    return async_backend.run(func, args, {}, backend_options)
           │             │   │     │         └ {}
           │             │   │     └ ()
           │             │   └ <function start_blocking_portal.<locals>.run_portal at 0x7890b81eaac0>
           │             └ <classmethod(<function AsyncIOBackend.run at 0x7890bc8096c0>)>
           └ <class 'anyio._backends._asyncio.AsyncIOBackend'>
  File "/usr/local/lib/python3.13/site-packages/anyio/_backends/_asyncio.py", line 2481, in run
    return runner.run(wrapper())
           │      │   └ <function start_blocking_portal.<locals>.run_portal at 0x7890b8c163e0>
           │      └ <function Runner.run at 0x7890bc476340>
           └ <asyncio.runners.Runner object at 0x7890b0f6cd10>
  File "/usr/local/lib/python3.13/asyncio/runners.py", line 119, in run
    return self._loop.run_until_complete(task)
           │    │     │                  └ <Task pending name='anyio.from_thread.start_blocking_portal.<locals>.run_portal' coro=<start_blocking_portal.<locals>.run_por...
           │    │     └ <function BaseEventLoop.run_until_complete at 0x7890bc3dfe20>
           │    └ <_UnixSelectorEventLoop running=True closed=False debug=False>
           └ <asyncio.runners.Runner object at 0x7890b0f6cd10>
  File "/usr/local/lib/python3.13/asyncio/base_events.py", line 712, in run_until_complete
    self.run_forever()
    │    └ <function BaseEventLoop.run_forever at 0x7890bc3dfd80>
    └ <_UnixSelectorEventLoop running=True closed=False debug=False>
  File "/usr/local/lib/python3.13/asyncio/base_events.py", line 683, in run_forever
    self._run_once()
    │    └ <function BaseEventLoop._run_once at 0x7890bc475bc0>
    └ <_UnixSelectorEventLoop running=True closed=False debug=False>
  File "/usr/local/lib/python3.13/asyncio/base_events.py", line 2060, in _run_once
    handle._run()
    │      └ <function Handle._run at 0x7890bd313880>
    └ <Handle Task.task_wakeup()>
  File "/usr/local/lib/python3.13/asyncio/events.py", line 89, in _run
    self._context.run(self._callback, *self._args)
    │    │            │    │           │    └ <member '_args' of 'Handle' objects>
    │    │            │    │           └ <Handle Task.task_wakeup()>
    │    │            │    └ <member '_callback' of 'Handle' objects>
    │    │            └ <Handle Task.task_wakeup()>
    │    └ <member '_context' of 'Handle' objects>
    └ <Handle Task.task_wakeup()>
  File "/usr/local/lib/python3.13/site-packages/anyio/_core/_tasks.py", line 275, in _run_coro
    retval = await self._coro
                   │    └ <member '_coro' of 'TaskHandle' objects>
                   └ <TaskHandle pending name='anyio.from_thread.BlockingPortal._call_func' coro=<coroutine object BlockingPortal._call_func at 0x...
  File "/usr/local/lib/python3.13/site-packages/anyio/from_thread.py", line 263, in _call_func
    retval = await retval_or_awaitable
                   └ <coroutine object FastAPI.__call__ at 0x7890b0f35120>
  File "/usr/local/lib/python3.13/site-packages/fastapi/applications.py", line 1163, in __call__
    await super().__call__(scope, receive, send)
                           │      │        └ <function _TestClientTransport.handle_request.<locals>.send at 0x7890b81eaa20>
                           │      └ <function _TestClientTransport.handle_request.<locals>.receive at 0x7890b81e9580>
                           └ {'type': 'http', 'http_version': '1.1', 'method': 'PUT', 'path': '/api/v1/settings', 'raw_path': b'/api/v1/settings', 'root_p...
  File "/usr/local/lib/python3.13/site-packages/starlette/applications.py", line 90, in __call__
    await self.middleware_stack(scope, receive, send)
          │    │                │      │        └ <function _TestClientTransport.handle_request.<locals>.send at 0x7890b81eaa20>
          │    │                │      └ <function _TestClientTransport.handle_request.<locals>.receive at 0x7890b81e9580>
          │    │                └ {'type': 'http', 'http_version': '1.1', 'method': 'PUT', 'path': '/api/v1/settings', 'raw_path': b'/api/v1/settings', 'root_p...
          │    └ <starlette.middleware.errors.ServerErrorMiddleware object at 0x7890b8b87770>
          └ <fastapi.applications.FastAPI object at 0x7890b923eba0>
> File "/usr/local/lib/python3.13/site-packages/starlette/middleware/errors.py", line 164, in __call__
    await self.app(scope, receive, _send)
          │    │   │      │        └ <function ServerErrorMiddleware.__call__.<locals>._send at 0x7890b0ff7880>
          │    │   │      └ <function _TestClientTransport.handle_request.<locals>.receive at 0x7890b81e9580>
          │    │   └ {'type': 'http', 'http_version': '1.1', 'method': 'PUT', 'path': '/api/v1/settings', 'raw_path': b'/api/v1/settings', 'root_p...
          │    └ <app.middleware.logging.LoggingAndTrackingMiddleware object at 0x7890b8b87620>
          └ <starlette.middleware.errors.ServerErrorMiddleware object at 0x7890b8b87770>
  File "/usr/local/lib/python3.13/site-packages/starlette/middleware/base.py", line 193, in __call__
    response = await self.dispatch_func(request, call_next)
                     │    │             │        └ <function BaseHTTPMiddleware.__call__.<locals>.call_next at 0x7890b0ff40e0>
                     │    │             └ <starlette.middleware.base._CachedRequest object at 0x7890b0f6f680>
                     │    └ <bound method LoggingAndTrackingMiddleware.dispatch of <app.middleware.logging.LoggingAndTrackingMiddleware object at 0x7890b...
                     └ <app.middleware.logging.LoggingAndTrackingMiddleware object at 0x7890b8b87620>

  File "/workspace/app/middleware/logging.py", line 30, in dispatch
    raise e

  File "/workspace/app/middleware/logging.py", line 23, in dispatch
    response = await call_next(request)
                     │         └ <starlette.middleware.base._CachedRequest object at 0x7890b0f6f680>
                     └ <function BaseHTTPMiddleware.__call__.<locals>.call_next at 0x7890b0ff40e0>

  File "/usr/local/lib/python3.13/site-packages/starlette/middleware/base.py", line 168, in call_next
    raise app_exc from app_exc.__cause__ or app_exc.__context__
          │            │       │            │       └ <attribute '__context__' of 'BaseException' objects>
          │            │       │            └ 6 validation errors for SettingResponse
          │            │       │              homepage_url
          │            │       │                Input should be a valid string [type=string_type, input_value=None, in...
          │            │       └ <attribute '__cause__' of 'BaseException' objects>
          │            └ 6 validation errors for SettingResponse
          │              homepage_url
          │                Input should be a valid string [type=string_type, input_value=None, in...
          └ 6 validation errors for SettingResponse
            homepage_url
              Input should be a valid string [type=string_type, input_value=None, in...
  File "/usr/local/lib/python3.13/site-packages/starlette/middleware/base.py", line 144, in coro
    await self.app(scope, receive_or_disconnect, send_no_error)
          │    │   │      │                      └ <function BaseHTTPMiddleware.__call__.<locals>.call_next.<locals>.send_no_error at 0x7890b0ff7060>
          │    │   │      └ <function BaseHTTPMiddleware.__call__.<locals>.call_next.<locals>.receive_or_disconnect at 0x7890b0ff7920>
          │    │   └ {'type': 'http', 'http_version': '1.1', 'method': 'PUT', 'path': '/api/v1/settings', 'raw_path': b'/api/v1/settings', 'root_p...
          │    └ <starlette.middleware.cors.CORSMiddleware object at 0x7890b8b874d0>
          └ <app.middleware.logging.LoggingAndTrackingMiddleware object at 0x7890b8b87620>
  File "/usr/local/lib/python3.13/site-packages/starlette/middleware/cors.py", line 88, in __call__
    await self.app(scope, receive, send)
          │    │   │      │        └ <function BaseHTTPMiddleware.__call__.<locals>.call_next.<locals>.send_no_error at 0x7890b0ff7060>
          │    │   │      └ <function BaseHTTPMiddleware.__call__.<locals>.call_next.<locals>.receive_or_disconnect at 0x7890b0ff7920>
          │    │   └ {'type': 'http', 'http_version': '1.1', 'method': 'PUT', 'path': '/api/v1/settings', 'raw_path': b'/api/v1/settings', 'root_p...
          │    └ <starlette.middleware.exceptions.ExceptionMiddleware object at 0x7890b8b87380>
          └ <starlette.middleware.cors.CORSMiddleware object at 0x7890b8b874d0>
  File "/usr/local/lib/python3.13/site-packages/starlette/middleware/exceptions.py", line 63, in __call__
    await wrap_app_handling_exceptions(self.app, conn)(scope, receive, send)
          │                            │    │    │     │      │        └ <function BaseHTTPMiddleware.__call__.<locals>.call_next.<locals>.send_no_error at 0x7890b0ff7060>
          │                            │    │    │     │      └ <function BaseHTTPMiddleware.__call__.<locals>.call_next.<locals>.receive_or_disconnect at 0x7890b0ff7920>
          │                            │    │    │     └ {'type': 'http', 'http_version': '1.1', 'method': 'PUT', 'path': '/api/v1/settings', 'raw_path': b'/api/v1/settings', 'root_p...
          │                            │    │    └ <starlette.requests.Request object at 0x7890b8337590>
          │                            │    └ <fastapi.middleware.asyncexitstack.AsyncExitStackMiddleware object at 0x7890b8b87230>
          │                            └ <starlette.middleware.exceptions.ExceptionMiddleware object at 0x7890b8b87380>
          └ <function wrap_app_handling_exceptions at 0x7890bbbd7600>
  File "/usr/local/lib/python3.13/site-packages/starlette/_exception_handler.py", line 53, in wrapped_app
    raise exc
  File "/usr/local/lib/python3.13/site-packages/starlette/_exception_handler.py", line 42, in wrapped_app
    await app(scope, receive, sender)
          │   │      │        └ <function wrap_app_handling_exceptions.<locals>.wrapped_app.<locals>.sender at 0x7890b0ff6d40>
          │   │      └ <function BaseHTTPMiddleware.__call__.<locals>.call_next.<locals>.receive_or_disconnect at 0x7890b0ff7920>
          │   └ {'type': 'http', 'http_version': '1.1', 'method': 'PUT', 'path': '/api/v1/settings', 'raw_path': b'/api/v1/settings', 'root_p...
          └ <fastapi.middleware.asyncexitstack.AsyncExitStackMiddleware object at 0x7890b8b87230>
  File "/usr/local/lib/python3.13/site-packages/fastapi/middleware/asyncexitstack.py", line 18, in __call__
    await self.app(scope, receive, send)
          │    │   │      │        └ <function wrap_app_handling_exceptions.<locals>.wrapped_app.<locals>.sender at 0x7890b0ff6d40>
          │    │   │      └ <function BaseHTTPMiddleware.__call__.<locals>.call_next.<locals>.receive_or_disconnect at 0x7890b0ff7920>
          │    │   └ {'type': 'http', 'http_version': '1.1', 'method': 'PUT', 'path': '/api/v1/settings', 'raw_path': b'/api/v1/settings', 'root_p...
          │    └ <fastapi.routing.APIRouter object at 0x7890b8d968b0>
          └ <fastapi.middleware.asyncexitstack.AsyncExitStackMiddleware object at 0x7890b8b87230>
  File "/usr/local/lib/python3.13/site-packages/starlette/routing.py", line 660, in __call__
    await self.middleware_stack(scope, receive, send)
          │    │                │      │        └ <function wrap_app_handling_exceptions.<locals>.wrapped_app.<locals>.sender at 0x7890b0ff6d40>
          │    │                │      └ <function BaseHTTPMiddleware.__call__.<locals>.call_next.<locals>.receive_or_disconnect at 0x7890b0ff7920>
          │    │                └ {'type': 'http', 'http_version': '1.1', 'method': 'PUT', 'path': '/api/v1/settings', 'raw_path': b'/api/v1/settings', 'root_p...
          │    └ <bound method APIRouter.app of <fastapi.routing.APIRouter object at 0x7890b8d968b0>>
          └ <fastapi.routing.APIRouter object at 0x7890b8d968b0>
  File "/usr/local/lib/python3.13/site-packages/fastapi/routing.py", line 2685, in app
    await route.handle(scope, receive, send)
          │     │      │      │        └ <function wrap_app_handling_exceptions.<locals>.wrapped_app.<locals>.sender at 0x7890b0ff6d40>
          │     │      │      └ <function BaseHTTPMiddleware.__call__.<locals>.call_next.<locals>.receive_or_disconnect at 0x7890b0ff7920>
          │     │      └ {'type': 'http', 'http_version': '1.1', 'method': 'PUT', 'path': '/api/v1/settings', 'raw_path': b'/api/v1/settings', 'root_p...
          │     └ <function _IncludedRouter.handle at 0x7890bbc220c0>
          └ _IncludedRouter(original_router=<fastapi.routing.APIRouter object at 0x7890b912fce0>, include_context=_RouterIncludeContext(i...
  File "/usr/local/lib/python3.13/site-packages/fastapi/routing.py", line 1766, in handle
    await self.original_router.handle(scope, receive, send)
          │    │               │      │      │        └ <function wrap_app_handling_exceptions.<locals>.wrapped_app.<locals>.sender at 0x7890b0ff6d40>
          │    │               │      │      └ <function BaseHTTPMiddleware.__call__.<locals>.call_next.<locals>.receive_or_disconnect at 0x7890b0ff7920>
          │    │               │      └ {'type': 'http', 'http_version': '1.1', 'method': 'PUT', 'path': '/api/v1/settings', 'raw_path': b'/api/v1/settings', 'root_p...
          │    │               └ <function APIRouter.handle at 0x7890bbc23f60>
          │    └ <fastapi.routing.APIRouter object at 0x7890b912fce0>
          └ _IncludedRouter(original_router=<fastapi.routing.APIRouter object at 0x7890b912fce0>, include_context=_RouterIncludeContext(i...
  File "/usr/local/lib/python3.13/site-packages/fastapi/routing.py", line 2740, in handle
    await included_router._handle_selected(scope, receive, send)
          │               │                │      │        └ <function wrap_app_handling_exceptions.<locals>.wrapped_app.<locals>.sender at 0x7890b0ff6d40>
          │               │                │      └ <function BaseHTTPMiddleware.__call__.<locals>.call_next.<locals>.receive_or_disconnect at 0x7890b0ff7920>
          │               │                └ {'type': 'http', 'http_version': '1.1', 'method': 'PUT', 'path': '/api/v1/settings', 'raw_path': b'/api/v1/settings', 'root_p...
          │               └ <function _IncludedRouter._handle_selected at 0x7890bbc22160>
          └ _IncludedRouter(original_router=<fastapi.routing.APIRouter object at 0x7890b912fce0>, include_context=_RouterIncludeContext(i...
  File "/usr/local/lib/python3.13/site-packages/fastapi/routing.py", line 1786, in _handle_selected
    await original_route.handle(scope, receive, send)
          │              │      │      │        └ <function wrap_app_handling_exceptions.<locals>.wrapped_app.<locals>.sender at 0x7890b0ff6d40>
          │              │      │      └ <function BaseHTTPMiddleware.__call__.<locals>.call_next.<locals>.receive_or_disconnect at 0x7890b0ff7920>
          │              │      └ {'type': 'http', 'http_version': '1.1', 'method': 'PUT', 'path': '/api/v1/settings', 'raw_path': b'/api/v1/settings', 'root_p...
          │              └ <function APIRoute.handle at 0x7890bbc20180>
          └ APIRoute(path='/settings', name='update_user_settings', methods=['PUT'])
  File "/usr/local/lib/python3.13/site-packages/fastapi/routing.py", line 1265, in handle
    await app(scope, receive, send)
          │   │      │        └ <function wrap_app_handling_exceptions.<locals>.wrapped_app.<locals>.sender at 0x7890b0ff6d40>
          │   │      └ <function BaseHTTPMiddleware.__call__.<locals>.call_next.<locals>.receive_or_disconnect at 0x7890b0ff7920>
          │   └ {'type': 'http', 'http_version': '1.1', 'method': 'PUT', 'path': '/api/v1/settings', 'raw_path': b'/api/v1/settings', 'root_p...
          └ <function request_response.<locals>.app at 0x7890b0ff7b00>
  File "/usr/local/lib/python3.13/site-packages/fastapi/routing.py", line 151, in app
    await wrap_app_handling_exceptions(app, request)(scope, receive, send)
          │                            │    │        │      │        └ <function wrap_app_handling_exceptions.<locals>.wrapped_app.<locals>.sender at 0x7890b0ff6d40>
          │                            │    │        │      └ <function BaseHTTPMiddleware.__call__.<locals>.call_next.<locals>.receive_or_disconnect at 0x7890b0ff7920>
          │                            │    │        └ {'type': 'http', 'http_version': '1.1', 'method': 'PUT', 'path': '/api/v1/settings', 'raw_path': b'/api/v1/settings', 'root_p...
          │                            │    └ <starlette.requests.Request object at 0x7890b8262fc0>
          │                            └ <function request_response.<locals>.app.<locals>.app at 0x7890b0ff72e0>
          └ <function wrap_app_handling_exceptions at 0x7890bbbd7600>
  File "/usr/local/lib/python3.13/site-packages/starlette/_exception_handler.py", line 53, in wrapped_app
    raise exc
  File "/usr/local/lib/python3.13/site-packages/starlette/_exception_handler.py", line 42, in wrapped_app
    await app(scope, receive, sender)
          │   │      │        └ <function wrap_app_handling_exceptions.<locals>.wrapped_app.<locals>.sender at 0x7890b0ff76a0>
          │   │      └ <function BaseHTTPMiddleware.__call__.<locals>.call_next.<locals>.receive_or_disconnect at 0x7890b0ff7920>
          │   └ {'type': 'http', 'http_version': '1.1', 'method': 'PUT', 'path': '/api/v1/settings', 'raw_path': b'/api/v1/settings', 'root_p...
          └ <function request_response.<locals>.app.<locals>.app at 0x7890b0ff72e0>
  File "/usr/local/lib/python3.13/site-packages/fastapi/routing.py", line 137, in app
    response = await f(request)
                     │ └ <starlette.requests.Request object at 0x7890b8262fc0>
                     └ <function get_request_handler.<locals>.app at 0x7890b0ff63e0>
  File "/usr/local/lib/python3.13/site-packages/fastapi/routing.py", line 691, in app
    raw_response = await run_endpoint_function(
                         └ <function run_endpoint_function at 0x7890bbc174c0>
  File "/usr/local/lib/python3.13/site-packages/fastapi/routing.py", line 345, in run_endpoint_function
    return await dependant.call(**values)
                 │         │      └ {'current_user': <app.database.models.User object at 0x7890b8bed6a0>, 'db': <MagicMock spec='AsyncSession' id='13256300187508...
                 │         └ <function update_user_settings at 0x7890b90f9440>
                 └ Dependant(path_params=[], query_params=[], header_params=[], cookie_params=[], body_params=[ModelField(field_info=Body(Pydant...

  File "/workspace/app/api/settings/router.py", line 74, in update_user_settings
    data=SettingResponse.model_validate(setting)
         │               │              └ <app.database.models.Setting object at 0x7890b8c35e50>
         │               └ <classmethod(<function BaseModel.model_validate at 0x7890bc7579c0>)>
         └ <class 'app.schemas.settings.SettingResponse'>

  File "/usr/local/lib/python3.13/site-packages/pydantic/main.py", line 732, in model_validate
    return cls.__pydantic_validator__.validate_python(
           │   │                      └ <method 'validate_python' of 'pydantic_core._pydantic_core.SchemaValidator' objects>
           │   └ SchemaValidator(title="SettingResponse", validator=Model(
           │         ModelValidator {
           │             revalidate: Never,
           │             validator: ...
           └ <class 'app.schemas.settings.SettingResponse'>

pydantic_core._pydantic_core.ValidationError: 6 validation errors for SettingResponse
homepage_url
  Input should be a valid string [type=string_type, input_value=None, input_type=NoneType]
    For further information visit https://errors.pydantic.dev/2.13/v/string_type
language
  Input should be a valid string [type=string_type, input_value=None, input_type=NoneType]
    For further information visit https://errors.pydantic.dev/2.13/v/string_type
font_size
  Input should be a valid integer [type=int_type, input_value=None, input_type=NoneType]
    For further information visit https://errors.pydantic.dev/2.13/v/int_type
privacy_tracking_protection
  Input should be a valid boolean [type=bool_type, input_value=None, input_type=NoneType]
    For further information visit https://errors.pydantic.dev/2.13/v/bool_type
ai_provider
  Input should be a valid string [type=string_type, input_value=None, input_type=NoneType]
    For further information visit https://errors.pydantic.dev/2.13/v/string_type
ai_model
  Input should be a valid string [type=string_type, input_value=None, input_type=NoneType]
    For further information visit https://errors.pydantic.dev/2.13/v/string_type
2026-07-19 11:16:10.896 | ERROR    | app.middleware.logging:dispatch:27 - Exception during request GET /api/v1/auth/me: 1 validation error for UserMeResponse
profile.id
  UUID input should be a string, bytes or UUID object [type=uuid_type, input_value=None, input_type=NoneType]
    For further information visit https://errors.pydantic.dev/2.13/v/uuid_type | Latency: 0.0233s
2026-07-19 11:16:10.896 | ERROR    | app.middleware.error_handlers:general_exception_handler:52 - Unhandled system error - GET /api/v1/auth/me - Error: 1 validation error for UserMeResponse
profile.id
  UUID input should be a string, bytes or UUID object [type=uuid_type, input_value=None, input_type=NoneType]
    For further information visit https://errors.pydantic.dev/2.13/v/uuid_type
Traceback (most recent call last):

  File "/usr/local/lib/python3.13/threading.py", line 1015, in _bootstrap
    self._bootstrap_inner()
    │    └ <function Thread._bootstrap_inner at 0x7c8f23224ea0>
    └ <Thread(asyncio-portal-7c8f1e0ea900, started daemon 136954126247616)>
  File "/usr/local/lib/python3.13/threading.py", line 1044, in _bootstrap_inner
    self.run()
    │    └ <function Thread.run at 0x7c8f23224c20>
    └ <Thread(asyncio-portal-7c8f1e0ea900, started daemon 136954126247616)>
  File "/usr/local/lib/python3.13/threading.py", line 995, in run
    self._target(*self._args, **self._kwargs)
    │    │        │    │        │    └ {}
    │    │        │    │        └ <Thread(asyncio-portal-7c8f1e0ea900, started daemon 136954126247616)>
    │    │        │    └ ()
    │    │        └ <Thread(asyncio-portal-7c8f1e0ea900, started daemon 136954126247616)>
    │    └ <function start_blocking_portal.<locals>.run_blocking_portal at 0x7c8f1e0e0ea0>
    └ <Thread(asyncio-portal-7c8f1e0ea900, started daemon 136954126247616)>
  File "/usr/local/lib/python3.13/site-packages/anyio/from_thread.py", line 536, in run_blocking_portal
    run_eventloop(
    └ <function run at 0x7c8f237c4900>
  File "/usr/local/lib/python3.13/site-packages/anyio/_core/_eventloop.py", line 83, in run
    return async_backend.run(func, args, {}, backend_options)
           │             │   │     │         └ {}
           │             │   │     └ ()
           │             │   └ <function start_blocking_portal.<locals>.run_portal at 0x7c8f1e0e0e00>
           │             └ <classmethod(<function AsyncIOBackend.run at 0x7c8f21d5d6c0>)>
           └ <class 'anyio._backends._asyncio.AsyncIOBackend'>
  File "/usr/local/lib/python3.13/site-packages/anyio/_backends/_asyncio.py", line 2481, in run
    return runner.run(wrapper())
           │      │   └ <function start_blocking_portal.<locals>.run_portal at 0x7c8f1e0e1080>
           │      └ <function Runner.run at 0x7c8f219c6340>
           └ <asyncio.runners.Runner object at 0x7c8f1e0ea3c0>
  File "/usr/local/lib/python3.13/asyncio/runners.py", line 119, in run
    return self._loop.run_until_complete(task)
           │    │     │                  └ <Task pending name='anyio.from_thread.start_blocking_portal.<locals>.run_portal' coro=<start_blocking_portal.<locals>.run_por...
           │    │     └ <function BaseEventLoop.run_until_complete at 0x7c8f21923e20>
           │    └ <_UnixSelectorEventLoop running=True closed=False debug=False>
           └ <asyncio.runners.Runner object at 0x7c8f1e0ea3c0>
  File "/usr/local/lib/python3.13/asyncio/base_events.py", line 712, in run_until_complete
    self.run_forever()
    │    └ <function BaseEventLoop.run_forever at 0x7c8f21923d80>
    └ <_UnixSelectorEventLoop running=True closed=False debug=False>
  File "/usr/local/lib/python3.13/asyncio/base_events.py", line 683, in run_forever
    self._run_once()
    │    └ <function BaseEventLoop._run_once at 0x7c8f219c5bc0>
    └ <_UnixSelectorEventLoop running=True closed=False debug=False>
  File "/usr/local/lib/python3.13/asyncio/base_events.py", line 2060, in _run_once
    handle._run()
    │      └ <function Handle._run at 0x7c8f2286b880>
    └ <Handle Task.task_wakeup()>
  File "/usr/local/lib/python3.13/asyncio/events.py", line 89, in _run
    self._context.run(self._callback, *self._args)
    │    │            │    │           │    └ <member '_args' of 'Handle' objects>
    │    │            │    │           └ <Handle Task.task_wakeup()>
    │    │            │    └ <member '_callback' of 'Handle' objects>
    │    │            └ <Handle Task.task_wakeup()>
    │    └ <member '_context' of 'Handle' objects>
    └ <Handle Task.task_wakeup()>
  File "/usr/local/lib/python3.13/site-packages/anyio/_core/_tasks.py", line 275, in _run_coro
    retval = await self._coro
                   │    └ <member '_coro' of 'TaskHandle' objects>
                   └ <TaskHandle pending name='anyio.from_thread.BlockingPortal._call_func' coro=<coroutine object BlockingPortal._call_func at 0x...
  File "/usr/local/lib/python3.13/site-packages/anyio/from_thread.py", line 263, in _call_func
    retval = await retval_or_awaitable
                   └ <coroutine object FastAPI.__call__ at 0x7c8f21de2b60>
  File "/usr/local/lib/python3.13/site-packages/fastapi/applications.py", line 1163, in __call__
    await super().__call__(scope, receive, send)
                           │      │        └ <function _TestClientTransport.handle_request.<locals>.send at 0x7c8f1e0e1da0>
                           │      └ <function _TestClientTransport.handle_request.<locals>.receive at 0x7c8f21ae9e40>
                           └ {'type': 'http', 'http_version': '1.1', 'method': 'GET', 'path': '/api/v1/auth/me', 'raw_path': b'/api/v1/auth/me', 'root_pat...
  File "/usr/local/lib/python3.13/site-packages/starlette/applications.py", line 90, in __call__
    await self.middleware_stack(scope, receive, send)
          │    │                │      │        └ <function _TestClientTransport.handle_request.<locals>.send at 0x7c8f1e0e1da0>
          │    │                │      └ <function _TestClientTransport.handle_request.<locals>.receive at 0x7c8f21ae9e40>
          │    │                └ {'type': 'http', 'http_version': '1.1', 'method': 'GET', 'path': '/api/v1/auth/me', 'raw_path': b'/api/v1/auth/me', 'root_pat...
          │    └ <starlette.middleware.errors.ServerErrorMiddleware object at 0x7c8f1e0eb770>
          └ <fastapi.applications.FastAPI object at 0x7c8f1e7a2ba0>
> File "/usr/local/lib/python3.13/site-packages/starlette/middleware/errors.py", line 164, in __call__
    await self.app(scope, receive, _send)
          │    │   │      │        └ <function ServerErrorMiddleware.__call__.<locals>._send at 0x7c8f1e17c5e0>
          │    │   │      └ <function _TestClientTransport.handle_request.<locals>.receive at 0x7c8f21ae9e40>
          │    │   └ {'type': 'http', 'http_version': '1.1', 'method': 'GET', 'path': '/api/v1/auth/me', 'raw_path': b'/api/v1/auth/me', 'root_pat...
          │    └ <app.middleware.logging.LoggingAndTrackingMiddleware object at 0x7c8f1e0eb620>
          └ <starlette.middleware.errors.ServerErrorMiddleware object at 0x7c8f1e0eb770>
  File "/usr/local/lib/python3.13/site-packages/starlette/middleware/base.py", line 193, in __call__
    response = await self.dispatch_func(request, call_next)
                     │    │             │        └ <function BaseHTTPMiddleware.__call__.<locals>.call_next at 0x7c8f1e17c4a0>
                     │    │             └ <starlette.middleware.base._CachedRequest object at 0x7c8f1e12d7f0>
                     │    └ <bound method LoggingAndTrackingMiddleware.dispatch of <app.middleware.logging.LoggingAndTrackingMiddleware object at 0x7c8f1...
                     └ <app.middleware.logging.LoggingAndTrackingMiddleware object at 0x7c8f1e0eb620>

  File "/workspace/app/middleware/logging.py", line 30, in dispatch
    raise e

  File "/workspace/app/middleware/logging.py", line 23, in dispatch
    response = await call_next(request)
                     │         └ <starlette.middleware.base._CachedRequest object at 0x7c8f1e12d7f0>
                     └ <function BaseHTTPMiddleware.__call__.<locals>.call_next at 0x7c8f1e17c4a0>

  File "/usr/local/lib/python3.13/site-packages/starlette/middleware/base.py", line 168, in call_next
    raise app_exc from app_exc.__cause__ or app_exc.__context__
          │            │       │            │       └ <attribute '__context__' of 'BaseException' objects>
          │            │       │            └ 1 validation error for UserMeResponse
          │            │       │              profile.id
          │            │       │                UUID input should be a string, bytes or UUID object [type=uuid_type, input...
          │            │       └ <attribute '__cause__' of 'BaseException' objects>
          │            └ 1 validation error for UserMeResponse
          │              profile.id
          │                UUID input should be a string, bytes or UUID object [type=uuid_type, input...
          └ 1 validation error for UserMeResponse
            profile.id
              UUID input should be a string, bytes or UUID object [type=uuid_type, input...
  File "/usr/local/lib/python3.13/site-packages/starlette/middleware/base.py", line 144, in coro
    await self.app(scope, receive_or_disconnect, send_no_error)
          │    │   │      │                      └ <function BaseHTTPMiddleware.__call__.<locals>.call_next.<locals>.send_no_error at 0x7c8f1e17cea0>
          │    │   │      └ <function BaseHTTPMiddleware.__call__.<locals>.call_next.<locals>.receive_or_disconnect at 0x7c8f1e17c860>
          │    │   └ {'type': 'http', 'http_version': '1.1', 'method': 'GET', 'path': '/api/v1/auth/me', 'raw_path': b'/api/v1/auth/me', 'root_pat...
          │    └ <starlette.middleware.cors.CORSMiddleware object at 0x7c8f1e0eb4d0>
          └ <app.middleware.logging.LoggingAndTrackingMiddleware object at 0x7c8f1e0eb620>
  File "/usr/local/lib/python3.13/site-packages/starlette/middleware/cors.py", line 88, in __call__
    await self.app(scope, receive, send)
          │    │   │      │        └ <function BaseHTTPMiddleware.__call__.<locals>.call_next.<locals>.send_no_error at 0x7c8f1e17cea0>
          │    │   │      └ <function BaseHTTPMiddleware.__call__.<locals>.call_next.<locals>.receive_or_disconnect at 0x7c8f1e17c860>
          │    │   └ {'type': 'http', 'http_version': '1.1', 'method': 'GET', 'path': '/api/v1/auth/me', 'raw_path': b'/api/v1/auth/me', 'root_pat...
          │    └ <starlette.middleware.exceptions.ExceptionMiddleware object at 0x7c8f1e0eb380>
          └ <starlette.middleware.cors.CORSMiddleware object at 0x7c8f1e0eb4d0>
  File "/usr/local/lib/python3.13/site-packages/starlette/middleware/exceptions.py", line 63, in __call__
    await wrap_app_handling_exceptions(self.app, conn)(scope, receive, send)
          │                            │    │    │     │      │        └ <function BaseHTTPMiddleware.__call__.<locals>.call_next.<locals>.send_no_error at 0x7c8f1e17cea0>
          │                            │    │    │     │      └ <function BaseHTTPMiddleware.__call__.<locals>.call_next.<locals>.receive_or_disconnect at 0x7c8f1e17c860>
          │                            │    │    │     └ {'type': 'http', 'http_version': '1.1', 'method': 'GET', 'path': '/api/v1/auth/me', 'raw_path': b'/api/v1/auth/me', 'root_pat...
          │                            │    │    └ <starlette.requests.Request object at 0x7c8f1e12da90>
          │                            │    └ <fastapi.middleware.asyncexitstack.AsyncExitStackMiddleware object at 0x7c8f1e0eb230>
          │                            └ <starlette.middleware.exceptions.ExceptionMiddleware object at 0x7c8f1e0eb380>
          └ <function wrap_app_handling_exceptions at 0x7c8f2112f560>
  File "/usr/local/lib/python3.13/site-packages/starlette/_exception_handler.py", line 53, in wrapped_app
    raise exc
  File "/usr/local/lib/python3.13/site-packages/starlette/_exception_handler.py", line 42, in wrapped_app
    await app(scope, receive, sender)
          │   │      │        └ <function wrap_app_handling_exceptions.<locals>.wrapped_app.<locals>.sender at 0x7c8f1e17d120>
          │   │      └ <function BaseHTTPMiddleware.__call__.<locals>.call_next.<locals>.receive_or_disconnect at 0x7c8f1e17c860>
          │   └ {'type': 'http', 'http_version': '1.1', 'method': 'GET', 'path': '/api/v1/auth/me', 'raw_path': b'/api/v1/auth/me', 'root_pat...
          └ <fastapi.middleware.asyncexitstack.AsyncExitStackMiddleware object at 0x7c8f1e0eb230>
  File "/usr/local/lib/python3.13/site-packages/fastapi/middleware/asyncexitstack.py", line 18, in __call__
    await self.app(scope, receive, send)
          │    │   │      │        └ <function wrap_app_handling_exceptions.<locals>.wrapped_app.<locals>.sender at 0x7c8f1e17d120>
          │    │   │      └ <function BaseHTTPMiddleware.__call__.<locals>.call_next.<locals>.receive_or_disconnect at 0x7c8f1e17c860>
          │    │   └ {'type': 'http', 'http_version': '1.1', 'method': 'GET', 'path': '/api/v1/auth/me', 'raw_path': b'/api/v1/auth/me', 'root_pat...
          │    └ <fastapi.routing.APIRouter object at 0x7c8f1e2fe8b0>
          └ <fastapi.middleware.asyncexitstack.AsyncExitStackMiddleware object at 0x7c8f1e0eb230>
  File "/usr/local/lib/python3.13/site-packages/starlette/routing.py", line 660, in __call__
    await self.middleware_stack(scope, receive, send)
          │    │                │      │        └ <function wrap_app_handling_exceptions.<locals>.wrapped_app.<locals>.sender at 0x7c8f1e17d120>
          │    │                │      └ <function BaseHTTPMiddleware.__call__.<locals>.call_next.<locals>.receive_or_disconnect at 0x7c8f1e17c860>
          │    │                └ {'type': 'http', 'http_version': '1.1', 'method': 'GET', 'path': '/api/v1/auth/me', 'raw_path': b'/api/v1/auth/me', 'root_pat...
          │    └ <bound method APIRouter.app of <fastapi.routing.APIRouter object at 0x7c8f1e2fe8b0>>
          └ <fastapi.routing.APIRouter object at 0x7c8f1e2fe8b0>
  File "/usr/local/lib/python3.13/site-packages/fastapi/routing.py", line 2685, in app
    await route.handle(scope, receive, send)
          │     │      │      │        └ <function wrap_app_handling_exceptions.<locals>.wrapped_app.<locals>.sender at 0x7c8f1e17d120>
          │     │      │      └ <function BaseHTTPMiddleware.__call__.<locals>.call_next.<locals>.receive_or_disconnect at 0x7c8f1e17c860>
          │     │      └ {'type': 'http', 'http_version': '1.1', 'method': 'GET', 'path': '/api/v1/auth/me', 'raw_path': b'/api/v1/auth/me', 'root_pat...
          │     └ <function _IncludedRouter.handle at 0x7c8f21176020>
          └ _IncludedRouter(original_router=<fastapi.routing.APIRouter object at 0x7c8f1f472510>, include_context=_RouterIncludeContext(i...
  File "/usr/local/lib/python3.13/site-packages/fastapi/routing.py", line 1766, in handle
    await self.original_router.handle(scope, receive, send)
          │    │               │      │      │        └ <function wrap_app_handling_exceptions.<locals>.wrapped_app.<locals>.sender at 0x7c8f1e17d120>
          │    │               │      │      └ <function BaseHTTPMiddleware.__call__.<locals>.call_next.<locals>.receive_or_disconnect at 0x7c8f1e17c860>
          │    │               │      └ {'type': 'http', 'http_version': '1.1', 'method': 'GET', 'path': '/api/v1/auth/me', 'raw_path': b'/api/v1/auth/me', 'root_pat...
          │    │               └ <function APIRouter.handle at 0x7c8f21177ec0>
          │    └ <fastapi.routing.APIRouter object at 0x7c8f1f472510>
          └ _IncludedRouter(original_router=<fastapi.routing.APIRouter object at 0x7c8f1f472510>, include_context=_RouterIncludeContext(i...
  File "/usr/local/lib/python3.13/site-packages/fastapi/routing.py", line 2740, in handle
    await included_router._handle_selected(scope, receive, send)
          │               │                │      │        └ <function wrap_app_handling_exceptions.<locals>.wrapped_app.<locals>.sender at 0x7c8f1e17d120>
          │               │                │      └ <function BaseHTTPMiddleware.__call__.<locals>.call_next.<locals>.receive_or_disconnect at 0x7c8f1e17c860>
          │               │                └ {'type': 'http', 'http_version': '1.1', 'method': 'GET', 'path': '/api/v1/auth/me', 'raw_path': b'/api/v1/auth/me', 'root_pat...
          │               └ <function _IncludedRouter._handle_selected at 0x7c8f211760c0>
          └ _IncludedRouter(original_router=<fastapi.routing.APIRouter object at 0x7c8f1f472510>, include_context=_RouterIncludeContext(i...
  File "/usr/local/lib/python3.13/site-packages/fastapi/routing.py", line 1786, in _handle_selected
    await original_route.handle(scope, receive, send)
          │              │      │      │        └ <function wrap_app_handling_exceptions.<locals>.wrapped_app.<locals>.sender at 0x7c8f1e17d120>
          │              │      │      └ <function BaseHTTPMiddleware.__call__.<locals>.call_next.<locals>.receive_or_disconnect at 0x7c8f1e17c860>
          │              │      └ {'type': 'http', 'http_version': '1.1', 'method': 'GET', 'path': '/api/v1/auth/me', 'raw_path': b'/api/v1/auth/me', 'root_pat...
          │              └ <function APIRoute.handle at 0x7c8f211740e0>
          └ APIRoute(path='/auth/me', name='get_me', methods=['GET'])
  File "/usr/local/lib/python3.13/site-packages/fastapi/routing.py", line 1265, in handle
    await app(scope, receive, send)
          │   │      │        └ <function wrap_app_handling_exceptions.<locals>.wrapped_app.<locals>.sender at 0x7c8f1e17d120>
          │   │      └ <function BaseHTTPMiddleware.__call__.<locals>.call_next.<locals>.receive_or_disconnect at 0x7c8f1e17c860>
          │   └ {'type': 'http', 'http_version': '1.1', 'method': 'GET', 'path': '/api/v1/auth/me', 'raw_path': b'/api/v1/auth/me', 'root_pat...
          └ <function request_response.<locals>.app at 0x7c8f1e17d1c0>
  File "/usr/local/lib/python3.13/site-packages/fastapi/routing.py", line 151, in app
    await wrap_app_handling_exceptions(app, request)(scope, receive, send)
          │                            │    │        │      │        └ <function wrap_app_handling_exceptions.<locals>.wrapped_app.<locals>.sender at 0x7c8f1e17d120>
          │                            │    │        │      └ <function BaseHTTPMiddleware.__call__.<locals>.call_next.<locals>.receive_or_disconnect at 0x7c8f1e17c860>
          │                            │    │        └ {'type': 'http', 'http_version': '1.1', 'method': 'GET', 'path': '/api/v1/auth/me', 'raw_path': b'/api/v1/auth/me', 'root_pat...
          │                            │    └ <starlette.requests.Request object at 0x7c8f1e181950>
          │                            └ <function request_response.<locals>.app.<locals>.app at 0x7c8f1e17d300>
          └ <function wrap_app_handling_exceptions at 0x7c8f2112f560>
  File "/usr/local/lib/python3.13/site-packages/starlette/_exception_handler.py", line 53, in wrapped_app
    raise exc
  File "/usr/local/lib/python3.13/site-packages/starlette/_exception_handler.py", line 42, in wrapped_app
    await app(scope, receive, sender)
          │   │      │        └ <function wrap_app_handling_exceptions.<locals>.wrapped_app.<locals>.sender at 0x7c8f1e17d440>
          │   │      └ <function BaseHTTPMiddleware.__call__.<locals>.call_next.<locals>.receive_or_disconnect at 0x7c8f1e17c860>
          │   └ {'type': 'http', 'http_version': '1.1', 'method': 'GET', 'path': '/api/v1/auth/me', 'raw_path': b'/api/v1/auth/me', 'root_pat...
          └ <function request_response.<locals>.app.<locals>.app at 0x7c8f1e17d300>
  File "/usr/local/lib/python3.13/site-packages/fastapi/routing.py", line 137, in app
    response = await f(request)
                     │ └ <starlette.requests.Request object at 0x7c8f1e181950>
                     └ <function get_request_handler.<locals>.app at 0x7c8f1e17d260>
  File "/usr/local/lib/python3.13/site-packages/fastapi/routing.py", line 691, in app
    raw_response = await run_endpoint_function(
                         └ <function run_endpoint_function at 0x7c8f2116b420>
  File "/usr/local/lib/python3.13/site-packages/fastapi/routing.py", line 345, in run_endpoint_function
    return await dependant.call(**values)
                 │         │      └ {'current_user': <app.database.models.User object at 0x7c8f21daeba0>, 'db': <MagicMock spec='AsyncSession' id='13695413349529...
                 │         └ <function get_me at 0x7c8f1e6c8c20>
                 └ Dependant(path_params=[], query_params=[], header_params=[], cookie_params=[], body_params=[], dependencies=[Dependant(path_p...

  File "/workspace/app/api/auth/router.py", line 197, in get_me
    data=UserMeResponse.model_validate(user)
         │              │              └ <app.database.models.User object at 0x7c8f21daeba0>
         │              └ <classmethod(<function BaseModel.model_validate at 0x7c8f21bc7920>)>
         └ <class 'app.schemas.auth.UserMeResponse'>

  File "/usr/local/lib/python3.13/site-packages/pydantic/main.py", line 732, in model_validate
    return cls.__pydantic_validator__.validate_python(
           │   │                      └ <method 'validate_python' of 'pydantic_core._pydantic_core.SchemaValidator' objects>
           │   └ SchemaValidator(title="UserMeResponse", validator=Model(
           │         ModelValidator {
           │             revalidate: Never,
           │             validator: M...
           └ <class 'app.schemas.auth.UserMeResponse'>

pydantic_core._pydantic_core.ValidationError: 1 validation error for UserMeResponse
profile.id
  UUID input should be a string, bytes or UUID object [type=uuid_type, input_value=None, input_type=NoneType]
    For further information visit https://errors.pydantic.dev/2.13/v/uuid_type
2026-07-19 11:16:12.000 | CRITICAL | main:lifespan:46 - Failed to ping Redis broker: Event loop is closed
2026-07-19 11:16:12.532 | CRITICAL | main:lifespan:46 - Failed to ping Redis broker: Event loop is closed
2026-07-19 11:16:13.076 | CRITICAL | main:lifespan:46 - Failed to ping Redis broker: Event loop is closed
2026-07-19 11:16:13.496 | ERROR    | app.middleware.logging:dispatch:27 - Exception during request GET /api/v1/settings: 5 validation errors for SettingResponse
language
  Input should be a valid string [type=string_type, input_value=None, input_type=NoneType]
    For further information visit https://errors.pydantic.dev/2.13/v/string_type
font_size
  Input should be a valid integer [type=int_type, input_value=None, input_type=NoneType]
    For further information visit https://errors.pydantic.dev/2.13/v/int_type
privacy_tracking_protection
  Input should be a valid boolean [type=bool_type, input_value=None, input_type=NoneType]
    For further information visit https://errors.pydantic.dev/2.13/v/bool_type
ai_provider
  Input should be a valid string [type=string_type, input_value=None, input_type=NoneType]
    For further information visit https://errors.pydantic.dev/2.13/v/string_type
ai_model
  Input should be a valid string [type=string_type, input_value=None, input_type=NoneType]
    For further information visit https://errors.pydantic.dev/2.13/v/string_type | Latency: 0.0116s
2026-07-19 11:16:13.497 | ERROR    | app.middleware.error_handlers:general_exception_handler:52 - Unhandled system error - GET /api/v1/settings - Error: 5 validation errors for SettingResponse
language
  Input should be a valid string [type=string_type, input_value=None, input_type=NoneType]
    For further information visit https://errors.pydantic.dev/2.13/v/string_type
font_size
  Input should be a valid integer [type=int_type, input_value=None, input_type=NoneType]
    For further information visit https://errors.pydantic.dev/2.13/v/int_type
privacy_tracking_protection
  Input should be a valid boolean [type=bool_type, input_value=None, input_type=NoneType]
    For further information visit https://errors.pydantic.dev/2.13/v/bool_type
ai_provider
  Input should be a valid string [type=string_type, input_value=None, input_type=NoneType]
    For further information visit https://errors.pydantic.dev/2.13/v/string_type
ai_model
  Input should be a valid string [type=string_type, input_value=None, input_type=NoneType]
    For further information visit https://errors.pydantic.dev/2.13/v/string_type
Traceback (most recent call last):

  File "/usr/local/lib/python3.13/threading.py", line 1015, in _bootstrap
    self._bootstrap_inner()
    │    └ <function Thread._bootstrap_inner at 0x7c8f23224ea0>
    └ <Thread(asyncio-portal-7c8f1e157130, started daemon 136954126247616)>
  File "/usr/local/lib/python3.13/threading.py", line 1044, in _bootstrap_inner
    self.run()
    │    └ <function Thread.run at 0x7c8f23224c20>
    └ <Thread(asyncio-portal-7c8f1e157130, started daemon 136954126247616)>
  File "/usr/local/lib/python3.13/threading.py", line 995, in run
    self._target(*self._args, **self._kwargs)
    │    │        │    │        │    └ {}
    │    │        │    │        └ <Thread(asyncio-portal-7c8f1e157130, started daemon 136954126247616)>
    │    │        │    └ ()
    │    │        └ <Thread(asyncio-portal-7c8f1e157130, started daemon 136954126247616)>
    │    └ <function start_blocking_portal.<locals>.run_blocking_portal at 0x7c8f1c752ac0>
    └ <Thread(asyncio-portal-7c8f1e157130, started daemon 136954126247616)>
  File "/usr/local/lib/python3.13/site-packages/anyio/from_thread.py", line 536, in run_blocking_portal
    run_eventloop(
    └ <function run at 0x7c8f237c4900>
  File "/usr/local/lib/python3.13/site-packages/anyio/_core/_eventloop.py", line 83, in run
    return async_backend.run(func, args, {}, backend_options)
           │             │   │     │         └ {}
           │             │   │     └ ()
           │             │   └ <function start_blocking_portal.<locals>.run_portal at 0x7c8f1c753600>
           │             └ <classmethod(<function AsyncIOBackend.run at 0x7c8f21d5d6c0>)>
           └ <class 'anyio._backends._asyncio.AsyncIOBackend'>
  File "/usr/local/lib/python3.13/site-packages/anyio/_backends/_asyncio.py", line 2481, in run
    return runner.run(wrapper())
           │      │   └ <function start_blocking_portal.<locals>.run_portal at 0x7c8f1c752e80>
           │      └ <function Runner.run at 0x7c8f219c6340>
           └ <asyncio.runners.Runner object at 0x7c8f1e155ae0>
  File "/usr/local/lib/python3.13/asyncio/runners.py", line 119, in run
    return self._loop.run_until_complete(task)
           │    │     │                  └ <Task pending name='anyio.from_thread.start_blocking_portal.<locals>.run_portal' coro=<start_blocking_portal.<locals>.run_por...
           │    │     └ <function BaseEventLoop.run_until_complete at 0x7c8f21923e20>
           │    └ <_UnixSelectorEventLoop running=True closed=False debug=False>
           └ <asyncio.runners.Runner object at 0x7c8f1e155ae0>
  File "/usr/local/lib/python3.13/asyncio/base_events.py", line 712, in run_until_complete
    self.run_forever()
    │    └ <function BaseEventLoop.run_forever at 0x7c8f21923d80>
    └ <_UnixSelectorEventLoop running=True closed=False debug=False>
  File "/usr/local/lib/python3.13/asyncio/base_events.py", line 683, in run_forever
    self._run_once()
    │    └ <function BaseEventLoop._run_once at 0x7c8f219c5bc0>
    └ <_UnixSelectorEventLoop running=True closed=False debug=False>
  File "/usr/local/lib/python3.13/asyncio/base_events.py", line 2060, in _run_once
    handle._run()
    │      └ <function Handle._run at 0x7c8f2286b880>
    └ <Handle Task.task_wakeup()>
  File "/usr/local/lib/python3.13/asyncio/events.py", line 89, in _run
    self._context.run(self._callback, *self._args)
    │    │            │    │           │    └ <member '_args' of 'Handle' objects>
    │    │            │    │           └ <Handle Task.task_wakeup()>
    │    │            │    └ <member '_callback' of 'Handle' objects>
    │    │            └ <Handle Task.task_wakeup()>
    │    └ <member '_context' of 'Handle' objects>
    └ <Handle Task.task_wakeup()>
  File "/usr/local/lib/python3.13/site-packages/anyio/_core/_tasks.py", line 275, in _run_coro
    retval = await self._coro
                   │    └ <member '_coro' of 'TaskHandle' objects>
                   └ <TaskHandle pending name='anyio.from_thread.BlockingPortal._call_func' coro=<coroutine object BlockingPortal._call_func at 0x...
  File "/usr/local/lib/python3.13/site-packages/anyio/from_thread.py", line 263, in _call_func
    retval = await retval_or_awaitable
                   └ <coroutine object FastAPI.__call__ at 0x7c8f1c4e0d60>
  File "/usr/local/lib/python3.13/site-packages/fastapi/applications.py", line 1163, in __call__
    await super().__call__(scope, receive, send)
                           │      │        └ <function _TestClientTransport.handle_request.<locals>.send at 0x7c8f1c576020>
                           │      └ <function _TestClientTransport.handle_request.<locals>.receive at 0x7c8f1e167ba0>
                           └ {'type': 'http', 'http_version': '1.1', 'method': 'GET', 'path': '/api/v1/settings', 'raw_path': b'/api/v1/settings', 'root_p...
  File "/usr/local/lib/python3.13/site-packages/starlette/applications.py", line 90, in __call__
    await self.middleware_stack(scope, receive, send)
          │    │                │      │        └ <function _TestClientTransport.handle_request.<locals>.send at 0x7c8f1c576020>
          │    │                │      └ <function _TestClientTransport.handle_request.<locals>.receive at 0x7c8f1e167ba0>
          │    │                └ {'type': 'http', 'http_version': '1.1', 'method': 'GET', 'path': '/api/v1/settings', 'raw_path': b'/api/v1/settings', 'root_p...
          │    └ <starlette.middleware.errors.ServerErrorMiddleware object at 0x7c8f1e0eb770>
          └ <fastapi.applications.FastAPI object at 0x7c8f1e7a2ba0>
> File "/usr/local/lib/python3.13/site-packages/starlette/middleware/errors.py", line 164, in __call__
    await self.app(scope, receive, _send)
          │    │   │      │        └ <function ServerErrorMiddleware.__call__.<locals>._send at 0x7c8f1c575c60>
          │    │   │      └ <function _TestClientTransport.handle_request.<locals>.receive at 0x7c8f1e167ba0>
          │    │   └ {'type': 'http', 'http_version': '1.1', 'method': 'GET', 'path': '/api/v1/settings', 'raw_path': b'/api/v1/settings', 'root_p...
          │    └ <app.middleware.logging.LoggingAndTrackingMiddleware object at 0x7c8f1e0eb620>
          └ <starlette.middleware.errors.ServerErrorMiddleware object at 0x7c8f1e0eb770>
  File "/usr/local/lib/python3.13/site-packages/starlette/middleware/base.py", line 193, in __call__
    response = await self.dispatch_func(request, call_next)
                     │    │             │        └ <function BaseHTTPMiddleware.__call__.<locals>.call_next at 0x7c8f1c574040>
                     │    │             └ <starlette.middleware.base._CachedRequest object at 0x7c8f1c499ae0>
                     │    └ <bound method LoggingAndTrackingMiddleware.dispatch of <app.middleware.logging.LoggingAndTrackingMiddleware object at 0x7c8f1...
                     └ <app.middleware.logging.LoggingAndTrackingMiddleware object at 0x7c8f1e0eb620>

  File "/workspace/app/middleware/logging.py", line 30, in dispatch
    raise e

  File "/workspace/app/middleware/logging.py", line 23, in dispatch
    response = await call_next(request)
                     │         └ <starlette.middleware.base._CachedRequest object at 0x7c8f1c499ae0>
                     └ <function BaseHTTPMiddleware.__call__.<locals>.call_next at 0x7c8f1c574040>

  File "/usr/local/lib/python3.13/site-packages/starlette/middleware/base.py", line 168, in call_next
    raise app_exc from app_exc.__cause__ or app_exc.__context__
          │            │       │            │       └ <attribute '__context__' of 'BaseException' objects>
          │            │       │            └ 5 validation errors for SettingResponse
          │            │       │              language
          │            │       │                Input should be a valid string [type=string_type, input_value=None, input_...
          │            │       └ <attribute '__cause__' of 'BaseException' objects>
          │            └ 5 validation errors for SettingResponse
          │              language
          │                Input should be a valid string [type=string_type, input_value=None, input_...
          └ 5 validation errors for SettingResponse
            language
              Input should be a valid string [type=string_type, input_value=None, input_...
  File "/usr/local/lib/python3.13/site-packages/starlette/middleware/base.py", line 144, in coro
    await self.app(scope, receive_or_disconnect, send_no_error)
          │    │   │      │                      └ <function BaseHTTPMiddleware.__call__.<locals>.call_next.<locals>.send_no_error at 0x7c8f1c5760c0>
          │    │   │      └ <function BaseHTTPMiddleware.__call__.<locals>.call_next.<locals>.receive_or_disconnect at 0x7c8f1c575e40>
          │    │   └ {'type': 'http', 'http_version': '1.1', 'method': 'GET', 'path': '/api/v1/settings', 'raw_path': b'/api/v1/settings', 'root_p...
          │    └ <starlette.middleware.cors.CORSMiddleware object at 0x7c8f1e0eb4d0>
          └ <app.middleware.logging.LoggingAndTrackingMiddleware object at 0x7c8f1e0eb620>
  File "/usr/local/lib/python3.13/site-packages/starlette/middleware/cors.py", line 88, in __call__
    await self.app(scope, receive, send)
          │    │   │      │        └ <function BaseHTTPMiddleware.__call__.<locals>.call_next.<locals>.send_no_error at 0x7c8f1c5760c0>
          │    │   │      └ <function BaseHTTPMiddleware.__call__.<locals>.call_next.<locals>.receive_or_disconnect at 0x7c8f1c575e40>
          │    │   └ {'type': 'http', 'http_version': '1.1', 'method': 'GET', 'path': '/api/v1/settings', 'raw_path': b'/api/v1/settings', 'root_p...
          │    └ <starlette.middleware.exceptions.ExceptionMiddleware object at 0x7c8f1e0eb380>
          └ <starlette.middleware.cors.CORSMiddleware object at 0x7c8f1e0eb4d0>
  File "/usr/local/lib/python3.13/site-packages/starlette/middleware/exceptions.py", line 63, in __call__
    await wrap_app_handling_exceptions(self.app, conn)(scope, receive, send)
          │                            │    │    │     │      │        └ <function BaseHTTPMiddleware.__call__.<locals>.call_next.<locals>.send_no_error at 0x7c8f1c5760c0>
          │                            │    │    │     │      └ <function BaseHTTPMiddleware.__call__.<locals>.call_next.<locals>.receive_or_disconnect at 0x7c8f1c575e40>
          │                            │    │    │     └ {'type': 'http', 'http_version': '1.1', 'method': 'GET', 'path': '/api/v1/settings', 'raw_path': b'/api/v1/settings', 'root_p...
          │                            │    │    └ <starlette.requests.Request object at 0x7c8f1c49d8d0>
          │                            │    └ <fastapi.middleware.asyncexitstack.AsyncExitStackMiddleware object at 0x7c8f1e0eb230>
          │                            └ <starlette.middleware.exceptions.ExceptionMiddleware object at 0x7c8f1e0eb380>
          └ <function wrap_app_handling_exceptions at 0x7c8f2112f560>
  File "/usr/local/lib/python3.13/site-packages/starlette/_exception_handler.py", line 53, in wrapped_app
    raise exc
  File "/usr/local/lib/python3.13/site-packages/starlette/_exception_handler.py", line 42, in wrapped_app
    await app(scope, receive, sender)
          │   │      │        └ <function wrap_app_handling_exceptions.<locals>.wrapped_app.<locals>.sender at 0x7c8f1c5763e0>
          │   │      └ <function BaseHTTPMiddleware.__call__.<locals>.call_next.<locals>.receive_or_disconnect at 0x7c8f1c575e40>
          │   └ {'type': 'http', 'http_version': '1.1', 'method': 'GET', 'path': '/api/v1/settings', 'raw_path': b'/api/v1/settings', 'root_p...
          └ <fastapi.middleware.asyncexitstack.AsyncExitStackMiddleware object at 0x7c8f1e0eb230>
  File "/usr/local/lib/python3.13/site-packages/fastapi/middleware/asyncexitstack.py", line 18, in __call__
    await self.app(scope, receive, send)
          │    │   │      │        └ <function wrap_app_handling_exceptions.<locals>.wrapped_app.<locals>.sender at 0x7c8f1c5763e0>
          │    │   │      └ <function BaseHTTPMiddleware.__call__.<locals>.call_next.<locals>.receive_or_disconnect at 0x7c8f1c575e40>
          │    │   └ {'type': 'http', 'http_version': '1.1', 'method': 'GET', 'path': '/api/v1/settings', 'raw_path': b'/api/v1/settings', 'root_p...
          │    └ <fastapi.routing.APIRouter object at 0x7c8f1e2fe8b0>
          └ <fastapi.middleware.asyncexitstack.AsyncExitStackMiddleware object at 0x7c8f1e0eb230>
  File "/usr/local/lib/python3.13/site-packages/starlette/routing.py", line 660, in __call__
    await self.middleware_stack(scope, receive, send)
          │    │                │      │        └ <function wrap_app_handling_exceptions.<locals>.wrapped_app.<locals>.sender at 0x7c8f1c5763e0>
          │    │                │      └ <function BaseHTTPMiddleware.__call__.<locals>.call_next.<locals>.receive_or_disconnect at 0x7c8f1c575e40>
          │    │                └ {'type': 'http', 'http_version': '1.1', 'method': 'GET', 'path': '/api/v1/settings', 'raw_path': b'/api/v1/settings', 'root_p...
          │    └ <bound method APIRouter.app of <fastapi.routing.APIRouter object at 0x7c8f1e2fe8b0>>
          └ <fastapi.routing.APIRouter object at 0x7c8f1e2fe8b0>
  File "/usr/local/lib/python3.13/site-packages/fastapi/routing.py", line 2685, in app
    await route.handle(scope, receive, send)
          │     │      │      │        └ <function wrap_app_handling_exceptions.<locals>.wrapped_app.<locals>.sender at 0x7c8f1c5763e0>
          │     │      │      └ <function BaseHTTPMiddleware.__call__.<locals>.call_next.<locals>.receive_or_disconnect at 0x7c8f1c575e40>
          │     │      └ {'type': 'http', 'http_version': '1.1', 'method': 'GET', 'path': '/api/v1/settings', 'raw_path': b'/api/v1/settings', 'root_p...
          │     └ <function _IncludedRouter.handle at 0x7c8f21176020>
          └ _IncludedRouter(original_router=<fastapi.routing.APIRouter object at 0x7c8f1e697ce0>, include_context=_RouterIncludeContext(i...
  File "/usr/local/lib/python3.13/site-packages/fastapi/routing.py", line 1766, in handle
    await self.original_router.handle(scope, receive, send)
          │    │               │      │      │        └ <function wrap_app_handling_exceptions.<locals>.wrapped_app.<locals>.sender at 0x7c8f1c5763e0>
          │    │               │      │      └ <function BaseHTTPMiddleware.__call__.<locals>.call_next.<locals>.receive_or_disconnect at 0x7c8f1c575e40>
          │    │               │      └ {'type': 'http', 'http_version': '1.1', 'method': 'GET', 'path': '/api/v1/settings', 'raw_path': b'/api/v1/settings', 'root_p...
          │    │               └ <function APIRouter.handle at 0x7c8f21177ec0>
          │    └ <fastapi.routing.APIRouter object at 0x7c8f1e697ce0>
          └ _IncludedRouter(original_router=<fastapi.routing.APIRouter object at 0x7c8f1e697ce0>, include_context=_RouterIncludeContext(i...
  File "/usr/local/lib/python3.13/site-packages/fastapi/routing.py", line 2740, in handle
    await included_router._handle_selected(scope, receive, send)
          │               │                │      │        └ <function wrap_app_handling_exceptions.<locals>.wrapped_app.<locals>.sender at 0x7c8f1c5763e0>
          │               │                │      └ <function BaseHTTPMiddleware.__call__.<locals>.call_next.<locals>.receive_or_disconnect at 0x7c8f1c575e40>
          │               │                └ {'type': 'http', 'http_version': '1.1', 'method': 'GET', 'path': '/api/v1/settings', 'raw_path': b'/api/v1/settings', 'root_p...
          │               └ <function _IncludedRouter._handle_selected at 0x7c8f211760c0>
          └ _IncludedRouter(original_router=<fastapi.routing.APIRouter object at 0x7c8f1e697ce0>, include_context=_RouterIncludeContext(i...
  File "/usr/local/lib/python3.13/site-packages/fastapi/routing.py", line 1786, in _handle_selected
    await original_route.handle(scope, receive, send)
          │              │      │      │        └ <function wrap_app_handling_exceptions.<locals>.wrapped_app.<locals>.sender at 0x7c8f1c5763e0>
          │              │      │      └ <function BaseHTTPMiddleware.__call__.<locals>.call_next.<locals>.receive_or_disconnect at 0x7c8f1c575e40>
          │              │      └ {'type': 'http', 'http_version': '1.1', 'method': 'GET', 'path': '/api/v1/settings', 'raw_path': b'/api/v1/settings', 'root_p...
          │              └ <function APIRoute.handle at 0x7c8f211740e0>
          └ APIRoute(path='/settings', name='get_user_settings', methods=['GET'])
  File "/usr/local/lib/python3.13/site-packages/fastapi/routing.py", line 1265, in handle
    await app(scope, receive, send)
          │   │      │        └ <function wrap_app_handling_exceptions.<locals>.wrapped_app.<locals>.sender at 0x7c8f1c5763e0>
          │   │      └ <function BaseHTTPMiddleware.__call__.<locals>.call_next.<locals>.receive_or_disconnect at 0x7c8f1c575e40>
          │   └ {'type': 'http', 'http_version': '1.1', 'method': 'GET', 'path': '/api/v1/settings', 'raw_path': b'/api/v1/settings', 'root_p...
          └ <function request_response.<locals>.app at 0x7c8f1c576480>
  File "/usr/local/lib/python3.13/site-packages/fastapi/routing.py", line 151, in app
    await wrap_app_handling_exceptions(app, request)(scope, receive, send)
          │                            │    │        │      │        └ <function wrap_app_handling_exceptions.<locals>.wrapped_app.<locals>.sender at 0x7c8f1c5763e0>
          │                            │    │        │      └ <function BaseHTTPMiddleware.__call__.<locals>.call_next.<locals>.receive_or_disconnect at 0x7c8f1c575e40>
          │                            │    │        └ {'type': 'http', 'http_version': '1.1', 'method': 'GET', 'path': '/api/v1/settings', 'raw_path': b'/api/v1/settings', 'root_p...
          │                            │    └ <starlette.requests.Request object at 0x7c8f1e25e1a0>
          │                            └ <function request_response.<locals>.app.<locals>.app at 0x7c8f1c5765c0>
          └ <function wrap_app_handling_exceptions at 0x7c8f2112f560>
  File "/usr/local/lib/python3.13/site-packages/starlette/_exception_handler.py", line 53, in wrapped_app
    raise exc
  File "/usr/local/lib/python3.13/site-packages/starlette/_exception_handler.py", line 42, in wrapped_app
    await app(scope, receive, sender)
          │   │      │        └ <function wrap_app_handling_exceptions.<locals>.wrapped_app.<locals>.sender at 0x7c8f1c576700>
          │   │      └ <function BaseHTTPMiddleware.__call__.<locals>.call_next.<locals>.receive_or_disconnect at 0x7c8f1c575e40>
          │   └ {'type': 'http', 'http_version': '1.1', 'method': 'GET', 'path': '/api/v1/settings', 'raw_path': b'/api/v1/settings', 'root_p...
          └ <function request_response.<locals>.app.<locals>.app at 0x7c8f1c5765c0>
  File "/usr/local/lib/python3.13/site-packages/fastapi/routing.py", line 137, in app
    response = await f(request)
                     │ └ <starlette.requests.Request object at 0x7c8f1e25e1a0>
                     └ <function get_request_handler.<locals>.app at 0x7c8f1c576520>
  File "/usr/local/lib/python3.13/site-packages/fastapi/routing.py", line 691, in app
    raw_response = await run_endpoint_function(
                         └ <function run_endpoint_function at 0x7c8f2116b420>
  File "/usr/local/lib/python3.13/site-packages/fastapi/routing.py", line 345, in run_endpoint_function
    return await dependant.call(**values)
                 │         │      └ {'current_user': <app.database.models.User object at 0x7c8f1e10cf30>, 'db': <MagicMock spec='AsyncSession' id='13695409680244...
                 │         └ <function get_user_settings at 0x7c8f1e6611c0>
                 └ Dependant(path_params=[], query_params=[], header_params=[], cookie_params=[], body_params=[], dependencies=[Dependant(path_p...

  File "/workspace/app/api/settings/router.py", line 42, in get_user_settings
    data=SettingResponse.model_validate(setting)
         │               │              └ <app.database.models.Setting object at 0x7c8f1c4997b0>
         │               └ <classmethod(<function BaseModel.model_validate at 0x7c8f21bc7920>)>
         └ <class 'app.schemas.settings.SettingResponse'>

  File "/usr/local/lib/python3.13/site-packages/pydantic/main.py", line 732, in model_validate
    return cls.__pydantic_validator__.validate_python(
           │   │                      └ <method 'validate_python' of 'pydantic_core._pydantic_core.SchemaValidator' objects>
           │   └ SchemaValidator(title="SettingResponse", validator=Model(
           │         ModelValidator {
           │             revalidate: Never,
           │             validator: ...
           └ <class 'app.schemas.settings.SettingResponse'>

pydantic_core._pydantic_core.ValidationError: 5 validation errors for SettingResponse
language
  Input should be a valid string [type=string_type, input_value=None, input_type=NoneType]
    For further information visit https://errors.pydantic.dev/2.13/v/string_type
font_size
  Input should be a valid integer [type=int_type, input_value=None, input_type=NoneType]
    For further information visit https://errors.pydantic.dev/2.13/v/int_type
privacy_tracking_protection
  Input should be a valid boolean [type=bool_type, input_value=None, input_type=NoneType]
    For further information visit https://errors.pydantic.dev/2.13/v/bool_type
ai_provider
  Input should be a valid string [type=string_type, input_value=None, input_type=NoneType]
    For further information visit https://errors.pydantic.dev/2.13/v/string_type
ai_model
  Input should be a valid string [type=string_type, input_value=None, input_type=NoneType]
    For further information visit https://errors.pydantic.dev/2.13/v/string_type
2026-07-19 11:16:14.339 | CRITICAL | main:lifespan:46 - Failed to ping Redis broker: Event loop is closed
2026-07-19 11:16:14.346 | ERROR    | app.middleware.logging:dispatch:27 - Exception during request PUT /api/v1/settings: 6 validation errors for SettingResponse
homepage_url
  Input should be a valid string [type=string_type, input_value=None, input_type=NoneType]
    For further information visit https://errors.pydantic.dev/2.13/v/string_type
language
  Input should be a valid string [type=string_type, input_value=None, input_type=NoneType]
    For further information visit https://errors.pydantic.dev/2.13/v/string_type
font_size
  Input should be a valid integer [type=int_type, input_value=None, input_type=NoneType]
    For further information visit https://errors.pydantic.dev/2.13/v/int_type
privacy_tracking_protection
  Input should be a valid boolean [type=bool_type, input_value=None, input_type=NoneType]
    For further information visit https://errors.pydantic.dev/2.13/v/bool_type
ai_provider
  Input should be a valid string [type=string_type, input_value=None, input_type=NoneType]
    For further information visit https://errors.pydantic.dev/2.13/v/string_type
ai_model
  Input should be a valid string [type=string_type, input_value=None, input_type=NoneType]
    For further information visit https://errors.pydantic.dev/2.13/v/string_type | Latency: 0.0033s
2026-07-19 11:16:14.346 | ERROR    | app.middleware.error_handlers:general_exception_handler:52 - Unhandled system error - PUT /api/v1/settings - Error: 6 validation errors for SettingResponse
homepage_url
  Input should be a valid string [type=string_type, input_value=None, input_type=NoneType]
    For further information visit https://errors.pydantic.dev/2.13/v/string_type
language
  Input should be a valid string [type=string_type, input_value=None, input_type=NoneType]
    For further information visit https://errors.pydantic.dev/2.13/v/string_type
font_size
  Input should be a valid integer [type=int_type, input_value=None, input_type=NoneType]
    For further information visit https://errors.pydantic.dev/2.13/v/int_type
privacy_tracking_protection
  Input should be a valid boolean [type=bool_type, input_value=None, input_type=NoneType]
    For further information visit https://errors.pydantic.dev/2.13/v/bool_type
ai_provider
  Input should be a valid string [type=string_type, input_value=None, input_type=NoneType]
    For further information visit https://errors.pydantic.dev/2.13/v/string_type
ai_model
  Input should be a valid string [type=string_type, input_value=None, input_type=NoneType]
    For further information visit https://errors.pydantic.dev/2.13/v/string_type
Traceback (most recent call last):

  File "/usr/local/lib/python3.13/threading.py", line 1015, in _bootstrap
    self._bootstrap_inner()
    │    └ <function Thread._bootstrap_inner at 0x7c8f23224ea0>
    └ <Thread(asyncio-portal-7c8f1c498c00, started daemon 136954126247616)>
  File "/usr/local/lib/python3.13/threading.py", line 1044, in _bootstrap_inner
    self.run()
    │    └ <function Thread.run at 0x7c8f23224c20>
    └ <Thread(asyncio-portal-7c8f1c498c00, started daemon 136954126247616)>
  File "/usr/local/lib/python3.13/threading.py", line 995, in run
    self._target(*self._args, **self._kwargs)
    │    │        │    │        │    └ {}
    │    │        │    │        └ <Thread(asyncio-portal-7c8f1c498c00, started daemon 136954126247616)>
    │    │        │    └ ()
    │    │        └ <Thread(asyncio-portal-7c8f1c498c00, started daemon 136954126247616)>
    │    └ <function start_blocking_portal.<locals>.run_blocking_portal at 0x7c8f1c753a60>
    └ <Thread(asyncio-portal-7c8f1c498c00, started daemon 136954126247616)>
  File "/usr/local/lib/python3.13/site-packages/anyio/from_thread.py", line 536, in run_blocking_portal
    run_eventloop(
    └ <function run at 0x7c8f237c4900>
  File "/usr/local/lib/python3.13/site-packages/anyio/_core/_eventloop.py", line 83, in run
    return async_backend.run(func, args, {}, backend_options)
           │             │   │     │         └ {}
           │             │   │     └ ()
           │             │   └ <function start_blocking_portal.<locals>.run_portal at 0x7c8f1c752e80>
           │             └ <classmethod(<function AsyncIOBackend.run at 0x7c8f21d5d6c0>)>
           └ <class 'anyio._backends._asyncio.AsyncIOBackend'>
  File "/usr/local/lib/python3.13/site-packages/anyio/_backends/_asyncio.py", line 2481, in run
    return runner.run(wrapper())
           │      │   └ <function start_blocking_portal.<locals>.run_portal at 0x7c8f1e1671a0>
           │      └ <function Runner.run at 0x7c8f219c6340>
           └ <asyncio.runners.Runner object at 0x7c8f1c498e20>
  File "/usr/local/lib/python3.13/asyncio/runners.py", line 119, in run
    return self._loop.run_until_complete(task)
           │    │     │                  └ <Task pending name='anyio.from_thread.start_blocking_portal.<locals>.run_portal' coro=<start_blocking_portal.<locals>.run_por...
           │    │     └ <function BaseEventLoop.run_until_complete at 0x7c8f21923e20>
           │    └ <_UnixSelectorEventLoop running=True closed=False debug=False>
           └ <asyncio.runners.Runner object at 0x7c8f1c498e20>
  File "/usr/local/lib/python3.13/asyncio/base_events.py", line 712, in run_until_complete
    self.run_forever()
    │    └ <function BaseEventLoop.run_forever at 0x7c8f21923d80>
    └ <_UnixSelectorEventLoop running=True closed=False debug=False>
  File "/usr/local/lib/python3.13/asyncio/base_events.py", line 683, in run_forever
    self._run_once()
    │    └ <function BaseEventLoop._run_once at 0x7c8f219c5bc0>
    └ <_UnixSelectorEventLoop running=True closed=False debug=False>
  File "/usr/local/lib/python3.13/asyncio/base_events.py", line 2060, in _run_once
    handle._run()
    │      └ <function Handle._run at 0x7c8f2286b880>
    └ <Handle Task.task_wakeup()>
  File "/usr/local/lib/python3.13/asyncio/events.py", line 89, in _run
    self._context.run(self._callback, *self._args)
    │    │            │    │           │    └ <member '_args' of 'Handle' objects>
    │    │            │    │           └ <Handle Task.task_wakeup()>
    │    │            │    └ <member '_callback' of 'Handle' objects>
    │    │            └ <Handle Task.task_wakeup()>
    │    └ <member '_context' of 'Handle' objects>
    └ <Handle Task.task_wakeup()>
  File "/usr/local/lib/python3.13/site-packages/anyio/_core/_tasks.py", line 275, in _run_coro
    retval = await self._coro
                   │    └ <member '_coro' of 'TaskHandle' objects>
                   └ <TaskHandle pending name='anyio.from_thread.BlockingPortal._call_func' coro=<coroutine object BlockingPortal._call_func at 0x...
  File "/usr/local/lib/python3.13/site-packages/anyio/from_thread.py", line 263, in _call_func
    retval = await retval_or_awaitable
                   └ <coroutine object FastAPI.__call__ at 0x7c8f1e1a1300>
  File "/usr/local/lib/python3.13/site-packages/fastapi/applications.py", line 1163, in __call__
    await super().__call__(scope, receive, send)
                           │      │        └ <function _TestClientTransport.handle_request.<locals>.send at 0x7c8f1c5749a0>
                           │      └ <function _TestClientTransport.handle_request.<locals>.receive at 0x7c8f1c753100>
                           └ {'type': 'http', 'http_version': '1.1', 'method': 'PUT', 'path': '/api/v1/settings', 'raw_path': b'/api/v1/settings', 'root_p...
  File "/usr/local/lib/python3.13/site-packages/starlette/applications.py", line 90, in __call__
    await self.middleware_stack(scope, receive, send)
          │    │                │      │        └ <function _TestClientTransport.handle_request.<locals>.send at 0x7c8f1c5749a0>
          │    │                │      └ <function _TestClientTransport.handle_request.<locals>.receive at 0x7c8f1c753100>
          │    │                └ {'type': 'http', 'http_version': '1.1', 'method': 'PUT', 'path': '/api/v1/settings', 'raw_path': b'/api/v1/settings', 'root_p...
          │    └ <starlette.middleware.errors.ServerErrorMiddleware object at 0x7c8f1e0eb770>
          └ <fastapi.applications.FastAPI object at 0x7c8f1e7a2ba0>
> File "/usr/local/lib/python3.13/site-packages/starlette/middleware/errors.py", line 164, in __call__
    await self.app(scope, receive, _send)
          │    │   │      │        └ <function ServerErrorMiddleware.__call__.<locals>._send at 0x7c8f1c5742c0>
          │    │   │      └ <function _TestClientTransport.handle_request.<locals>.receive at 0x7c8f1c753100>
          │    │   └ {'type': 'http', 'http_version': '1.1', 'method': 'PUT', 'path': '/api/v1/settings', 'raw_path': b'/api/v1/settings', 'root_p...
          │    └ <app.middleware.logging.LoggingAndTrackingMiddleware object at 0x7c8f1e0eb620>
          └ <starlette.middleware.errors.ServerErrorMiddleware object at 0x7c8f1e0eb770>
  File "/usr/local/lib/python3.13/site-packages/starlette/middleware/base.py", line 193, in __call__
    response = await self.dispatch_func(request, call_next)
                     │    │             │        └ <function BaseHTTPMiddleware.__call__.<locals>.call_next at 0x7c8f1c5774c0>
                     │    │             └ <starlette.middleware.base._CachedRequest object at 0x7c8f1c49b680>
                     │    └ <bound method LoggingAndTrackingMiddleware.dispatch of <app.middleware.logging.LoggingAndTrackingMiddleware object at 0x7c8f1...
                     └ <app.middleware.logging.LoggingAndTrackingMiddleware object at 0x7c8f1e0eb620>

  File "/workspace/app/middleware/logging.py", line 30, in dispatch
    raise e

  File "/workspace/app/middleware/logging.py", line 23, in dispatch
    response = await call_next(request)
                     │         └ <starlette.middleware.base._CachedRequest object at 0x7c8f1c49b680>
                     └ <function BaseHTTPMiddleware.__call__.<locals>.call_next at 0x7c8f1c5774c0>

  File "/usr/local/lib/python3.13/site-packages/starlette/middleware/base.py", line 168, in call_next
    raise app_exc from app_exc.__cause__ or app_exc.__context__
          │            │       │            │       └ <attribute '__context__' of 'BaseException' objects>
          │            │       │            └ 6 validation errors for SettingResponse
          │            │       │              homepage_url
          │            │       │                Input should be a valid string [type=string_type, input_value=None, in...
          │            │       └ <attribute '__cause__' of 'BaseException' objects>
          │            └ 6 validation errors for SettingResponse
          │              homepage_url
          │                Input should be a valid string [type=string_type, input_value=None, in...
          └ 6 validation errors for SettingResponse
            homepage_url
              Input should be a valid string [type=string_type, input_value=None, in...
  File "/usr/local/lib/python3.13/site-packages/starlette/middleware/base.py", line 144, in coro
    await self.app(scope, receive_or_disconnect, send_no_error)
          │    │   │      │                      └ <function BaseHTTPMiddleware.__call__.<locals>.call_next.<locals>.send_no_error at 0x7c8f1c5777e0>
          │    │   │      └ <function BaseHTTPMiddleware.__call__.<locals>.call_next.<locals>.receive_or_disconnect at 0x7c8f1c574cc0>
          │    │   └ {'type': 'http', 'http_version': '1.1', 'method': 'PUT', 'path': '/api/v1/settings', 'raw_path': b'/api/v1/settings', 'root_p...
          │    └ <starlette.middleware.cors.CORSMiddleware object at 0x7c8f1e0eb4d0>
          └ <app.middleware.logging.LoggingAndTrackingMiddleware object at 0x7c8f1e0eb620>
  File "/usr/local/lib/python3.13/site-packages/starlette/middleware/cors.py", line 88, in __call__
    await self.app(scope, receive, send)
          │    │   │      │        └ <function BaseHTTPMiddleware.__call__.<locals>.call_next.<locals>.send_no_error at 0x7c8f1c5777e0>
          │    │   │      └ <function BaseHTTPMiddleware.__call__.<locals>.call_next.<locals>.receive_or_disconnect at 0x7c8f1c574cc0>
          │    │   └ {'type': 'http', 'http_version': '1.1', 'method': 'PUT', 'path': '/api/v1/settings', 'raw_path': b'/api/v1/settings', 'root_p...
          │    └ <starlette.middleware.exceptions.ExceptionMiddleware object at 0x7c8f1e0eb380>
          └ <starlette.middleware.cors.CORSMiddleware object at 0x7c8f1e0eb4d0>
  File "/usr/local/lib/python3.13/site-packages/starlette/middleware/exceptions.py", line 63, in __call__
    await wrap_app_handling_exceptions(self.app, conn)(scope, receive, send)
          │                            │    │    │     │      │        └ <function BaseHTTPMiddleware.__call__.<locals>.call_next.<locals>.send_no_error at 0x7c8f1c5777e0>
          │                            │    │    │     │      └ <function BaseHTTPMiddleware.__call__.<locals>.call_next.<locals>.receive_or_disconnect at 0x7c8f1c574cc0>
          │                            │    │    │     └ {'type': 'http', 'http_version': '1.1', 'method': 'PUT', 'path': '/api/v1/settings', 'raw_path': b'/api/v1/settings', 'root_p...
          │                            │    │    └ <starlette.requests.Request object at 0x7c8f1c69aa50>
          │                            │    └ <fastapi.middleware.asyncexitstack.AsyncExitStackMiddleware object at 0x7c8f1e0eb230>
          │                            └ <starlette.middleware.exceptions.ExceptionMiddleware object at 0x7c8f1e0eb380>
          └ <function wrap_app_handling_exceptions at 0x7c8f2112f560>
  File "/usr/local/lib/python3.13/site-packages/starlette/_exception_handler.py", line 53, in wrapped_app
    raise exc
  File "/usr/local/lib/python3.13/site-packages/starlette/_exception_handler.py", line 42, in wrapped_app
    await app(scope, receive, sender)
          │   │      │        └ <function wrap_app_handling_exceptions.<locals>.wrapped_app.<locals>.sender at 0x7c8f1c576200>
          │   │      └ <function BaseHTTPMiddleware.__call__.<locals>.call_next.<locals>.receive_or_disconnect at 0x7c8f1c574cc0>
          │   └ {'type': 'http', 'http_version': '1.1', 'method': 'PUT', 'path': '/api/v1/settings', 'raw_path': b'/api/v1/settings', 'root_p...
          └ <fastapi.middleware.asyncexitstack.AsyncExitStackMiddleware object at 0x7c8f1e0eb230>
  File "/usr/local/lib/python3.13/site-packages/fastapi/middleware/asyncexitstack.py", line 18, in __call__
    await self.app(scope, receive, send)
          │    │   │      │        └ <function wrap_app_handling_exceptions.<locals>.wrapped_app.<locals>.sender at 0x7c8f1c576200>
          │    │   │      └ <function BaseHTTPMiddleware.__call__.<locals>.call_next.<locals>.receive_or_disconnect at 0x7c8f1c574cc0>
          │    │   └ {'type': 'http', 'http_version': '1.1', 'method': 'PUT', 'path': '/api/v1/settings', 'raw_path': b'/api/v1/settings', 'root_p...
          │    └ <fastapi.routing.APIRouter object at 0x7c8f1e2fe8b0>
          └ <fastapi.middleware.asyncexitstack.AsyncExitStackMiddleware object at 0x7c8f1e0eb230>
  File "/usr/local/lib/python3.13/site-packages/starlette/routing.py", line 660, in __call__
    await self.middleware_stack(scope, receive, send)
          │    │                │      │        └ <function wrap_app_handling_exceptions.<locals>.wrapped_app.<locals>.sender at 0x7c8f1c576200>
          │    │                │      └ <function BaseHTTPMiddleware.__call__.<locals>.call_next.<locals>.receive_or_disconnect at 0x7c8f1c574cc0>
          │    │                └ {'type': 'http', 'http_version': '1.1', 'method': 'PUT', 'path': '/api/v1/settings', 'raw_path': b'/api/v1/settings', 'root_p...
          │    └ <bound method APIRouter.app of <fastapi.routing.APIRouter object at 0x7c8f1e2fe8b0>>
          └ <fastapi.routing.APIRouter object at 0x7c8f1e2fe8b0>
  File "/usr/local/lib/python3.13/site-packages/fastapi/routing.py", line 2685, in app
    await route.handle(scope, receive, send)
          │     │      │      │        └ <function wrap_app_handling_exceptions.<locals>.wrapped_app.<locals>.sender at 0x7c8f1c576200>
          │     │      │      └ <function BaseHTTPMiddleware.__call__.<locals>.call_next.<locals>.receive_or_disconnect at 0x7c8f1c574cc0>
          │     │      └ {'type': 'http', 'http_version': '1.1', 'method': 'PUT', 'path': '/api/v1/settings', 'raw_path': b'/api/v1/settings', 'root_p...
          │     └ <function _IncludedRouter.handle at 0x7c8f21176020>
          └ _IncludedRouter(original_router=<fastapi.routing.APIRouter object at 0x7c8f1e697ce0>, include_context=_RouterIncludeContext(i...
  File "/usr/local/lib/python3.13/site-packages/fastapi/routing.py", line 1766, in handle
    await self.original_router.handle(scope, receive, send)
          │    │               │      │      │        └ <function wrap_app_handling_exceptions.<locals>.wrapped_app.<locals>.sender at 0x7c8f1c576200>
          │    │               │      │      └ <function BaseHTTPMiddleware.__call__.<locals>.call_next.<locals>.receive_or_disconnect at 0x7c8f1c574cc0>
          │    │               │      └ {'type': 'http', 'http_version': '1.1', 'method': 'PUT', 'path': '/api/v1/settings', 'raw_path': b'/api/v1/settings', 'root_p...
          │    │               └ <function APIRouter.handle at 0x7c8f21177ec0>
          │    └ <fastapi.routing.APIRouter object at 0x7c8f1e697ce0>
          └ _IncludedRouter(original_router=<fastapi.routing.APIRouter object at 0x7c8f1e697ce0>, include_context=_RouterIncludeContext(i...
  File "/usr/local/lib/python3.13/site-packages/fastapi/routing.py", line 2740, in handle
    await included_router._handle_selected(scope, receive, send)
          │               │                │      │        └ <function wrap_app_handling_exceptions.<locals>.wrapped_app.<locals>.sender at 0x7c8f1c576200>
          │               │                │      └ <function BaseHTTPMiddleware.__call__.<locals>.call_next.<locals>.receive_or_disconnect at 0x7c8f1c574cc0>
          │               │                └ {'type': 'http', 'http_version': '1.1', 'method': 'PUT', 'path': '/api/v1/settings', 'raw_path': b'/api/v1/settings', 'root_p...
          │               └ <function _IncludedRouter._handle_selected at 0x7c8f211760c0>
          └ _IncludedRouter(original_router=<fastapi.routing.APIRouter object at 0x7c8f1e697ce0>, include_context=_RouterIncludeContext(i...
  File "/usr/local/lib/python3.13/site-packages/fastapi/routing.py", line 1786, in _handle_selected
    await original_route.handle(scope, receive, send)
          │              │      │      │        └ <function wrap_app_handling_exceptions.<locals>.wrapped_app.<locals>.sender at 0x7c8f1c576200>
          │              │      │      └ <function BaseHTTPMiddleware.__call__.<locals>.call_next.<locals>.receive_or_disconnect at 0x7c8f1c574cc0>
          │              │      └ {'type': 'http', 'http_version': '1.1', 'method': 'PUT', 'path': '/api/v1/settings', 'raw_path': b'/api/v1/settings', 'root_p...
          │              └ <function APIRoute.handle at 0x7c8f211740e0>
          └ APIRoute(path='/settings', name='update_user_settings', methods=['PUT'])
  File "/usr/local/lib/python3.13/site-packages/fastapi/routing.py", line 1265, in handle
    await app(scope, receive, send)
          │   │      │        └ <function wrap_app_handling_exceptions.<locals>.wrapped_app.<locals>.sender at 0x7c8f1c576200>
          │   │      └ <function BaseHTTPMiddleware.__call__.<locals>.call_next.<locals>.receive_or_disconnect at 0x7c8f1c574cc0>
          │   └ {'type': 'http', 'http_version': '1.1', 'method': 'PUT', 'path': '/api/v1/settings', 'raw_path': b'/api/v1/settings', 'root_p...
          └ <function request_response.<locals>.app at 0x7c8f1c576ac0>
  File "/usr/local/lib/python3.13/site-packages/fastapi/routing.py", line 151, in app
    await wrap_app_handling_exceptions(app, request)(scope, receive, send)
          │                            │    │        │      │        └ <function wrap_app_handling_exceptions.<locals>.wrapped_app.<locals>.sender at 0x7c8f1c576200>
          │                            │    │        │      └ <function BaseHTTPMiddleware.__call__.<locals>.call_next.<locals>.receive_or_disconnect at 0x7c8f1c574cc0>
          │                            │    │        └ {'type': 'http', 'http_version': '1.1', 'method': 'PUT', 'path': '/api/v1/settings', 'raw_path': b'/api/v1/settings', 'root_p...
          │                            │    └ <starlette.requests.Request object at 0x7c8f1d7eedb0>
          │                            └ <function request_response.<locals>.app.<locals>.app at 0x7c8f1c5779c0>
          └ <function wrap_app_handling_exceptions at 0x7c8f2112f560>
  File "/usr/local/lib/python3.13/site-packages/starlette/_exception_handler.py", line 53, in wrapped_app
    raise exc
  File "/usr/local/lib/python3.13/site-packages/starlette/_exception_handler.py", line 42, in wrapped_app
    await app(scope, receive, sender)
          │   │      │        └ <function wrap_app_handling_exceptions.<locals>.wrapped_app.<locals>.sender at 0x7c8f1c577100>
          │   │      └ <function BaseHTTPMiddleware.__call__.<locals>.call_next.<locals>.receive_or_disconnect at 0x7c8f1c574cc0>
          │   └ {'type': 'http', 'http_version': '1.1', 'method': 'PUT', 'path': '/api/v1/settings', 'raw_path': b'/api/v1/settings', 'root_p...
          └ <function request_response.<locals>.app.<locals>.app at 0x7c8f1c5779c0>
  File "/usr/local/lib/python3.13/site-packages/fastapi/routing.py", line 137, in app
    response = await f(request)
                     │ └ <starlette.requests.Request object at 0x7c8f1d7eedb0>
                     └ <function get_request_handler.<locals>.app at 0x7c8f1c576c00>
  File "/usr/local/lib/python3.13/site-packages/fastapi/routing.py", line 691, in app
    raw_response = await run_endpoint_function(
                         └ <function run_endpoint_function at 0x7c8f2116b420>
  File "/usr/local/lib/python3.13/site-packages/fastapi/routing.py", line 345, in run_endpoint_function
    return await dependant.call(**values)
                 │         │      └ {'current_user': <app.database.models.User object at 0x7c8f1e1556a0>, 'db': <MagicMock spec='AsyncSession' id='13695415655489...
                 │         └ <function update_user_settings at 0x7c8f1e6613a0>
                 └ Dependant(path_params=[], query_params=[], header_params=[], cookie_params=[], body_params=[ModelField(field_info=Body(Pydant...

  File "/workspace/app/api/settings/router.py", line 74, in update_user_settings
    data=SettingResponse.model_validate(setting)
         │               │              └ <app.database.models.Setting object at 0x7c8f1e192f50>
         │               └ <classmethod(<function BaseModel.model_validate at 0x7c8f21bc7920>)>
         └ <class 'app.schemas.settings.SettingResponse'>

  File "/usr/local/lib/python3.13/site-packages/pydantic/main.py", line 732, in model_validate
    return cls.__pydantic_validator__.validate_python(
           │   │                      └ <method 'validate_python' of 'pydantic_core._pydantic_core.SchemaValidator' objects>
           │   └ SchemaValidator(title="SettingResponse", validator=Model(
           │         ModelValidator {
           │             revalidate: Never,
           │             validator: ...
           └ <class 'app.schemas.settings.SettingResponse'>

pydantic_core._pydantic_core.ValidationError: 6 validation errors for SettingResponse
homepage_url
  Input should be a valid string [type=string_type, input_value=None, input_type=NoneType]
    For further information visit https://errors.pydantic.dev/2.13/v/string_type
language
  Input should be a valid string [type=string_type, input_value=None, input_type=NoneType]
    For further information visit https://errors.pydantic.dev/2.13/v/string_type
font_size
  Input should be a valid integer [type=int_type, input_value=None, input_type=NoneType]
    For further information visit https://errors.pydantic.dev/2.13/v/int_type
privacy_tracking_protection
  Input should be a valid boolean [type=bool_type, input_value=None, input_type=NoneType]
    For further information visit https://errors.pydantic.dev/2.13/v/bool_type
ai_provider
  Input should be a valid string [type=string_type, input_value=None, input_type=NoneType]
    For further information visit https://errors.pydantic.dev/2.13/v/string_type
ai_model
  Input should be a valid string [type=string_type, input_value=None, input_type=NoneType]
    For further information visit https://errors.pydantic.dev/2.13/v/string_type
2026-07-19 11:16:32.982 | ERROR    | app.middleware.logging:dispatch:27 - Exception during request GET /api/v1/auth/me: 1 validation error for UserMeResponse
profile.id
  UUID input should be a string, bytes or UUID object [type=uuid_type, input_value=None, input_type=NoneType]
    For further information visit https://errors.pydantic.dev/2.13/v/uuid_type | Latency: 0.0164s
2026-07-19 11:16:32.983 | ERROR    | app.middleware.error_handlers:general_exception_handler:52 - Unhandled system error - GET /api/v1/auth/me - Error: 1 validation error for UserMeResponse
profile.id
  UUID input should be a string, bytes or UUID object [type=uuid_type, input_value=None, input_type=NoneType]
    For further information visit https://errors.pydantic.dev/2.13/v/uuid_type
Traceback (most recent call last):

  File "/usr/local/lib/python3.13/threading.py", line 1015, in _bootstrap
    self._bootstrap_inner()
    │    └ <function Thread._bootstrap_inner at 0x7980d4738ea0>
    └ <Thread(asyncio-portal-7980cf876900, started daemon 133594142439104)>
  File "/usr/local/lib/python3.13/threading.py", line 1044, in _bootstrap_inner
    self.run()
    │    └ <function Thread.run at 0x7980d4738c20>
    └ <Thread(asyncio-portal-7980cf876900, started daemon 133594142439104)>
  File "/usr/local/lib/python3.13/threading.py", line 995, in run
    self._target(*self._args, **self._kwargs)
    │    │        │    │        │    └ {}
    │    │        │    │        └ <Thread(asyncio-portal-7980cf876900, started daemon 133594142439104)>
    │    │        │    └ ()
    │    │        └ <Thread(asyncio-portal-7980cf876900, started daemon 133594142439104)>
    │    └ <function start_blocking_portal.<locals>.run_blocking_portal at 0x7980cf86ce00>
    └ <Thread(asyncio-portal-7980cf876900, started daemon 133594142439104)>
  File "/usr/local/lib/python3.13/site-packages/anyio/from_thread.py", line 536, in run_blocking_portal
    run_eventloop(
    └ <function run at 0x7980d4d84900>
  File "/usr/local/lib/python3.13/site-packages/anyio/_core/_eventloop.py", line 83, in run
    return async_backend.run(func, args, {}, backend_options)
           │             │   │     │         └ {}
           │             │   │     └ ()
           │             │   └ <function start_blocking_portal.<locals>.run_portal at 0x7980cf86cd60>
           │             └ <classmethod(<function AsyncIOBackend.run at 0x7980d33156c0>)>
           └ <class 'anyio._backends._asyncio.AsyncIOBackend'>
  File "/usr/local/lib/python3.13/site-packages/anyio/_backends/_asyncio.py", line 2481, in run
    return runner.run(wrapper())
           │      │   └ <function start_blocking_portal.<locals>.run_portal at 0x7980cf86cfe0>
           │      └ <function Runner.run at 0x7980d2f86340>
           └ <asyncio.runners.Runner object at 0x7980cf8763c0>
  File "/usr/local/lib/python3.13/asyncio/runners.py", line 119, in run
    return self._loop.run_until_complete(task)
           │    │     │                  └ <Task pending name='anyio.from_thread.start_blocking_portal.<locals>.run_portal' coro=<start_blocking_portal.<locals>.run_por...
           │    │     └ <function BaseEventLoop.run_until_complete at 0x7980d2f7fe20>
           │    └ <_UnixSelectorEventLoop running=True closed=False debug=False>
           └ <asyncio.runners.Runner object at 0x7980cf8763c0>
  File "/usr/local/lib/python3.13/asyncio/base_events.py", line 712, in run_until_complete
    self.run_forever()
    │    └ <function BaseEventLoop.run_forever at 0x7980d2f7fd80>
    └ <_UnixSelectorEventLoop running=True closed=False debug=False>
  File "/usr/local/lib/python3.13/asyncio/base_events.py", line 683, in run_forever
    self._run_once()
    │    └ <function BaseEventLoop._run_once at 0x7980d2f85bc0>
    └ <_UnixSelectorEventLoop running=True closed=False debug=False>
  File "/usr/local/lib/python3.13/asyncio/base_events.py", line 2060, in _run_once
    handle._run()
    │      └ <function Handle._run at 0x7980d3e2f880>
    └ <Handle Task.task_wakeup()>
  File "/usr/local/lib/python3.13/asyncio/events.py", line 89, in _run
    self._context.run(self._callback, *self._args)
    │    │            │    │           │    └ <member '_args' of 'Handle' objects>
    │    │            │    │           └ <Handle Task.task_wakeup()>
    │    │            │    └ <member '_callback' of 'Handle' objects>
    │    │            └ <Handle Task.task_wakeup()>
    │    └ <member '_context' of 'Handle' objects>
    └ <Handle Task.task_wakeup()>
  File "/usr/local/lib/python3.13/site-packages/anyio/_core/_tasks.py", line 275, in _run_coro
    retval = await self._coro
                   │    └ <member '_coro' of 'TaskHandle' objects>
                   └ <TaskHandle pending name='anyio.from_thread.BlockingPortal._call_func' coro=<coroutine object BlockingPortal._call_func at 0x...
  File "/usr/local/lib/python3.13/site-packages/anyio/from_thread.py", line 263, in _call_func
    retval = await retval_or_awaitable
                   └ <coroutine object FastAPI.__call__ at 0x7980cf82f970>
  File "/usr/local/lib/python3.13/site-packages/fastapi/applications.py", line 1163, in __call__
    await super().__call__(scope, receive, send)
                           │      │        └ <function _TestClientTransport.handle_request.<locals>.send at 0x7980cf86dbc0>
                           │      └ <function _TestClientTransport.handle_request.<locals>.receive at 0x7980d30c1e40>
                           └ {'type': 'http', 'http_version': '1.1', 'method': 'GET', 'path': '/api/v1/auth/me', 'raw_path': b'/api/v1/auth/me', 'root_pat...
  File "/usr/local/lib/python3.13/site-packages/starlette/applications.py", line 90, in __call__
    await self.middleware_stack(scope, receive, send)
          │    │                │      │        └ <function _TestClientTransport.handle_request.<locals>.send at 0x7980cf86dbc0>
          │    │                │      └ <function _TestClientTransport.handle_request.<locals>.receive at 0x7980d30c1e40>
          │    │                └ {'type': 'http', 'http_version': '1.1', 'method': 'GET', 'path': '/api/v1/auth/me', 'raw_path': b'/api/v1/auth/me', 'root_pat...
          │    └ <starlette.middleware.errors.ServerErrorMiddleware object at 0x7980cf877770>
          └ <fastapi.applications.FastAPI object at 0x7980cfd4aba0>
> File "/usr/local/lib/python3.13/site-packages/starlette/middleware/errors.py", line 164, in __call__
    await self.app(scope, receive, _send)
          │    │   │      │        └ <function ServerErrorMiddleware.__call__.<locals>._send at 0x7980cf7040e0>
          │    │   │      └ <function _TestClientTransport.handle_request.<locals>.receive at 0x7980d30c1e40>
          │    │   └ {'type': 'http', 'http_version': '1.1', 'method': 'GET', 'path': '/api/v1/auth/me', 'raw_path': b'/api/v1/auth/me', 'root_pat...
          │    └ <app.middleware.logging.LoggingAndTrackingMiddleware object at 0x7980cf877620>
          └ <starlette.middleware.errors.ServerErrorMiddleware object at 0x7980cf877770>
  File "/usr/local/lib/python3.13/site-packages/starlette/middleware/base.py", line 193, in __call__
    response = await self.dispatch_func(request, call_next)
                     │    │             │        └ <function BaseHTTPMiddleware.__call__.<locals>.call_next at 0x7980cf7042c0>
                     │    │             └ <starlette.middleware.base._CachedRequest object at 0x7980cf71d7f0>
                     │    └ <bound method LoggingAndTrackingMiddleware.dispatch of <app.middleware.logging.LoggingAndTrackingMiddleware object at 0x7980c...
                     └ <app.middleware.logging.LoggingAndTrackingMiddleware object at 0x7980cf877620>

  File "/workspace/app/middleware/logging.py", line 30, in dispatch
    raise e

  File "/workspace/app/middleware/logging.py", line 23, in dispatch
    response = await call_next(request)
                     │         └ <starlette.middleware.base._CachedRequest object at 0x7980cf71d7f0>
                     └ <function BaseHTTPMiddleware.__call__.<locals>.call_next at 0x7980cf7042c0>

  File "/usr/local/lib/python3.13/site-packages/starlette/middleware/base.py", line 168, in call_next
    raise app_exc from app_exc.__cause__ or app_exc.__context__
          │            │       │            │       └ <attribute '__context__' of 'BaseException' objects>
          │            │       │            └ 1 validation error for UserMeResponse
          │            │       │              profile.id
          │            │       │                UUID input should be a string, bytes or UUID object [type=uuid_type, input...
          │            │       └ <attribute '__cause__' of 'BaseException' objects>
          │            └ 1 validation error for UserMeResponse
          │              profile.id
          │                UUID input should be a string, bytes or UUID object [type=uuid_type, input...
          └ 1 validation error for UserMeResponse
            profile.id
              UUID input should be a string, bytes or UUID object [type=uuid_type, input...
  File "/usr/local/lib/python3.13/site-packages/starlette/middleware/base.py", line 144, in coro
    await self.app(scope, receive_or_disconnect, send_no_error)
          │    │   │      │                      └ <function BaseHTTPMiddleware.__call__.<locals>.call_next.<locals>.send_no_error at 0x7980cf704ea0>
          │    │   │      └ <function BaseHTTPMiddleware.__call__.<locals>.call_next.<locals>.receive_or_disconnect at 0x7980cf704e00>
          │    │   └ {'type': 'http', 'http_version': '1.1', 'method': 'GET', 'path': '/api/v1/auth/me', 'raw_path': b'/api/v1/auth/me', 'root_pat...
          │    └ <starlette.middleware.cors.CORSMiddleware object at 0x7980cf8774d0>
          └ <app.middleware.logging.LoggingAndTrackingMiddleware object at 0x7980cf877620>
  File "/usr/local/lib/python3.13/site-packages/starlette/middleware/cors.py", line 88, in __call__
    await self.app(scope, receive, send)
          │    │   │      │        └ <function BaseHTTPMiddleware.__call__.<locals>.call_next.<locals>.send_no_error at 0x7980cf704ea0>
          │    │   │      └ <function BaseHTTPMiddleware.__call__.<locals>.call_next.<locals>.receive_or_disconnect at 0x7980cf704e00>
          │    │   └ {'type': 'http', 'http_version': '1.1', 'method': 'GET', 'path': '/api/v1/auth/me', 'raw_path': b'/api/v1/auth/me', 'root_pat...
          │    └ <starlette.middleware.exceptions.ExceptionMiddleware object at 0x7980cf877380>
          └ <starlette.middleware.cors.CORSMiddleware object at 0x7980cf8774d0>
  File "/usr/local/lib/python3.13/site-packages/starlette/middleware/exceptions.py", line 63, in __call__
    await wrap_app_handling_exceptions(self.app, conn)(scope, receive, send)
          │                            │    │    │     │      │        └ <function BaseHTTPMiddleware.__call__.<locals>.call_next.<locals>.send_no_error at 0x7980cf704ea0>
          │                            │    │    │     │      └ <function BaseHTTPMiddleware.__call__.<locals>.call_next.<locals>.receive_or_disconnect at 0x7980cf704e00>
          │                            │    │    │     └ {'type': 'http', 'http_version': '1.1', 'method': 'GET', 'path': '/api/v1/auth/me', 'raw_path': b'/api/v1/auth/me', 'root_pat...
          │                            │    │    └ <starlette.requests.Request object at 0x7980cf71da90>
          │                            │    └ <fastapi.middleware.asyncexitstack.AsyncExitStackMiddleware object at 0x7980cf877230>
          │                            └ <starlette.middleware.exceptions.ExceptionMiddleware object at 0x7980cf877380>
          └ <function wrap_app_handling_exceptions at 0x7980d26d7560>
  File "/usr/local/lib/python3.13/site-packages/starlette/_exception_handler.py", line 53, in wrapped_app
    raise exc
  File "/usr/local/lib/python3.13/site-packages/starlette/_exception_handler.py", line 42, in wrapped_app
    await app(scope, receive, sender)
          │   │      │        └ <function wrap_app_handling_exceptions.<locals>.wrapped_app.<locals>.sender at 0x7980cf705120>
          │   │      └ <function BaseHTTPMiddleware.__call__.<locals>.call_next.<locals>.receive_or_disconnect at 0x7980cf704e00>
          │   └ {'type': 'http', 'http_version': '1.1', 'method': 'GET', 'path': '/api/v1/auth/me', 'raw_path': b'/api/v1/auth/me', 'root_pat...
          └ <fastapi.middleware.asyncexitstack.AsyncExitStackMiddleware object at 0x7980cf877230>
  File "/usr/local/lib/python3.13/site-packages/fastapi/middleware/asyncexitstack.py", line 18, in __call__
    await self.app(scope, receive, send)
          │    │   │      │        └ <function wrap_app_handling_exceptions.<locals>.wrapped_app.<locals>.sender at 0x7980cf705120>
          │    │   │      └ <function BaseHTTPMiddleware.__call__.<locals>.call_next.<locals>.receive_or_disconnect at 0x7980cf704e00>
          │    │   └ {'type': 'http', 'http_version': '1.1', 'method': 'GET', 'path': '/api/v1/auth/me', 'raw_path': b'/api/v1/auth/me', 'root_pat...
          │    └ <fastapi.routing.APIRouter object at 0x7980cf8928b0>
          └ <fastapi.middleware.asyncexitstack.AsyncExitStackMiddleware object at 0x7980cf877230>
  File "/usr/local/lib/python3.13/site-packages/starlette/routing.py", line 660, in __call__
    await self.middleware_stack(scope, receive, send)
          │    │                │      │        └ <function wrap_app_handling_exceptions.<locals>.wrapped_app.<locals>.sender at 0x7980cf705120>
          │    │                │      └ <function BaseHTTPMiddleware.__call__.<locals>.call_next.<locals>.receive_or_disconnect at 0x7980cf704e00>
          │    │                └ {'type': 'http', 'http_version': '1.1', 'method': 'GET', 'path': '/api/v1/auth/me', 'raw_path': b'/api/v1/auth/me', 'root_pat...
          │    └ <bound method APIRouter.app of <fastapi.routing.APIRouter object at 0x7980cf8928b0>>
          └ <fastapi.routing.APIRouter object at 0x7980cf8928b0>
  File "/usr/local/lib/python3.13/site-packages/fastapi/routing.py", line 2685, in app
    await route.handle(scope, receive, send)
          │     │      │      │        └ <function wrap_app_handling_exceptions.<locals>.wrapped_app.<locals>.sender at 0x7980cf705120>
          │     │      │      └ <function BaseHTTPMiddleware.__call__.<locals>.call_next.<locals>.receive_or_disconnect at 0x7980cf704e00>
          │     │      └ {'type': 'http', 'http_version': '1.1', 'method': 'GET', 'path': '/api/v1/auth/me', 'raw_path': b'/api/v1/auth/me', 'root_pat...
          │     └ <function _IncludedRouter.handle at 0x7980d2722020>
          └ _IncludedRouter(original_router=<fastapi.routing.APIRouter object at 0x7980d0a1a510>, include_context=_RouterIncludeContext(i...
  File "/usr/local/lib/python3.13/site-packages/fastapi/routing.py", line 1766, in handle
    await self.original_router.handle(scope, receive, send)
          │    │               │      │      │        └ <function wrap_app_handling_exceptions.<locals>.wrapped_app.<locals>.sender at 0x7980cf705120>
          │    │               │      │      └ <function BaseHTTPMiddleware.__call__.<locals>.call_next.<locals>.receive_or_disconnect at 0x7980cf704e00>
          │    │               │      └ {'type': 'http', 'http_version': '1.1', 'method': 'GET', 'path': '/api/v1/auth/me', 'raw_path': b'/api/v1/auth/me', 'root_pat...
          │    │               └ <function APIRouter.handle at 0x7980d2723ec0>
          │    └ <fastapi.routing.APIRouter object at 0x7980d0a1a510>
          └ _IncludedRouter(original_router=<fastapi.routing.APIRouter object at 0x7980d0a1a510>, include_context=_RouterIncludeContext(i...
  File "/usr/local/lib/python3.13/site-packages/fastapi/routing.py", line 2740, in handle
    await included_router._handle_selected(scope, receive, send)
          │               │                │      │        └ <function wrap_app_handling_exceptions.<locals>.wrapped_app.<locals>.sender at 0x7980cf705120>
          │               │                │      └ <function BaseHTTPMiddleware.__call__.<locals>.call_next.<locals>.receive_or_disconnect at 0x7980cf704e00>
          │               │                └ {'type': 'http', 'http_version': '1.1', 'method': 'GET', 'path': '/api/v1/auth/me', 'raw_path': b'/api/v1/auth/me', 'root_pat...
          │               └ <function _IncludedRouter._handle_selected at 0x7980d27220c0>
          └ _IncludedRouter(original_router=<fastapi.routing.APIRouter object at 0x7980d0a1a510>, include_context=_RouterIncludeContext(i...
  File "/usr/local/lib/python3.13/site-packages/fastapi/routing.py", line 1786, in _handle_selected
    await original_route.handle(scope, receive, send)
          │              │      │      │        └ <function wrap_app_handling_exceptions.<locals>.wrapped_app.<locals>.sender at 0x7980cf705120>
          │              │      │      └ <function BaseHTTPMiddleware.__call__.<locals>.call_next.<locals>.receive_or_disconnect at 0x7980cf704e00>
          │              │      └ {'type': 'http', 'http_version': '1.1', 'method': 'GET', 'path': '/api/v1/auth/me', 'raw_path': b'/api/v1/auth/me', 'root_pat...
          │              └ <function APIRoute.handle at 0x7980d27200e0>
          └ APIRoute(path='/auth/me', name='get_me', methods=['GET'])
  File "/usr/local/lib/python3.13/site-packages/fastapi/routing.py", line 1265, in handle
    await app(scope, receive, send)
          │   │      │        └ <function wrap_app_handling_exceptions.<locals>.wrapped_app.<locals>.sender at 0x7980cf705120>
          │   │      └ <function BaseHTTPMiddleware.__call__.<locals>.call_next.<locals>.receive_or_disconnect at 0x7980cf704e00>
          │   └ {'type': 'http', 'http_version': '1.1', 'method': 'GET', 'path': '/api/v1/auth/me', 'raw_path': b'/api/v1/auth/me', 'root_pat...
          └ <function request_response.<locals>.app at 0x7980cf7051c0>
  File "/usr/local/lib/python3.13/site-packages/fastapi/routing.py", line 151, in app
    await wrap_app_handling_exceptions(app, request)(scope, receive, send)
          │                            │    │        │      │        └ <function wrap_app_handling_exceptions.<locals>.wrapped_app.<locals>.sender at 0x7980cf705120>
          │                            │    │        │      └ <function BaseHTTPMiddleware.__call__.<locals>.call_next.<locals>.receive_or_disconnect at 0x7980cf704e00>
          │                            │    │        └ {'type': 'http', 'http_version': '1.1', 'method': 'GET', 'path': '/api/v1/auth/me', 'raw_path': b'/api/v1/auth/me', 'root_pat...
          │                            │    └ <starlette.requests.Request object at 0x7980cf709950>
          │                            └ <function request_response.<locals>.app.<locals>.app at 0x7980cf705260>
          └ <function wrap_app_handling_exceptions at 0x7980d26d7560>
  File "/usr/local/lib/python3.13/site-packages/starlette/_exception_handler.py", line 53, in wrapped_app
    raise exc
  File "/usr/local/lib/python3.13/site-packages/starlette/_exception_handler.py", line 42, in wrapped_app
    await app(scope, receive, sender)
          │   │      │        └ <function wrap_app_handling_exceptions.<locals>.wrapped_app.<locals>.sender at 0x7980cf7053a0>
          │   │      └ <function BaseHTTPMiddleware.__call__.<locals>.call_next.<locals>.receive_or_disconnect at 0x7980cf704e00>
          │   └ {'type': 'http', 'http_version': '1.1', 'method': 'GET', 'path': '/api/v1/auth/me', 'raw_path': b'/api/v1/auth/me', 'root_pat...
          └ <function request_response.<locals>.app.<locals>.app at 0x7980cf705260>
  File "/usr/local/lib/python3.13/site-packages/fastapi/routing.py", line 137, in app
    response = await f(request)
                     │ └ <starlette.requests.Request object at 0x7980cf709950>
                     └ <function get_request_handler.<locals>.app at 0x7980cf86dee0>
  File "/usr/local/lib/python3.13/site-packages/fastapi/routing.py", line 691, in app
    raw_response = await run_endpoint_function(
                         └ <function run_endpoint_function at 0x7980d2717420>
  File "/usr/local/lib/python3.13/site-packages/fastapi/routing.py", line 345, in run_endpoint_function
    return await dependant.call(**values)
                 │         │      └ {'current_user': <app.database.models.User object at 0x7980d336eba0>, 'db': <MagicMock spec='AsyncSession' id='13359414960076...
                 │         └ <function get_me at 0x7980cfe6cc20>
                 └ Dependant(path_params=[], query_params=[], header_params=[], cookie_params=[], body_params=[], dependencies=[Dependant(path_p...

  File "/workspace/app/api/auth/router.py", line 197, in get_me
    data=UserMeResponse.model_validate(user)
         │              │              └ <app.database.models.User object at 0x7980d336eba0>
         │              └ <classmethod(<function BaseModel.model_validate at 0x7980d314b920>)>
         └ <class 'app.schemas.auth.UserMeResponse'>

  File "/usr/local/lib/python3.13/site-packages/pydantic/main.py", line 732, in model_validate
    return cls.__pydantic_validator__.validate_python(
           │   │                      └ <method 'validate_python' of 'pydantic_core._pydantic_core.SchemaValidator' objects>
           │   └ SchemaValidator(title="UserMeResponse", validator=Model(
           │         ModelValidator {
           │             revalidate: Never,
           │             validator: M...
           └ <class 'app.schemas.auth.UserMeResponse'>

pydantic_core._pydantic_core.ValidationError: 1 validation error for UserMeResponse
profile.id
  UUID input should be a string, bytes or UUID object [type=uuid_type, input_value=None, input_type=NoneType]
    For further information visit https://errors.pydantic.dev/2.13/v/uuid_type
2026-07-19 11:16:34.109 | CRITICAL | main:lifespan:46 - Failed to ping Redis broker: Event loop is closed
2026-07-19 11:16:34.691 | CRITICAL | main:lifespan:46 - Failed to ping Redis broker: Event loop is closed
2026-07-19 11:16:35.201 | CRITICAL | main:lifespan:46 - Failed to ping Redis broker: Event loop is closed
2026-07-19 11:16:35.654 | CRITICAL | main:lifespan:46 - Failed to ping Redis broker: Event loop is closed
2026-07-19 11:16:50.277 | CRITICAL | main:lifespan:46 - Failed to ping Redis broker: Event loop is closed
2026-07-19 11:16:50.835 | CRITICAL | main:lifespan:46 - Failed to ping Redis broker: Event loop is closed
2026-07-19 11:16:51.362 | CRITICAL | main:lifespan:46 - Failed to ping Redis broker: Event loop is closed
2026-07-19 11:16:51.956 | CRITICAL | main:lifespan:46 - Failed to ping Redis broker: Event loop is closed
